id,salary_mean_net
46224201,85377.36804493218
42119402,54192.64007110485
45716401,27018.374042585616
43716203,19593.394724206468
47109602,47438.827864835854
45507200,26481.01561516792
41123802,47354.69248797945
49155602,50545.877552007296
41169603,34659.91638496029
48041400,88054.66016067492
44627400,68490.31067454499
41904800,49732.789202410524
49037402,57472.34505193837
46778401,30803.75280667407
49970601,30689.484124512655
46875401,51601.07693395007
43416200,25541.3686048652
41717000,55339.533338860194
47784201,48569.19383972924
48823400,50263.27172066732
46711002,46589.11958243625
45307201,24002.03198457619
44298402,34210.773093012926
46487402,47116.00935515354
47184800,131472.74756009353
44145003,63128.75930789104
49904402,70445.238003995
44032600,42936.280455592845
44374402,22370.260183661638
44402003,50493.68157030769
42970002,75365.45008166316
43892802,45484.22794814916
49155400,47441.79768878447
48131602,54779.57196045271
47830601,53141.82665996386
40956402,68689.60692642811
41839203,116117.8022201663
43643803,28859.109492321706
48574401,45624.9108026554
45808400,22521.14604478419
45119403,99291.57750417304
44271402,31194.01038078221
44880601,54041.59216416267
42208202,57809.71555968513
44322800,71402.07554766054
42892600,15248.856145703176
46480801,35906.755072629094
49197202,45298.939956568414
46631001,74475.74168576184
41294803,24907.482249277644
48400801,70973.45287746117
49960000,47643.795931498345
44190402,88586.33303746677
47235200,33433.43391045804
49190402,53922.14088443345
48081202,106544.10437001393
45428802,24174.79439211818
49733402,50327.026744334
47551801,30355.687238315975
49141202,30995.38256272004
46583000,46157.56011505422
44898201,52324.010616251115
44255802,43472.488014293165
44659000,22542.959250480213
40826602,63534.23842849984
41268203,15963.017972894515
45078001,17654.630180633816
41368002,17548.878932557694
46702600,24333.538790855855
48921201,80249.32885947474
42480800,52717.87868546189
41982003,75603.88676889427
49052200,65781.83489531072
47522802,46410.67884082685
45581000,35648.25068548782
45919600,61717.93418139268
44522603,70794.14428077592
41337402,20171.33825705647
45155202,19241.643358647256
41238800,11559.725007074238
45261402,22313.32031050171
44986003,27935.929262390164
42474603,55894.13723122988
41699802,70843.10939716523
45672802,60331.24606117755
49818601,32987.445850980264
47142202,30203.555288581374
46217400,51174.58135221104
44279201,36367.72220886506
49418400,44559.51631617387
42452603,71997.80154223977
46243002,32553.73013945432
43363403,55644.277720538674
44945201,67890.84595937413
43750202,54967.869121707074
48944200,52137.3168100093
41822202,69551.86084280917
43997600,30958.147932652635
48834200,64416.63790845294
47010601,37135.94670322171
45556602,65206.71579360777
49398201,35424.25321315127
41385400,15225.555791417828
45586802,31294.81723367998
45942801,75439.10575028433
44666203,63688.5486254643
45663201,100102.87435683288
44327002,35527.50661620578
44225603,69894.36748900208
41747002,66210.02935150696
42447202,32149.036679802368
41094202,49117.24690429884
46445202,64150.94313018909
43980600,60927.40068272296
47902401,34421.36557512505
42464202,21542.532802751128
44950601,72792.08932214134
48139402,100914.93396932911
45203603,109031.0416911995
46815002,23988.85407076573
42797000,85012.51515260161
42130800,58960.967504987704
43836402,13772.96830140776
42298200,42483.39752447465
42293203,27367.228347971082
44361002,61471.138357046744
44638600,68001.23358468463
49456000,50704.42003377262
44419601,54993.31644398937
43997601,45505.04843236848
40927202,54294.23918169959
41503802,39434.341333307166
47476801,50412.26330906373
45488203,77798.06863583242
44266801,67305.57678756113
48837000,52475.49371448468
43807800,28640.639957091924
47106802,18001.00155895194
41391802,41357.5361091942
44343000,50212.088145949296
42489602,47834.74692705334
47035800,44644.81848119472
46356201,58385.489951403186
49235401,49009.35908188834
43106603,92881.1953406095
48584002,58971.77870573312
45466402,46975.568034329364
42252403,42346.49157755225
47639000,35996.07840876728
45906001,64272.75794510599
49722200,30161.552150842617
41518003,71979.14956610181
42385403,43452.79533926479
45510201,60893.67126003442
49860200,50303.08059930254
47748201,42253.605721503554
43503002,72279.4866174294
49121201,47594.73372616146
41278802,26543.604914165386
46488201,38986.703434710784
44357601,32675.573477774567
45329003,45422.84000774905
46121201,102485.33079373333
44534403,32431.99142862373
47439200,24446.678460022908
41439802,92490.21935966755
43174802,84513.87028527382
46571201,31333.202162721158
44396601,52962.461417597304
42916803,88663.17811945778
46556402,46320.59625643589
49299802,50377.66701289751
46320401,40808.20914847889
41349003,17019.40991535934
44385800,27154.34014502704
46565000,77963.82925395606
49856402,49715.388806524046
47026802,76301.83407818357
47281400,35885.62529529452
43571000,66741.09844112214
47264400,84783.25923999408
49762201,60420.207008722544
49539601,48574.50696337994
47023001,75022.21528155751
47805400,36122.663932253665
42503802,15285.291697474873
44903800,76571.24981902562
45184201,47409.013429170795
46244802,56869.22286522954
44987603,46565.5761892237
48334202,56038.19892644542
46710602,27816.701470114196
46103000,30370.872758946687
49332202,34645.20981389408
49018201,79815.5955858019
46759001,45112.92724223282
43486802,37051.98136949062
47335801,84920.01503039381
45229202,54490.14936557767
42649803,74623.20418072818
49143000,31208.957553322412
48893000,30458.594881279518
46859202,79372.52525628581
42136803,29714.501740920303
41181002,44631.71907143522
44475001,76942.70642327303
44348603,42709.33821237901
47003402,57290.20812444403
43618002,63441.39142406873
48296600,54095.415738248026
47038401,39088.79961346675
49145602,54148.662724844515
45244600,67201.61559264436
47963001,50055.78471510937
49631202,65758.00501619668
42867802,71227.66461106788
46826401,30021.757917786425
49336801,27592.029369107833
41301202,27419.352740083494
45697401,60688.70552816524
46021400,48884.37928414513
44352203,33097.35237772218
43840000,37930.99815722951
41874200,70469.86930613554
45129202,32432.662560617628
43415203,41980.59714811455
45648801,98212.11533325378
43103800,65566.48147543738
46788401,80270.99319924379
42085403,53209.34629253441
45373603,20496.803988504988
43082003,54216.4307174421
46171601,57691.13245365993
42831203,63638.560495029866
46689201,69259.44478529456
44785201,47930.40838094053
46367001,71044.42056192107
44117600,42457.69716673187
45338002,42060.85872402508
47507602,93528.73433182362
43644400,93890.97766602524
41405403,58300.33993133954
45093403,40874.04266675579
45870402,79633.47424320079
49833800,62350.48233570542
48925600,18089.09273002306
42474402,52630.10985195863
45784603,54866.802517962606
49955802,47642.54244329435
42199400,52346.12783714586
49847402,43045.18819547037
45968402,104426.39511377149
42683200,24508.17945746259
47870200,93437.9880886286
44719001,86804.46740183269
45330402,70281.91568539798
47201802,30928.331795887643
49925802,42083.14957843267
40996602,41048.125759924005
49929802,32608.916002006335
47711002,104750.13668006251
46575200,80494.4802905943
41815802,53116.17148807563
45048400,78792.8238056708
47075802,29014.92068356929
46943401,43863.78983862978
47565000,50360.926230871955
45462803,66462.21333016528
49623200,84289.90882594307
45962201,52296.51771152793
45931001,60368.38602579195
43517803,46815.425431479685
43553400,31327.03184060623
48184802,65319.16191393147
46683802,38612.655100466014
44930800,45219.4267377799
44074202,47020.52378695296
48191602,13895.57137426531
45958800,29423.485925799934
48842400,67562.0624189512
45414801,105862.95817453031
45767602,64755.72819128992
41082600,54533.31447928319
49807800,48927.435472868856
42515600,118420.1420946213
47980600,63867.3740610115
48467400,32248.21741332875
44733603,49305.30172430475
49775800,78834.63200582383
45906601,54400.360504957185
48172401,43966.81535974025
46388400,45742.46245245789
48566601,50082.2177983016
43549203,25922.399634733854
47680001,51048.651103555094
49464600,49963.89703339819
46357200,77802.7145742855
41941600,28798.428106064195
47069602,57594.06830266267
48789002,46486.38213822934
42849403,97402.46843654383
42421000,73818.69735823743
45538402,74837.02600435761
47932802,45303.831422645686
46972800,38313.41757930323
42018803,40822.236183447145
44280401,96507.68479089273
47428400,54390.532392759684
46006402,135910.85806132128
46784202,43667.54186841013
48568000,53371.7480278619
44073803,76226.97618212177
43262800,46161.13385327469
49901800,83666.85965797404
45261202,60641.202794989804
49168400,41605.36533020182
49770601,48300.58862295558
45477602,45471.61541493296
47297802,86084.69849330271
46899401,100589.59583223396
45612003,68242.48225594574
48756602,73499.17110733823
42776803,31907.344665671797
49858600,56692.37648629412
49174401,35925.50647177451
42772402,44130.75268357499
43129802,26097.74526688639
49519001,32121.1874105352
43622800,75005.51215032605
49482602,63646.301048219466
49972202,88524.23292747379
42459600,75546.66294214109
43603602,50383.20911562079
41775400,80000.36549171756
42630203,69545.10117451024
45166601,63717.12086847208
43040403,41718.21087599603
43630403,76319.59318151743
44806001,70456.42959989086
44696202,38106.827857202945
43512202,29556.920530839707
41634202,18686.33992169689
42960803,61157.35612281072
46327600,46771.74588211898
45595800,50136.30217902928
46498200,57245.99526429129
42406803,47066.76429999421
41110200,50905.60701382637
45393001,37752.35063721873
42895403,33479.87786045807
49837601,24750.930575063066
40857003,42075.424999200986
42935402,70870.04612147374
41923002,37775.1028456207
42208402,38972.74296160375
46974201,34120.8019423598
43269800,59525.473744330215
40997000,100609.34653199816
46979200,46714.161710090004
47270400,71613.53390376028
45927400,27864.29637212659
48557001,110573.17561325544
44972200,55955.12830441557
41119602,34711.06829034258
47353000,31697.36766319616
46813602,31662.53513566155
47997201,42798.832515348564
46946601,95115.02092814
46387800,29425.919790867967
48712201,51854.993300107606
48221002,27863.827315368413
41053403,60976.185104302116
42243003,47336.03925613965
44636400,30333.41271794815
49100802,45835.93088484412
47920600,33381.28547226038
48827002,49347.81066965915
45698201,33409.075208561495
45879600,47932.528146808356
43425000,55194.91100968993
47525202,53872.01612460872
41924200,54179.81286855151
48105401,60026.778491725614
41100603,41749.872481832295
46949600,47641.44002017475
41726802,65147.742746110336
49039600,27245.805928479822
49592600,21121.10266907214
45134402,29216.85615781567
41508200,21096.51397495032
49893200,21888.193779597954
45114200,53724.21749473319
44794003,65131.12803417034
44670402,27860.848870129885
48034601,46139.55516433175
43512000,43794.00109053285
44770200,11986.30119290157
43404200,52097.071814205585
49891801,71187.52185380686
46197002,26547.09352350457
48430400,40294.857366873825
45153002,21731.180309845724
49878400,51195.14268488375
41876403,44321.310259504404
41257200,32280.549175714965
41403402,47434.59976696192
43593803,37172.54992616801
49852200,44106.403688494756
48647001,51464.01957412593
42543003,46357.72413123563
45240801,32973.19323695855
41310003,15360.978425074587
42596000,57371.92687077359
45554201,50534.188707984
46384401,47824.33710512934
42649602,59949.29931890913
49974000,40201.008849074715
47498802,23019.271714667135
41617200,31244.03184786382
44663201,68876.01826789814
46568402,48124.28580734933
43820000,50943.16275158605
47515200,52655.26748024461
48349800,26834.241441383165
47560400,41525.14077199756
46774201,35508.52203179125
48445000,51571.595101364815
47955400,61907.1544644369
45667002,59713.57602012532
44907201,50963.16918773878
47835802,29764.375426185226
41844603,33822.80514941388
48019001,25264.418352225657
42241200,91092.15565995415
46798201,46535.6485830458
46867800,42052.933076531146
49782401,36833.140297074366
41250603,37361.005893166046
48238801,86963.03397760022
49831001,39326.50779499742
44175601,59816.16768129934
46667601,55176.07104564647
46697000,51611.915297227955
41899403,31997.456873733077
47280002,75697.26136505528
45433000,95404.7944314388
44357202,21625.286249812205
44313203,25627.55341367646
43894800,63660.637141198735
47863202,58589.88230191226
43935203,42116.35912558549
43069600,43346.37340254741
42568202,21757.709407823415
49973400,97309.2897026006
44006200,30035.93872028805
46531201,61544.08471090318
43988802,63185.54108708354
44991003,68804.63685121287
46315801,35668.54909083812
45611401,73093.28418444304
45983200,53853.533884836725
49894800,72747.22200016737
41254600,18770.324194892695
45797803,42283.96801161852
43599603,93992.80007209316
42079800,31765.596013722945
45481000,38013.48303463016
46734201,38591.00309615892
43726402,55759.38865055937
49077401,35603.682366719484
43064200,94105.6522478869
46705400,52942.67402350489
44253800,29240.101488496082
46599200,20582.960855234625
45723401,53363.69653248444
48338000,55654.350168805075
41681203,53010.656597652734
42197600,49618.05897752657
41713202,39311.09341537985
44136801,36212.70424343605
40885603,25371.461292646425
43643600,36317.21305066903
44897401,96838.61212568844
45800002,40540.72093379891
46858601,87315.5098520646
44228800,41413.87635382549
47747800,83141.74463325829
49766802,13967.359875662783
48276802,54825.47856399669
44972602,28007.017297820632
46142800,51222.36597383529
41561803,52365.60294705628
45886602,127486.64177547669
49359602,65272.02356063017
45062002,32765.762859404513
47485402,36808.09067205195
48614002,30125.90657456612
45887000,85185.13055181327
46830001,41395.50991066071
47032201,47770.10843136832
44652002,114838.5250169495
48781000,28080.01183288637
46265800,18515.15379551003
41408802,74241.0732322812
46269400,37819.05779319009
49027002,35278.810193406505
48777802,103254.0632356325
49095402,92968.15942718751
42455803,69913.14915715466
45099203,47522.53699615442
44972801,62978.901348407344
46798601,86725.49815711373
49685401,58981.46705880121
45298401,43377.661563595844
44207203,46222.17251858163
44020803,19487.335176349232
43347800,79104.8075124198
48842001,73515.32049021675
47034201,59269.01584159264
41771403,52453.02983666968
42797803,71528.46981433265
45625802,44955.66573009498
41526600,44565.565031629114
45397003,58339.814346272244
42679802,52321.90239861337
44974800,41785.32363540346
49884200,57909.41359491611
45406802,70446.74496771191
41286203,94241.19354105832
49211002,42695.16593355033
47718402,65412.4729843615
45161402,51443.41611418072
46942800,97414.99018145315
46194800,52075.77012638594
41640803,61018.68349543214
48859602,51426.54742106584
44882401,38522.405597423356
42448603,30142.501303149926
46715200,49550.690991617805
44656800,36399.01855450154
49129600,33716.21185022406
48133602,46788.36113377759
45639803,21281.402304572992
44116200,23403.321955818472
40980802,28865.36236001134
46394000,25138.270395694453
45708002,20478.391341330258
45033403,62675.3868265319
42260200,67953.09296572754
49251202,46915.88419392016
45283001,74698.5871382221
47012400,70417.58342512272
42827203,139040.00181592375
49633602,68123.96060646829
46699402,37163.51986516143
47166402,54092.15088548304
45770403,26916.199568747434
48768202,66831.31613092539
49316200,34049.366876282766
45117002,12295.967716366999
47899001,37836.76565524713
40923600,96940.63564921239
44942403,55210.343612790784
44572003,54333.690406489
49758801,76976.22665137044
46076200,62681.020906665944
43220003,63063.30578037083
42229003,62428.266326555546
43815402,40795.28180807279
46833201,94836.80523102876
41043802,70838.66896601861
40862200,64157.123439819596
43330800,60031.418853502284
44864200,39373.3289064354
45662600,42161.91584926237
46196000,55164.94993431035
42740200,48357.616187208856
46670600,81200.61649048234
48132400,28728.478477805245
48445002,53354.45844110093
46667202,66445.7798848841
42547800,34094.03969852148
45013402,39395.0573273039
41186003,33948.47313688165
44603601,58601.28217884866
44326001,23096.051533249884
41390603,32445.40365998026
42696002,51753.096975181805
40863000,70875.0868631324
48898401,51928.57972546171
44251200,32690.917159263125
49927000,33100.26874249858
47307601,107410.50424889332
46382402,27463.497153675
47713800,54212.87886822148
41177803,15040.769257933891
46083802,54985.58906157483
45404003,62899.06979112868
49572201,41631.198141519366
45703203,59917.338988786156
48645600,68704.36062695626
42866602,31520.59298685077
42968402,89046.49088991506
48734400,32101.049261199507
47279602,38176.47102576393
45585603,52020.475197751235
44665001,54471.24648879156
46262802,80078.42444242297
46574401,19426.34108770836
48900801,79436.68301267098
47072400,100170.0121187575
41145003,62053.91779305521
45486001,29040.691757714776
45427402,59063.71182175361
42317200,53604.46410395614
45294403,58190.15938029533
49324402,79703.96111745309
43509003,31863.422049392662
45988400,67549.93662172146
46888201,28477.921856483445
42311403,69405.24138075385
48167402,21558.557860753288
46678001,32492.1846479849
46414201,35048.78792642013
42248602,32306.54986586249
43523202,39633.222543507814
47160200,52031.72178569462
45732600,23260.583617752658
47102400,32512.725086934384
43377402,65453.37709280418
41163800,32270.401666868107
46040002,35435.95267607985
46022800,70140.23264724424
46607202,21929.283712989964
41000402,69178.79865417563
41253003,26277.947199374983
45796002,35566.01074893837
45144003,24361.52606774029
47704600,31243.36159153738
47753201,109426.66067522732
45664802,35372.40692111336
40929602,22420.306954037616
44968403,35989.27671733281
43822403,39509.58496463124
46825200,41665.0463238449
45883801,40819.52158413069
45137002,28028.35154447623
45167601,31067.71900765078
46581401,64317.47950583747
44931202,45224.241756287236
48246402,54071.002369720474
49285602,91034.3761949024
45497600,75964.21060516154
47760402,17056.86267784077
42606403,19039.030706477664
49527000,51137.41764587766
48161600,20533.565192928167
46903200,108351.56406528526
49915001,29459.11137899054
43992003,42922.298309830745
46250401,95293.50796925684
46418600,49282.34373206654
41710203,75418.3546704727
42495803,35299.281955539554
46955201,94887.50612935456
48209600,21881.67969956225
45196801,45443.44269952223
43508002,55827.01164223287
43489603,69035.3868866765
45733203,29351.114429265835
44572801,56407.33563195118
44925000,85031.9687759986
44506802,27369.269915539146
42947402,51101.58609722171
43970800,41975.36836459124
44176600,70802.42611000736
41178600,26779.672497583735
42627202,48709.68819752472
42629600,61104.9681906627
48501802,79094.0701741918
49517002,45221.162132376085
41589200,37522.705234730856
41725602,33342.82968218582
49675201,39751.70740608473
47546201,38733.40849887788
49823000,24182.176404627877
48242602,90138.21845413183
42241203,58044.40347169342
42259203,27586.645014404145
42445600,42010.03361382971
41267603,31732.866879110312
47808400,23481.89857243679
46390800,58537.49583124937
43826401,50634.320823341324
41837803,26449.851048101707
42959402,49524.880321579694
47284402,55309.06054060626
45448401,72322.43657619218
44605803,54902.16721904105
48264401,59580.64473817854
41130003,44579.87775671878
49036601,63598.01617385868
42499403,74370.52087334318
49741400,44958.59166187195
45539403,52911.28698019505
41424203,62744.7545448787
41046202,68909.51294931241
49188001,45603.916276757154
40890003,26687.32676189782
43129200,35451.21340686915
48212800,37271.180601091204
42644002,43820.00810655079
44136603,59389.38527853513
45628802,37932.00954094166
45919400,37303.36096165156
45300603,53961.24555566979
46883401,46280.99095361183
48569002,25018.65570167663
42019003,75758.92278535018
47617600,88075.34094972291
45497403,61461.4648712988
42698402,99454.91790497786
49192601,35848.919120726714
47320000,98469.67891372967
47534400,109289.54950405852
49945000,47051.65386768688
49997402,63780.17695709264
47616400,41253.78644787975
44827600,49049.80230291991
46955800,85010.00643727923
43684802,24040.561034235987
45120802,65969.56431091746
43338402,63094.4118902105
44974203,63321.02775236246
47147400,50801.2322454978
45644201,87153.39096651689
45864801,28679.156089108546
48713200,47175.04176551069
44391201,67695.50654274183
48501201,21887.309609479133
46869601,93434.20535185238
49709200,90832.97150434466
47687402,66413.89488364868
47090200,100513.12880288456
46103401,83368.67996092275
44782400,65541.2330673119
43758003,27230.250722591583
45005601,30491.35570185235
48629602,40488.47914979661
41904400,46202.3391711195
41209800,36248.58354138893
44292000,67679.25252192514
44936601,56264.028112897766
49657201,67825.50405693524
48127401,41438.517471994615
46344800,44004.94278970528
47757001,33707.36935248024
44046802,56314.96907440803
44134002,56513.785597874295
48867401,43239.460011036455
44100003,39761.35480116636
45627801,71414.23807421878
41580600,88446.3350576387
46415601,37565.55795846162
45308600,54594.17165478834
44188003,33018.17021437609
45173202,77073.41001684256
45138203,51190.53059609141
41549802,27276.72917742923
40912403,43476.805227240955
45220203,33968.53960022111
42392403,56134.70599834798
44730003,39424.12004059204
47550400,78072.24711816343
48794402,37445.16200857835
41738803,29085.883566176824
42416203,27919.623931771734
43123202,26059.724664250774
44532402,42739.63257263599
47891202,60958.724120132516
41353003,30440.68216915887
47081801,45423.83352104571
46793800,88168.2496948498
42794202,58018.30412698553
49430202,27100.433248710884
45806000,82101.8194397345
43474003,108303.52900467851
48226401,76469.08414002522
46697802,101420.80729963098
47896400,29323.69785836942
43648203,52931.69578300984
46820401,78311.98413006133
44588000,44732.35022760552
45542400,72405.52282240536
41302003,32313.314951576423
48323402,56260.34607698135
41221403,32822.66659659918
48795601,42497.0629878442
40816803,40427.325403270435
44353403,42912.65867503053
45492203,38785.91267780482
43145003,73023.36813739836
41285400,18997.08418940923
44522003,29294.401668688435
44636800,75264.05439202952
43719002,27184.601272403183
47288000,39520.66874801014
43879603,32078.748418117422
44743201,11818.94107787036
45438801,23046.79079317428
45360400,23858.337722218464
49265600,29218.243688438008
49484402,44193.939995685636
47297402,103078.28033346731
42513603,44621.266008826904
46776002,54431.86879041153
44142602,36099.146710338915
45136603,67709.80553990706
43355802,27222.948354286687
45052601,35136.18482863504
46098400,60086.780493965256
49290401,46686.386958410265
42104400,80841.32746781102
45067801,77198.65414145963
45695401,48446.4072839804
45815402,57054.25301591779
47391200,41734.732734986224
48750602,73520.78680873927
45406801,37288.89703783029
45140600,89181.60959135299
46732001,30851.693262937
42286203,36468.01176898447
46713401,96008.28759348426
44132602,43087.859596456634
49411600,25400.619817777937
47822400,25433.43901242737
45203803,45869.81885583063
41958800,54598.80498138141
42942803,26204.261153065505
49453400,32417.314503749705
40949402,40327.978002502015
41343802,16254.116238950912
44935801,51926.46576975465
41436400,35403.36379556439
44545801,83550.84552903291
47184402,40530.42716193255
48363800,26671.027226025828
42736802,50719.2090185831
45455002,57698.20571887964
41260002,31994.794905495204
43306800,27618.196858637202
49524001,95790.87534777595
49257202,81474.48881455266
45850401,40332.04125181347
47278202,23082.497781135746
46545800,35271.94104799498
49629000,39938.8439089741
47588000,68208.61318937078
49859200,90205.37813704755
44058001,51341.1632645084
48181602,42292.53608920961
46620402,60167.21796466093
48764400,47315.518811507616
44786603,34794.540167661755
48293201,39426.54131456744
42609003,68030.16254467495
47758601,43068.890904597574
44581201,41839.386141581504
48861202,36439.020021494835
42629402,40286.18159770585
43781202,45669.2355176511
48263602,55247.00128740475
44236802,32549.873196779703
45311002,36033.223579837664
46323800,72897.96020963129
43843000,42446.681816140466
47123002,39532.14460876
44839603,55274.39294615259
46551200,42138.64717216266
42659202,89295.97716557664
42903003,75154.7633779224
46286001,70581.66107589353
47406802,113661.20393653135
49747200,56320.800634602245
48512001,51734.329113945554
49915802,81301.10977585477
44305602,31601.01726945081
41192400,68845.61202151519
49971402,74212.1776446103
47676800,28438.983535677682
44261600,29718.328567638
46523800,53341.3009491949
42539002,84742.46632654163
45673401,63614.24612713584
41587402,42686.65630780494
41135600,85924.46940390386
49868000,52415.671151058166
41634203,18686.33992169689
46978801,76142.91199402872
41659803,16719.43208216536
44954603,87882.82470682287
44439001,39033.65196387738
42804602,77261.07027671418
45692002,48799.144783739684
44091200,37681.3477157396
49860402,66086.7827462747
49359002,95256.56120723393
44632603,53167.171307776865
41738600,68057.56663986057
47476000,36078.66832082468
44176801,14010.127748124803
42801403,59796.92679596052
47077802,23236.202049535146
46097002,34398.241810788546
41651800,38920.1712224149
42165203,67303.20297278084
47272202,56577.21107524047
49814200,48944.94591941139
42521403,53834.18248156271
45303600,54648.39973792527
42265000,62349.894428210246
41938402,21003.89991877009
49604400,54695.26429883938
43055000,112515.88771909065
45209203,46044.44319607461
43341603,38210.03749584572
48083601,25209.107252143884
47216000,46755.11245165885
41192603,69457.91469951665
48447601,61439.3409790395
46755402,97530.00213236327
43656403,43762.96111954766
43609600,40567.42185270041
47011000,18508.848676733825
40966400,113033.41577094886
45806803,32135.14980128512
49394202,50374.48594519091
44796801,75989.11717678557
41722000,34084.02288605358
49311602,59821.96767610287
48840600,65301.72603675658
44083001,17854.597903973357
41299003,46684.53288093272
45519600,26183.528631512272
47868400,82567.7655640786
43960802,22600.767037811267
41426800,65321.73666176649
44648600,67512.12919582399
48433000,65851.30625264549
46100002,31773.622930668538
47094602,41091.34123544366
42811203,20914.33297790988
49834600,56166.650503710196
48392400,42785.81030216784
43720002,28116.053914888522
46525600,31328.469431502795
44558201,35634.083287981884
48369402,47881.78677695921
44450603,25613.187750179277
47441000,40736.44163691641
42151600,48487.29624380828
45652801,36766.49063645795
49834202,101926.33890883697
45543400,57134.40435715786
42621003,96167.27055168606
43296202,98192.27829576861
42313803,25285.12284750813
49888200,37195.93907009507
41082003,49694.67243256284
44379603,55436.51034053224
46671200,19558.238607117404
42666802,22308.775459740828
42185002,29126.466889423817
48317602,82121.68789511868
41288600,25918.930911231735
48605200,103397.35703854624
47986200,58572.28879356931
44869602,52645.03079372563
46924400,17460.51730672096
46461401,18906.042218190305
41007200,40355.21391292973
47041002,35574.13205015479
41257600,21914.696432487697
47690401,77616.42491272723
43915401,26696.083278887418
43058000,44605.02161067279
42151000,50821.54509880337
46215801,44255.39453220339
45145802,38412.4234471987
47817400,43021.678835745304
48035801,26883.82422429318
45351200,49807.161730967244
44244202,85600.88689997743
44296602,37551.181286544226
46474802,97134.29065770374
45086802,40177.34011814227
42443402,59080.547913278766
41371800,46144.85609593176
42999403,40567.089145548
45403802,90656.546564462
45805403,97111.32718755846
41585602,33816.87588948432
49161002,30857.199500283285
49780200,32383.246649597415
49707602,15571.038933235512
44141203,99865.51926229906
42437600,52012.495216501025
44621002,40960.48636063024
45091600,23919.658948896344
48147002,73981.30701537541
42484200,39056.89023124353
48081001,52721.616189064094
49552200,48287.73654190418
43887000,32046.311817798556
45885601,85502.98326498969
46352800,69982.53597062816
48846200,51520.81064717546
42476000,46221.81201574767
45538800,60188.21896792555
47471600,32496.921845749457
44948600,30767.284216223576
46787802,35518.27611711674
44071001,72156.47422151495
45837002,66228.74922923722
47187401,58077.75776254137
49802200,36637.62996094279
44084202,57967.42545092257
45631602,33201.87415785822
46323802,26492.5471829526
45582002,47659.38648706628
49771801,64868.818041516664
44842400,37694.5047863722
47196800,29236.494647547104
48404401,93300.99652174988
46258400,38345.03988197533
41781400,49977.10421518972
43798202,48367.93330408372
46289201,17525.86341452768
45811802,33134.98193749938
42029600,39452.42170400399
42161803,38981.36977274057
43686803,50100.190714426135
47435001,39113.266781012564
42821202,46339.51512102713
44460402,36285.99192884637
44378201,28317.990182792164
41088003,34902.217660863185
46041201,28865.33667307249
41939802,23799.561096716025
45515602,35028.07288319418
48263800,26711.909482197552
49884400,45231.70948816942
42690803,46593.90580151435
42437802,23485.819629384438
43186600,34221.791861171434
49528200,88823.0005112862
45637601,31507.697732079087
41769000,65998.16205530103
41043002,27065.314116013316
49619600,37182.95126507923
47736801,33311.56246982742
48920802,39653.542545754935
46738001,49171.09388860165
41973003,75133.96131517734
46663601,61449.49573944826
48690802,77850.45634353388
49120401,79391.640650051
47028202,79316.80631589226
49897001,36880.20003239889
48527800,48401.37211591755
48058202,26118.157524995448
41107402,89199.44545259335
41478203,68446.96356021726
48448602,82943.92609975467
45528800,51042.693176504195
48765002,86652.59574622379
47360602,63318.83611366441
42985403,48229.86839650957
48613402,35095.96662375023
41403400,48727.94177166438
42380000,53512.19904964726
40962803,41515.391831966816
43676603,77126.36290342746
45718802,46942.559138926765
42941400,83403.47895632983
41956800,38520.94911420891
43834603,61177.57339254474
42806000,40594.497549744
42500800,38093.66331179466
48240800,48793.46278187199
43132200,29487.364453470993
48911202,28628.007305602245
41394802,44152.336431604126
47927202,13698.116479120567
44614802,62468.79451779159
45363403,72226.15382496038
43284200,33902.08474128967
49863202,26081.301463614458
45478402,118512.37734654361
43462003,69792.34157175565
42714200,53259.31707649362
41723203,61636.82867400509
49447402,60876.60522281335
40970202,67858.97226932044
47445200,26064.71147505039
49946401,77101.79866802356
43524403,34011.593337709026
47511800,83189.00390045025
44564202,28094.944348009973
42545200,28895.30005831375
43090402,62971.768658318324
40957403,57363.54409745568
41046000,36857.20601806363
47478400,32217.760561498104
49897200,50769.09633121405
46425401,79774.16644298895
47759202,46333.20721442233
44208202,28198.315387027942
49207600,60000.43005424818
42943200,44262.73676758882
47425800,46925.57564585343
48028802,35341.759757897504
46154202,44422.77313831741
46294602,53793.422490708945
49041200,107031.5643234895
49039000,31391.735255824173
46415402,65208.73854578223
47245802,50388.28859311997
43217000,82934.06260368257
47508601,53228.76462086859
49674001,60037.9925960582
47332802,54441.70474991187
43885402,62238.50323639005
44309603,81543.19362450474
48337402,63758.74852158414
46687602,45086.18529675301
47076202,46233.210517905085
46997000,95137.23246369173
43275803,66044.07046718872
41349600,32510.785255692983
41222400,37496.03188149413
42442400,55659.14293322781
49844801,48429.22281690112
42300400,98545.5434667044
41856400,24534.25572179001
49540400,92547.53446600534
42224200,27518.737888041265
47603801,30115.851894545736
43105400,49005.057866677074
49739202,59700.59456760815
43086803,86654.52302739989
44114400,40241.420445771684
48034401,95735.67486432192
42032400,33437.91406289195
48493002,32189.536317943246
43072400,22373.88823015472
44942001,54472.04626003113
44282202,34571.05331319922
47009402,72618.13548900081
45510603,25967.099774381822
45811401,59104.24185857692
46072402,24893.079768572155
43883003,47572.91610073057
47169600,65033.25455052151
45779001,23573.09782214321
45692201,93603.04896116542
43936800,74387.76804679322
45670402,107747.23464099181
44566800,40674.91459472151
43697600,79877.83797435886
47004001,80443.6723784726
46221000,28287.83994234626
47482000,67025.23039051869
42433200,49557.691940311255
41080602,27679.47518174594
43986802,68027.37456176308
42234602,30685.344572980026
44839802,37704.098302033235
48326200,68654.34987300614
48391402,35737.396603370675
44757200,32815.138331394555
47845401,74841.27659737639
48062802,54761.24540419893
47086002,22596.83489863156
45502203,32451.912587654926
46389602,30706.533445475296
42378002,57702.47285992382
45131203,43556.285637751615
46006802,57204.87991314221
44883801,94034.77463576265
43968202,40363.52662167059
44782200,91799.71250689466
41637603,36986.258073432014
44882203,59679.04163076036
43261803,52960.29339558426
48691602,53339.84705965334
46940801,43666.29174785619
49288200,85006.14915939842
41057603,52052.10028096357
46588600,35242.434063134264
42417003,32693.952617494382
45328402,57231.09121409203
49124402,35248.93690257479
44152003,47512.58959783369
44871002,38784.99966758069
46598801,87582.77701878882
43636403,61954.23372700755
43542800,49786.449795038534
41656403,85012.21318205251
47095000,40226.19468246659
45997800,47651.31824332274
45226802,16674.393486756017
43872002,127748.9696421015
45050803,44814.05816925924
46410602,41947.378393868814
47920000,39462.76787824492
41123003,67499.80432749886
45829803,55210.20563644089
44698400,69677.99374844757
43228202,62134.100849638824
46856800,25845.93897040301
44983402,49092.61561449463
44769400,57981.22093307239
42119203,84343.93526660858
48104402,71398.01595491689
45674800,28970.765683002017
42699802,37230.82523550819
42599400,54077.23239701037
48310802,41381.90499239714
42812400,51919.08165549734
44243600,38350.52129430206
41651803,38706.43716389857
41764800,57536.48554965798
47646802,53361.46707320305
45598000,63120.99184781486
45669403,34201.566819737964
46071000,70819.6324676025
43304202,86647.54937514945
45800800,55282.09470189621
44912403,29399.919740829253
45955601,44446.45334414489
48142600,32407.596442058562
45142002,110228.84057438388
41177000,71676.24394721023
43462200,40581.341373912204
49956402,68921.77565559858
47468800,36173.761863049425
42057800,18653.416931487875
46722601,74229.83836702292
46228201,24538.397887740015
46308402,44782.92443603628
45663202,25369.81592185257
47209402,25061.89151547041
48127201,69975.11007155168
44274000,43474.33372729698
45581803,55760.70517549152
42159002,70617.70013013942
49694601,55609.81595336896
45226202,51281.67713774188
42249202,28950.16345570835
49796000,94565.24175610731
49902401,37653.14254034371
44705603,47188.48342346113
45043403,37214.23756485173
44392403,69802.82377913677
43874602,43522.55450299755
45744800,31754.66396004315
42958002,38473.14678462518
46268201,115458.94097879951
44740401,64040.02404400255
41557203,53662.593615353355
47534600,48901.31415726991
44314802,50704.37708184787
47088401,30500.4476296661
46641002,97425.39503465011
40953203,74004.30791761103
44286202,50631.3817834748
47892601,26007.465309098436
47574400,27693.667306700234
46620802,70449.92416957073
48202601,21180.959777974647
43754003,60264.341311486554
41895203,35954.18870087141
43147203,32182.061808498176
42735002,75490.9533894346
48142402,57740.94106011448
42811002,68017.54187529768
41642803,44687.81063983156
44418602,32137.796359704505
44915802,58558.61988170939
47088002,38880.16425889782
46370601,38945.163111162794
44715600,43699.14699399297
46313001,47024.94741357144
46118400,21480.183578233926
49058001,56554.12261196443
48008002,32320.53702434324
49677400,31496.3629262294
46323202,47838.2994766678
45614402,37193.78942996387
42669402,19395.5389942799
48780400,49629.984620692245
49069801,30705.011684446512
45538603,20621.63832967917
41765600,64626.60751058969
49448200,86405.85316801973
46203802,32547.741295757052
46248602,35941.707915949344
45170801,30541.091681536524
41110003,60589.51499109333
48817001,51929.21211553377
42430002,100537.0584171361
45586202,40171.5805427734
42235602,55469.477572827585
45429203,73957.79322624713
45745200,66208.8036252169
44731403,64191.9062289207
43272400,70074.43482294642
47350402,31753.378298443648
45564400,39716.50315179661
49550201,24124.52077708221
49240602,97028.19429281559
47875400,50365.118776865624
44313002,126821.08168761486
43028002,46808.361738994165
49952602,123900.79226269085
45782602,49679.015000868705
49017600,18079.22557240958
47900602,39212.25922462819
45712200,60665.231396603755
44214801,85855.52724803134
46116602,75534.75081690453
46651601,15156.22481342101
42858003,41408.16602982861
42338403,31988.259336665957
45606401,36645.350477604465
46585400,68083.22307447263
49569002,49051.16070946435
48177600,22334.830187665364
46505000,49015.22227024298
44597802,26777.936529813203
47561600,36246.74701031951
49942802,57744.83567121775
42261400,50688.397476478545
42684200,64334.90829189168
44967802,35239.512729454254
41604803,62788.04106268687
44702401,69228.59631475077
46404402,37338.12956771192
47145202,92122.84361181907
42966200,26601.81075900756
42364002,57906.71206909651
41571003,42217.92082967387
45100000,38304.2374616618
45500400,66639.81762237514
41711000,26699.98681422027
42384802,71646.10449891703
47203002,36946.38801360334
45829600,65164.01314798817
47791801,87659.1816087711
46624800,73608.05262626219
48183002,79675.37838986123
48831600,28679.87318360572
47360802,83013.64331558078
47856400,61026.873150754014
43925203,51153.19378418923
47227401,75456.5311992336
47931401,51184.99506275527
46158601,51838.76367328073
45468003,49116.678541407906
46121401,51361.21072652799
44352201,69313.81266414853
48212802,50841.137199704724
41759602,54922.25735824935
44158400,38143.96714358536
41563403,11876.127645603548
49208002,57947.11240927163
45470603,41137.338704793015
45697603,87012.2687740287
44908001,32731.020290164088
44813602,83604.29150150673
46787400,48321.79871968922
46240200,49033.074816579254
45146200,61318.386137346664
49715001,67773.55928655418
42746800,42343.164466593946
40948400,27810.983093909126
45281001,62452.16148105012
45049003,29580.270891827953
44858801,88032.70257490946
44487203,45893.03127809891
41157003,101680.23659535097
46591400,21918.403585207692
41836402,46073.90772444015
45223601,30023.04874074788
49539201,110840.79867066263
49954002,16014.615374554785
45292200,46909.2012805375
42930600,58249.27024332949
49171600,28301.121990183477
45970201,18657.104129343825
46897402,37408.71688321648
46350001,72919.60813570923
49835801,54630.248524706345
44517003,73650.96115608209
44597803,34863.80498432117
42884603,77921.71143350024
47740002,32891.2677070544
47797802,107305.04306065041
44381203,62204.377251255995
47110002,69822.49154146187
45059801,46752.9317262815
45997801,48236.00123671961
46039400,78647.35560734768
43887203,74145.25583421842
43127400,97281.33757984397
46639001,89361.67214329395
42979803,33905.7404189241
44326002,21002.135701644547
43454403,74083.26375724921
42445802,66130.37211945897
46178801,76253.41466155375
42896802,25516.5582524798
44543200,53387.42245054039
46472602,39777.25808855581
44176601,56888.577306788335
48368801,80137.1669279745
48321402,34778.56488698962
49660002,35957.29264163341
42065003,30452.759167473818
48558800,103724.5246840659
42293000,23478.0795034048
49640000,48624.1975364014
43246602,76797.10533582448
47521600,45660.89598573986
42858203,55638.628861109864
49439801,59974.510452162234
43155400,67506.83788840113
42717800,69441.55733192957
44941401,20362.475309086883
46151200,24525.711825587518
44074000,56844.22565528964
45231202,26828.30697983074
41636002,20399.27880933186
44474801,61022.556435952865
44243402,35895.89790480217
48450400,63307.65307219378
49013800,21218.780396100934
42551800,40962.26313485378
43829602,29382.020228723817
46752801,28961.075212069845
45887202,43969.797650213935
41437803,68132.62857103685
40967002,31060.524759741755
49767002,34383.05254151544
41839603,42926.05677513187
42371200,50445.501074750246
45328000,64614.57169304228
49099802,26551.207532630222
49739800,35465.952821987725
42041603,64781.64382181604
47377800,45803.9507421047
49789200,52794.115515246376
43001800,78695.2817042083
46740200,75519.91893566807
45372203,35418.76085016652
48133200,123340.4751357426
43753802,78805.26625146656
48357400,107095.99089947954
48835602,36053.862920922635
46754600,46885.54304150175
45587801,44520.630726742784
49957402,51790.7819953381
41341200,40904.4095813492
49678801,57501.38681830653
45050202,98544.56380699502
44673200,75353.98695592255
45602601,50541.06925531359
42657402,51275.986129947574
40839403,30144.106919874375
45089200,52046.84313166133
44009403,63801.33057415331
42954800,47689.983969134904
44037602,27822.24034031161
49592801,59369.874220909034
48277802,35506.86462754237
47038000,24311.827599338685
43775003,57096.60586253559
40806002,46067.855383613576
47721602,28118.246145608304
49564601,47133.31527539101
48059002,49707.17050665871
45871601,37849.83331904416
46069800,39071.858259219036
44226602,57276.52079519061
42707802,42180.03192207793
45414802,77173.85496545497
44458601,61627.5856542914
41345602,31247.670892863167
40992202,78701.96641909562
42214002,93249.09852853416
45487401,69749.26052551095
41134403,32804.563579884736
45215000,47147.737111466646
44906400,59573.76187687985
47257801,60661.871848564195
49189001,60785.987572076425
46535600,44515.03333581386
46795401,122448.97029885795
44626400,49132.53502202906
43524402,32181.878348308623
42605602,21327.824021919478
43833203,93167.92069130734
40821802,61792.381019070526
44854402,47585.27107702369
43936600,18557.506284314797
44430802,33678.46625541645
48303200,91449.73462142615
49425802,63175.02997634666
42331400,29767.191437187765
41051800,58082.02996475381
41562402,42072.523693008276
44597000,84442.65385400357
48403000,50892.91591781221
46816200,37084.19881223779
46020801,65196.59009356373
42355002,31169.391722147982
48574802,27568.383557980895
42594600,34257.86320184696
41441600,39570.08455836442
41108000,69308.1294326629
41158202,32855.25469336129
49857801,30414.971433180835
42984200,49609.07614145602
41963602,28524.5549032742
42872602,46929.03050197258
49773202,55982.64443744016
45878802,65020.81597181239
45390203,23958.584512150126
41307400,13785.38853991565
43945603,56604.65308400928
43894000,45648.33716760416
44428002,21909.950771899843
42318803,52552.481466103
44572601,61449.656293998654
47498202,40756.8197329006
48228600,89782.48337435766
47004801,24911.148246522433
49550002,19230.254306946757
47102002,37056.54612091035
48333002,71643.28781977695
47292202,31148.88163095777
48603602,31517.96051873693
44334000,63372.512851973406
45589402,66500.92386132207
45575801,31950.400248304442
46786402,81107.53375073062
49522001,71265.79422522886
44028401,54611.98298279147
45770802,73417.25239726075
45356003,66049.14950686843
45170003,46611.95633878718
43569003,21541.33908497558
43865000,41721.58307116688
40951403,42250.587575635516
49959601,47614.06403775592
45331202,100331.5358460043
45206400,26189.38900025833
46758602,86152.05830008058
49206800,55346.20313796862
41370600,24937.28261682132
47612402,62045.14027307663
49555402,38087.39524816848
46266801,86405.96440548307
44084403,49248.183008897664
47429600,33726.97699182793
49363402,86871.92131366368
47530002,48557.04400293404
48417602,33578.63290300916
49049601,72300.43507667708
41857600,56149.686083791195
41966603,70929.23169973964
44058200,28409.224212629902
49761800,44267.99747262926
45123200,50841.18331092493
46112802,23219.493578345173
48247600,40251.29981682708
46774002,52151.90472827815
43426000,29473.512811245306
48092202,46652.41533954168
47020602,24679.727346292093
43186602,68129.66600962867
45696601,48388.366205514016
49123401,63229.00185330276
46764600,54211.1882258685
42750600,74476.98909968561
48568002,92121.21328125041
45487000,33885.89313450997
43141600,58759.41727544621
46477002,43876.64884002191
42074403,59604.05179097881
45969401,23796.126274256785
49278801,46814.924957854804
47238601,83599.12847452523
46171802,44261.927563117744
49678401,75920.97779436427
40966000,30726.230110599183
41067003,16922.5960474253
41295400,26373.702616290226
49081400,42618.605819885575
45505400,54081.82087298614
47435801,52280.91178925526
45449203,64528.13945870185
44869800,25254.790737199677
42764000,66932.19941672875
41898400,53665.078611787656
48019800,55226.77919347744
46173001,80098.77018244765
45526001,53192.29444438782
41284003,27722.048533107074
44322600,23164.49752129589
44431802,34884.16831936839
48564201,37778.74812610417
47018002,61976.13901139837
46740602,51879.94499014897
48034802,26318.93913177841
47796602,38036.028188018165
49159202,63904.25779802339
42187002,39529.23415881846
45391600,27048.221069233055
46782601,66644.28687336082
48254401,92059.24296896605
44532003,42267.91060465395
49084800,44523.00752400828
46285000,86965.9571346895
44139203,41869.33170222418
45534203,80675.41881327129
43679603,80794.7308651937
41319603,27827.490468555487
43241002,14958.349019793575
44853803,48371.16278417091
49161802,55797.67884907333
41336000,22266.13458809154
43786403,25726.977920916157
46850400,28524.321710734665
43850203,35382.85581150987
49952200,60393.81413121622
45813402,70784.76905943242
48163001,35297.951650446565
45486802,72570.62965388116
47444602,46082.46162577538
43802600,44483.37966027712
41412602,35674.82221459909
43819403,61137.260965857175
41597402,39015.31044051619
49324802,78593.49596953407
43723803,41346.7403880249
41937000,13267.143628034537
43735200,56963.76096696278
42146602,32517.19424698788
47408401,60713.0546470364
49404802,48370.22814462666
49440202,52622.05487500956
44237603,50413.95126623336
49834601,48893.39900351252
42890403,30744.439811424698
48475602,28832.700502655018
42265403,32126.66848702618
42894203,30391.11755094644
41372003,36679.116959506544
44613001,25119.08245868866
49429400,24623.074791613348
49633400,73805.22238402127
48962801,76355.72100261712
42584003,54553.056762535176
46337201,24395.395679461602
47949202,54933.93759354737
45674601,45197.89736769433
49793000,28224.789899034084
48963802,56297.67181781345
41681603,52767.73834196954
41267800,37041.99171891991
42632003,70051.65372705249
41475000,59103.25653340938
43248800,55802.53256461283
44110201,86977.77512931189
49536001,35306.860418141194
44962402,20191.948001446908
41940203,73959.30286325263
42723200,68013.07870302137
49639600,84498.88830710218
41433802,52097.941673206304
48403201,34589.79563971398
47416200,50930.05388044718
47079602,66393.52205999038
46700200,129270.11154259878
45269201,64249.59563213862
44176400,34887.310673685235
46924600,38973.071742936154
41599800,89670.11841872029
45991601,31397.00550836434
41476002,52367.16711541632
42588403,36988.97296380208
42911400,56232.81763863479
47411600,98079.06898107773
48314602,37514.64821413081
43244802,98689.4626257552
44495601,20680.655610269176
48502600,30837.562377655322
45722200,95539.09470621479
49470400,51488.5375574949
46253802,64397.39875942733
44784002,22219.004117245357
49067602,61172.20971864277
43190603,27815.15389213639
41286400,96066.6865958205
47625402,61442.07423763333
47449002,52164.65506627268
44341402,49371.283239235985
48917600,51608.9263036777
41917403,35730.23473055153
47652401,23401.663854659964
47449801,47838.89587662945
48017202,28393.706599792167
46588800,67636.67669937032
44234203,27918.23467706277
45411203,33593.97091081407
45493800,84428.4173456711
45248600,51483.245887728786
44841203,27255.096763809786
46578202,71151.20714263404
43563200,87139.13349238533
46989202,49202.93095329858
45357002,47626.011194921186
46783200,26097.413814881853
45839802,41863.757818134516
48615001,66080.71076766092
41060803,60806.760732856186
44311600,98388.64209539464
46043600,31720.86939020773
43851403,31856.52822850647
41244603,27191.49712852954
48033001,55850.688314838895
41388402,32760.1723300764
48660602,49957.43918684928
45112603,75020.99047257035
41144602,61609.332256080736
45100401,63699.452227558744
47838200,72295.95977096635
47476001,43044.082285661454
49624601,81292.25474676973
44630401,34043.85877105264
45963002,45639.37606057235
45411002,52859.40731680924
45573603,46511.03988947981
47117201,26694.695009467498
44179003,27497.198146101728
43445803,71849.1759979646
49699401,17466.440285522483
49841402,44324.743862379895
45318402,47784.0752844023
48500802,49546.98067461112
47146000,41553.29629672402
46852602,39124.17797612321
44657402,32630.101244452624
40988000,44574.81748741554
45557400,92876.24285612514
47250600,71129.17341060394
45776803,48906.67878415069
43911003,54955.15481412958
45650400,56597.79807459888
44363202,26252.188518626746
49066000,32464.7604938471
47335401,38482.988293388364
44982402,50637.36188832989
41599402,31731.814670570617
41109202,47018.12954543609
41984802,52448.855598009206
47658600,19734.495266791993
45970401,91578.73704226638
42645402,97724.78113530981
49778000,57420.80171794854
49078402,28489.0612687935
47939402,39171.01309364727
47314402,49884.84680001712
49219400,51174.58135221104
41944002,21520.203017484724
42025803,61687.53648432562
45380801,25736.675207815722
48727602,72900.48598501977
41165203,40429.33984563177
45877602,31363.335080409433
44886400,28317.626834596864
44075600,24867.924006747773
41897803,2718.341883495523
45467000,54558.09758122776
45992201,40857.99987190767
43027402,49323.31010184842
44508401,31227.998327478537
49030000,87333.7477920446
49290200,70248.61221204762
46998201,51573.59723494555
48176802,74610.78041596588
43486203,60009.32344337471
43265803,55041.69989138471
43117000,52965.84459021275
44221201,34835.141223020764
41376802,30320.88329109496
44247602,85476.88148744835
46652402,50305.8148971342
41171800,94410.66356849577
46548600,87452.3623969336
42970203,36580.61190935684
45838601,25071.89362807163
48747802,87661.366766484
49231800,61623.82440698309
45823202,35566.47103794418
41229202,33099.14346211653
45267402,35514.178220379465
42795403,39577.44321142194
42543002,67486.03791212963
44109202,90081.13978930161
46290602,46117.10758993846
48545200,103299.53061475996
45735200,62234.248316263576
41644003,108892.95626409573
45846603,70725.00751103669
47809002,114363.78591100007
43957202,26060.69294257013
41570200,25380.863549547525
45854602,35177.718171871034
43741400,54490.46304940721
41788602,46515.5862866832
43983001,25339.412230514507
44822403,114111.36242612897
41530602,54167.49946046359
42379200,53739.36542870797
43121002,41026.704575706324
44983001,40971.14666526231
42582603,44972.86045823735
48283801,48767.91255429121
44146203,57450.08758154141
49695600,33678.58619532122
49151600,58825.8937291847
46360800,89014.98719214025
42638400,18956.534099018172
44077002,63962.4785653616
49650000,33626.87544862253
43612200,47090.48697531356
48624202,44438.67711645631
41626200,30669.347200394066
44098000,36931.65691304223
49190401,65536.4063752581
45073802,64833.37220195132
47277200,52154.9451960298
41082603,103679.03287063452
42762200,25531.73473658051
42248003,31230.39891615921
44101801,82387.32002314867
46757402,31388.847573617702
46448400,75724.16643410975
42001002,38429.63220918519
43841203,60538.770394560066
49749800,74546.75616235769
43211000,56675.769109778645
44525001,54256.002654267155
43611402,27956.74071055292
48751202,45656.719070108076
44355802,72296.19464670915
44287602,88942.63678249765
46898202,52348.67424454345
45369400,35054.36823511683
41321803,16344.43581238341
45785601,72829.37360779033
42898800,50785.552203318664
49574001,70951.1389849475
41146200,28918.43613279823
46484002,75146.45766306832
44587000,102072.78477998226
48395600,52896.81469172396
42893402,27051.54819421267
46109000,82716.3911883432
42323800,36373.032011535135
43165003,61579.435044564976
47036802,25067.016772303534
46043602,64848.28951632693
42500203,38381.330614796854
43166203,32581.724579874764
46979402,25737.73680918059
44998400,25330.550079542656
44243401,35895.89790480217
45255602,73284.41453505136
45219603,58853.41756156686
48018802,51322.111336910384
48369600,44684.16525471698
43752600,35520.51797100245
44411402,13377.41365817056
42015402,62162.154101431894
48612402,51681.87312522984
48331001,62195.108059511374
41353002,30440.68216915887
43423202,33109.65321606527
40831200,35478.68267319347
48348001,88265.78011286256
41466600,41052.95402725869
47462001,56327.3135477945
47756402,100000.28486050054
49273400,26306.264286548256
47728402,88466.76488416275
47673801,49318.97355803683
47966200,24899.330729906178
40899803,55501.111040181015
45219402,46228.62137403416
47083200,71239.83412211924
42420002,58668.17765152597
44811003,63634.812849250484
44576202,55148.18565772205
44721402,49043.313599310844
49976802,75370.49940474294
48795401,39852.6851975712
48446201,34385.643028611186
43576403,97966.15330922097
42434602,48390.198668325815
48972000,78327.4858604618
47933001,24731.673979661347
43218802,83549.44927817011
49244202,35919.64598450462
43290802,45025.52712158866
42883003,61818.785667930446
42965400,41445.42648970643
41978403,47868.351979741296
46984601,24766.441995104753
43885003,82187.68316986806
45455200,83997.9400072694
44145400,52801.33601191887
45109203,29851.86898381741
49800800,59624.70259784457
47839202,67119.37735371984
41321800,16558.169870899743
46510600,19878.12150686651
45771001,38625.086728750444
44412601,93577.41897822425
44814403,47855.88855998858
41949202,41192.781671357865
49534402,33502.49435717488
48312402,52127.92226270413
44273000,72067.52986849876
45233201,54563.47480855052
43343403,67643.05408629734
48304200,51652.19640031669
48704200,31417.806292470716
49317602,38200.137756576536
48410400,67169.87047295635
49314800,60374.86165369404
46686801,39940.2927434429
42071400,49764.93094606132
42087002,41118.46228385473
46823602,41285.60064590635
41891000,72526.94262598903
45144401,36136.28445283542
47598401,30051.73938797727
42260000,49543.600882078936
43370200,35999.73565838625
42167802,61047.346903875805
40902403,90979.8150608537
46645202,57044.79792897703
49241201,71897.87719412078
46692001,53205.12326522674
44920203,30938.25512724196
49256000,33267.17852243248
45710002,38246.334717867874
48012202,55192.41769504412
49542001,42046.406156074234
49278800,54057.63123475976
45792803,73143.9419407446
45772600,72368.6750856287
44741600,29276.97400012066
47553601,30206.47910366802
42183803,50899.21044531435
46905602,68251.12245120351
41613000,34251.496536566505
41367603,45165.1546415457
45581201,43417.19935927421
40889400,44105.027466307336
49159402,48775.89246046591
41681400,21295.168048781903
43297400,48171.902016265994
43615002,43418.33370386102
41851402,53057.82933668804
45501200,66800.2535742259
42039003,42319.288541795584
44071000,63887.31364923547
45923200,116035.01641582583
44885401,64135.68188588676
48797400,70786.09456968079
41134803,26380.057371829687
42514003,71266.60153564019
44820201,97015.06902342952
41793202,16619.884278735248
45270600,43166.332887366836
46756201,74867.43129374876
44539002,80683.5972091663
43869203,53004.69187736658
45207200,41765.48646936406
42747002,35734.71320630695
42178603,63499.457292551204
42860000,78898.93254423483
41011800,100347.9472067804
43340203,37292.78076998603
42589400,100130.25873210187
41957802,37135.70202550232
44183803,64605.557929906245
43747400,26462.982468923372
48685202,39116.95845596249
45223001,26348.444560961674
43928000,33033.850372352696
46148600,59506.436328644326
45115603,44075.58910473986
45336603,53123.428974492526
46061202,24755.61689006393
41866400,9352.781044293333
48205602,20207.94625146797
44040000,34609.80449025761
48599600,35295.47940268885
40854800,35521.95792691795
44784602,75483.58132575915
42110200,89771.61619598998
49938002,21112.836546291546
42403602,26678.30979548906
40812602,32031.821188229875
47841402,27806.05174477629
43895001,75666.34599272542
49315400,61806.676782314054
42281202,90190.59512326008
45999201,31207.83976677264
47967400,38103.03474580671
44390200,28921.615287112723
47239402,39296.09259947766
45675000,55191.35140654145
42930002,24946.131059453495
41025000,20283.825582258978
45780603,49242.028505040296
44789801,28642.532749893675
49932201,89967.95556819344
41249202,9298.671995294782
45709801,24571.68746627644
42264802,34745.78882409272
44266200,74233.55691569892
44508801,90203.4238610468
44901602,20968.887691068587
41249802,13517.864099813058
43541200,33529.66351856293
43449000,41478.45625168766
41332002,19380.739059839514
46589802,66642.19484245311
44285801,83235.18948264729
47028001,56639.39287326077
47021402,43998.09858080851
41672803,29398.854413163728
45130200,30777.684727761578
48315000,36934.239533727436
47016200,47301.03010303722
43339003,46418.583180213274
48511002,24884.24815305265
49460801,52435.81867780744
48207201,40798.34461431223
48791601,76355.27753851094
49856201,25419.202265207226
41669403,57945.2979129754
45085601,74956.54140441008
46770802,32384.250153088575
43468600,40113.7486518218
45688800,40537.313405159905
44416401,40087.37119436976
40829000,39701.070339337006
43317803,41268.924311062125
49291202,20122.973788520176
48130401,49168.61585074478
42610600,37115.46872455479
46938800,69591.95368238002
48446401,16417.736621679876
43225200,11175.629747597726
42116800,60856.7426296842
45872202,48786.42826519202
46444800,32216.864631373086
48872201,47808.55318889976
45644403,56193.19299702462
49512401,66274.4419913821
48073800,37835.04063397362
47641201,78361.525901619
46330200,61266.6261164588
45622001,23591.678820118228
49334601,118791.55584633633
42093000,99284.2360647229
42932800,61444.736015025526
44411603,37800.50950746953
44532403,57110.59704133208
41194200,40655.19219963009
45800001,44309.3814305986
41005600,30665.074171136024
49796201,73733.7612512044
45424201,71858.84364325478
44287001,78484.2463377698
44008403,77598.94308861723
43198603,40012.1155264574
45766202,64063.29460451443
45839602,87609.6023223539
49180402,74944.7571374172
44875203,72140.89245379934
41479003,60721.86063082148
47423601,42357.033139518215
44702003,62124.076733631926
44110801,30935.905464009258
49072801,26297.951386929024
48449001,49618.83290552045
48427802,36361.762798989745
43183600,62095.68807790522
41459003,81043.88128630113
48086400,94811.36719086222
41151602,86794.23412904353
43125600,80209.26901910496
42671600,49497.71272770339
45224201,50286.26107315396
47583601,67063.30621303835
44272001,38938.819773507654
49918601,46408.665174061345
46388401,73721.3369587747
48264800,74276.91516022358
41315600,28091.4019388546
40891002,47645.08054673647
41210202,12856.35272382819
49056002,58723.62768701826
41067802,72819.12597495894
43655400,30337.17270347399
45290400,53876.09693516175
41955000,46975.24154930839
48695200,43319.30098790973
48940601,56265.99495736612
46014202,20139.13677510062
43518600,92330.25959717989
48367402,80768.54705717726
45584400,36907.36225797985
48469001,35195.95678542878
49072401,68153.64319040069
46025202,31827.299928170538
41718800,34320.49604856681
42687602,35895.89790480217
41573600,30644.47876177748
44219401,39829.34967513551
45570201,105521.66218469988
41090200,43516.02497830364
42092800,56923.61904800673
47024801,68559.48572947181
41625203,42388.010142237865
49913000,50974.660831146066
41301002,23339.587560713553
45377202,89930.50656515139
49763001,56200.977045863496
46450601,55201.223729009325
45340403,45889.554900811505
47774400,42665.564075544244
49093801,20511.661770982762
42808203,45796.16816492932
43837202,55460.5912881449
44477403,64629.40666297147
47520802,27142.890924927495
41111403,23992.01239772338
41441400,27380.191307065863
43764603,96998.73306236042
46946402,52180.95491471381
44343400,53188.198763350905
42965802,54265.80195150236
42233800,65658.74925754522
42459802,31245.65113868994
49928201,78953.65582965426
45132203,68279.82052618559
44461601,87161.05552619841
45782200,57305.67173515442
46385201,61910.33862735386
43854602,35997.39391674083
46675002,21298.571895330366
44994203,35513.6499276484
48524401,28933.54562870338
41527203,44750.172037286626
46981802,30947.971248063783
43620402,68474.79304384539
44846400,38800.5521105319
43997003,43669.55776825423
49867400,37320.563546392535
44538601,44942.527171885224
41287203,28310.994515692968
48064001,58249.48380348118
46304401,68417.49862554783
40843002,36257.07738253198
46503800,43124.19790999369
45247401,10219.281464535132
48011801,30808.157389679356
48136801,35572.6439393225
45435801,30321.114826885077
46080200,52315.500554556114
45181602,30955.677522870854
49932002,76772.43288539385
43903800,26141.279516805
42465003,71138.5981892116
41501003,41163.87195468191
48827001,77572.13408580277
41340402,30030.914959244634
44880803,44332.007742754424
42373602,58820.03618838414
42299603,67182.14085598185
41196400,27881.25160100482
48953202,56630.336150295734
41056000,73505.86542081971
48464801,31257.60342037924
42805003,59003.37789082354
41177002,34895.974686244146
46921001,38200.653040497375
43015203,45572.36138510115
49194802,22206.484874830705
42695403,30648.327967754085
42472402,120766.03951651197
43546002,39448.51593370079
45415201,55176.79697535211
49464000,72543.39094279046
47105002,34364.124013342844
47579201,77339.39571753106
44738800,102834.34261672143
41964803,36113.643333597574
43932402,47396.317440874984
42349203,129376.82453807513
45792402,42191.19251939397
41138202,82050.63941119105
42215000,63204.30855495841
48977002,22122.401575122647
46278002,65690.16073906113
49272602,40713.6214351093
44374801,41393.04655319132
46374802,50814.98519288009
41496003,45053.799457715635
45880200,33111.29479051893
49774602,48790.02726980951
47978600,84858.19721673522
48106202,28688.754678883895
49938600,103352.96196068646
49860000,47906.52002872997
48092600,32732.565457994468
45311603,112434.30804867297
47050000,46149.540619000436
44551402,33984.455398431026
46939000,122421.8458931975
45445802,33281.06253671007
42198802,89109.91318365803
46580400,50863.11851195809
47899801,28873.04051525911
42693000,50095.980572735265
49815001,35177.847025332376
44739600,61414.85490758158
41722202,28687.703247705584
47546600,73321.04948836005
47252400,67942.08838086865
42763802,42806.3716466409
43176003,41207.219279135395
45380202,24019.82806612603
42448800,37483.394544559924
48983801,100166.93363427393
41462400,48104.40599258851
41520800,51687.21038983295
48877202,33890.65468693698
41975203,64620.73148369195
48260600,58821.917244140765
45630402,72043.34558982271
48217201,120980.69516956854
43598403,29740.29931346622
42785400,76028.17249300114
49292200,29525.2899080433
44126800,60184.57710012096
45374600,24177.470385966742
44624400,44379.783776009644
49352600,82721.72864828989
42106802,45025.74010585709
45804601,95850.50234148515
46711001,46589.11958243625
47427800,41305.627448487714
46680401,47727.09354365025
48081002,54551.33117846449
49775401,36745.001407068616
43744200,40858.14037141873
49070601,53696.92822474064
40953002,53338.04172479329
46740202,56358.271345478905
46936401,57921.73176715393
49602000,57855.80776880233
46274402,94409.67067771206
42767602,13820.852556361919
46801600,94016.21138087113
42270203,57260.46930338343
44410000,82340.44096774269
49431400,89804.15729030225
47311400,44745.18652234404
44609203,44423.26624428638
41497003,37329.680423991056
48127002,25263.48101410247
42801002,93397.9931242811
49135200,51986.01272723514
48685201,57351.048660867265
46240801,76729.6114447309
43929202,49180.25094486496
48696401,31374.448152803976
43536600,45833.894901784515
48714401,50419.46192425769
44064002,50949.03555110989
41296803,38811.247360484245
48137400,74317.94258802445
44265202,29972.348223327033
49917400,80532.22466688522
48787600,63177.49039928754
49124200,54644.593230283295
44636801,19444.988665098797
47372802,46035.2569143985
44692603,26554.01371922822
47172602,66144.85791863168
41967403,65910.40621196179
49244402,56148.79501766603
46319402,37597.284898186976
48968201,61412.20444636441
48186400,38626.55918864788
45708000,19213.077349390463
49034802,37510.54382536965
42201403,59102.55306045676
43082400,36623.81002265186
45859400,100351.89408659456
47089802,58789.75586880899
40863002,18588.99095436443
47886200,59028.42196708129
42123802,35989.96079520602
42235603,76191.08004051592
47089400,48954.10247693645
41073403,49654.9928253993
47246202,47253.73140944999
48091200,36600.1760795974
45145803,53105.97297971472
49531600,34298.847266713645
47579002,79672.7367168802
42384403,77821.81521671257
44686203,77210.98564081971
41391202,47165.04948145357
47147802,88868.78665622888
44817000,71378.20061982103
46420600,38704.00684583913
41565200,17568.140412477507
40994002,35700.46617465289
45718000,70459.80820473733
47620401,43972.95485121872
47529600,48332.30872699579
47150202,31131.414382734754
41379202,15863.732376650929
42624802,19573.7678800355
48201602,29499.14274485942
47619801,98306.00861161597
41722203,28687.703247705584
43750200,51708.69571504273
44666200,38630.35141592538
47615000,49814.71299920881
41018202,23843.472152993585
45104003,75598.32184978074
49257002,55464.614330102304
44122400,56742.8546137219
42551602,74271.39076946651
44433002,35823.84452207293
43010002,41660.26186640032
45134403,31033.567081581463
47713401,47829.56955762033
41494602,56248.95154251269
43631600,35537.73803817763
47484000,64260.142227176395
43816800,51010.0656134496
41791800,44421.43868547556
46792202,48707.40192848251
43879000,32964.04866854417
46396800,81573.19597887844
45581603,63044.234747335395
48576001,61093.10138582369
49319800,44574.0118373671
44502601,39630.2393302059
43622803,35883.58993490594
46593800,40194.47441658947
49738000,37468.170126531375
44212800,47394.07450595765
46314202,64551.2252168287
44723603,78670.44151902643
44033401,98433.93408248152
44130000,21044.127863554997
45252401,42925.14934349916
42158200,69858.09693874317
45096003,18641.583415688983
49729802,46120.04902873312
42219602,55176.805421302626
42594803,66838.10930169903
44715402,68810.16118955641
47378801,29249.995288178397
42940802,35001.28935089523
45804203,40322.52936973014
48251402,70830.87098503241
42723600,43405.63439548804
45890600,65483.84831613743
46272000,71758.65888026965
48219601,47167.64373740834
42314603,47294.59312222511
45837203,91432.5597776222
49391800,67673.7871167177
47654001,29019.14591901277
40889603,13682.509630852706
46044200,37574.37013734111
42869802,61207.89714606773
45112800,37131.12134888675
48185800,63112.940417820435
45591801,31538.28416725354
42208200,56922.66780308017
42542802,108047.00237003066
41965403,35205.17308572222
49403400,23577.52705269459
44407802,78811.31943387454
47821202,77267.68697375692
44092403,92434.59701279807
44018203,67712.99344186552
43300000,54108.1071058401
43320203,62735.469057892835
49480800,41470.8250794844
48562802,82183.84695211647
48102800,46058.33658931122
47791800,30984.622125321584
41919202,60075.22416469011
48020400,16258.93982622202
46960000,30609.624363668394
46395200,36331.52171901529
45682801,31707.937687247493
45597003,23726.15054731613
47910000,33569.21888900235
46826001,55736.31712649866
45738600,80808.38776751878
47537002,54327.32058249439
41865202,24459.049839300475
46162401,32287.31856083977
49219600,33813.338182844396
45491201,32184.269103749317
41912400,50516.7936652293
46497002,55783.069439585204
44836202,112862.66210789746
43673800,53671.20291465581
42899400,105283.71113241691
41075200,53184.22403410472
44857601,53551.74376487324
49535602,66052.36250274796
45441601,81648.23876862359
43277402,61303.10572891538
49052202,56150.60538616316
45760600,13710.619520149667
44328403,41491.268033251734
46849202,34174.0148255822
41491603,38368.343143534235
47784402,37106.75114560665
44711601,16094.98342606111
41351400,15794.094496949765
49950602,96578.72313316379
42670202,18581.722238739552
41746200,37340.76256071217
45832003,41570.859766562455
43662402,77023.24711296236
48706601,56319.72636763581
43795603,89100.01282746166
42709203,43355.72644729058
46082401,49506.833548926916
47781602,46089.32128998813
48463001,42506.45365299793
49460601,48446.13194598079
49268202,35250.32806713952
45433803,45402.55632650946
41678803,45530.573637154375
47385201,65703.00817846044
46353400,67746.90244811648
49485402,77334.5460081622
46042800,60924.62290114288
49950200,75633.28412046528
42664400,30711.43286641724
45692001,46635.04603906463
46078600,94920.36229166795
46240400,95705.54095996427
45330400,44486.84896255289
49786400,67897.97262831051
43832203,47376.74216240095
48324800,56518.56267158405
41955203,68315.22613242468
44112403,50066.08689819487
44208801,20070.872168413684
46796802,30132.570312178206
45154203,76788.1754570502
45166201,67774.96976149511
45120003,94244.88925790571
41479402,59478.472215705
42001800,79628.76165890184
44235400,43831.02503492976
41987202,96052.1877964098
43179202,65255.47618839699
47564000,66365.49599960337
44369600,44579.50859842477
41769003,61033.46667638506
49081401,55021.83053011064
46982000,53021.498416599774
44953003,76324.28090802563
44844403,57619.535198651705
47951401,55178.58432145988
44833200,44931.63107153872
41227602,13127.795088823383
49185202,43081.93714597333
45569803,27039.175633072846
41598803,65073.679526393054
44450803,36484.69589245554
45227403,31334.05159659006
41295200,17846.001947415098
42071600,59439.60770877959
47644202,20275.67410262084
43722202,48302.83491238227
42151200,66704.96693879346
47632401,81113.61385248626
46120000,27009.135788669184
43386400,84672.23228590928
46757001,37422.124656773456
41702000,30285.17656900986
44794602,22965.0289406061
44287401,49724.712614278564
46139402,80376.13749285412
49468202,39387.21975550268
44893800,29079.298208072483
46911202,49986.67402106301
44074800,37867.93189737502
42392800,67489.0483022433
42201802,65060.40176800831
44135803,29988.1146265853
43722203,73719.55698654709
43413003,62145.23064375509
48285000,86205.49996451917
44118403,63909.54055210427
41325400,18621.954129520418
45431000,35942.20897966739
45109401,42032.33957373517
45497203,39696.30792958988
48470202,66151.67805102088
44342202,46523.74651872439
46757201,29435.372471779534
44068203,45019.44900213381
48547402,38660.525678212754
46384601,116540.29152758184
41088200,64237.88131779314
43528400,69556.75085596192
45500603,72052.48687049068
47160202,79618.2248007564
48836801,58016.51225937333
41100202,70187.02661825594
48151200,55347.09741337207
43683800,35740.52758424303
43714200,81524.76446682627
47681400,30500.889368344284
45292400,30266.544556382923
47270602,56232.57214302731
44994401,72731.43092499011
49684202,25593.07559748718
46011201,42070.1252535793
45340401,39784.98529885396
41876203,26215.528636036557
40966003,30218.354122729892
45430200,130621.30765217534
45402002,23701.94685157929
45250800,81099.71347520425
47648400,82557.4158184067
49562002,44936.02953954831
47095001,44592.0312770455
46998000,70135.84362014872
49402200,45243.256065147274
44879400,26766.474868891746
46159601,38455.913693652285
49091400,27396.134723414332
46558401,32044.8226755545
43304803,24509.058221545813
46634202,32900.17660611609
46635401,36985.23964263698
44344201,107076.97224671961
48600001,67918.60735751077
41927603,21516.44689282975
41829600,37433.71176952265
45920400,52808.78564747854
42053000,74130.80764169527
49016202,21062.910526627318
47493800,60239.258264176286
47528600,55609.54780411776
45658000,49346.70394886336
42619000,42498.601426960566
47080402,58481.87251910129
45837202,42274.50744260037
45560203,55116.76845432519
46892201,59613.65062208344
41895600,33406.016462962594
43890600,38761.71833502836
45347602,53527.27796514038
44540803,48084.97575222873
45951200,27939.287524415362
42942603,48522.60094699412
49033801,36220.66569213677
41963603,23876.828454967086
49877601,55371.11485102647
43583600,41592.030164092655
42427602,64434.5072296232
42085603,25216.26105441468
42450800,65916.18399891994
43107403,24061.30005205243
45727802,34010.624484733344
44124001,56946.64320821118
45365002,47554.55805376296
49268001,72573.85065303711
49832602,40759.72327733195
45112403,29175.53815198335
48540400,36704.493544354504
49420602,95835.38464430317
40841000,63580.30003640181
46785002,21476.83590917375
41420800,55433.106561731125
43865402,43503.621314608135
43016200,57043.70978896783
44550401,20499.046451785303
44599203,59824.0256722335
48304802,66188.34909482261
45805802,85838.27238739212
45995401,63250.541136753745
41083200,24391.807919059072
45337202,42903.027507634484
44127400,56203.11548208593
45748202,44586.71696012884
43070402,25804.287777566184
49199600,40038.081975869805
46345800,57839.647786267495
48743001,64294.77385218849
47955402,65811.0789286856
44264202,48257.39498762501
49582601,53960.51761086105
43259203,48165.57688788464
47470000,40968.82833603654
42353003,50527.92868444447
47475201,71692.73758902961
49725802,25570.043490504635
42619400,45650.74003638349
46386600,26748.966329290706
42900802,46867.067514232134
41041002,71621.33800997802
49983000,82731.86090445518
43455602,23471.923594813925
49623001,23251.307167711704
41660202,23905.022917853545
42003603,18066.82593184764
42773802,83898.05280426744
44172401,63898.945561413435
48305602,61372.54709458622
44913801,65955.82329559755
48250201,61134.468255822525
43881800,58714.75186692449
46143001,53357.0353851619
49065202,22175.816927742308
45600401,51903.40456487967
45189001,22666.389153454686
49752600,37006.15663874864
48875202,64415.71764506302
42691800,32006.43612515819
42038200,60380.2297929598
48728602,49725.613347945546
45533600,39012.02454479651
47290000,28098.07768927059
45575403,86646.87394607943
47508600,23407.002684385458
48497000,39259.21188671623
44460400,78598.17877377865
49936202,53886.554530403286
42179203,64257.15093330266
41232802,12519.537535922529
44940803,68359.17373747443
49689400,46008.706451334954
49882801,21432.799952985333
44262803,29030.097209489228
47143002,30901.375771231233
47214802,86776.28196653712
42824602,52115.48198778243
41131603,41989.96153392238
44254002,97704.81278155243
40800803,70343.81134056792
45419203,56295.797816780505
44775402,58960.00184152544
48499401,48998.91341775222
49590201,53732.91971616773
45478202,22164.692681709792
42956802,22805.60906242887
42927200,23736.13969155828
43334202,56183.55503204437
43517602,72809.85362958975
47441401,54865.12277794948
43339403,55423.92101546204
46917802,95779.09043231166
44126003,38056.55699577391
43427202,61393.17900529386
44814200,30087.46672028147
44686801,66156.35247263068
48515802,32361.730863946163
40843200,23018.697523347444
40887003,57310.08353960086
42665003,15142.887908262317
44290002,83294.9574902847
46730802,42648.660216423625
45717403,60958.01749212587
49204800,24013.30768315235
47981800,88752.429358419
46224400,34366.29697010368
42820000,24279.886833089724
45771600,43433.06240560251
46444401,27731.991557277805
44739400,62915.394530794416
48752400,50721.11708858663
44929802,41835.04342333749
41228002,37563.43113617124
46579801,61978.32502155075
41867602,10702.3738740974
41531603,38074.685276070246
46516801,66130.70009680527
46985800,34594.005397362635
44072400,29099.878356764282
43870200,68881.8718241918
41277002,34771.23931166266
48336002,49561.97802734542
48854400,45587.71533489044
42402000,36072.460838582105
44005003,28386.699407662083
42542803,34709.42288892389
41074802,26863.504058952167
48483201,73913.68770925948
46952801,84795.49856595635
44509002,20789.735569505625
47802202,80489.49238519813
46821602,24114.323806936547
49048402,32142.522873601072
47781601,40944.8803732614
41342203,21196.16826227142
46168000,36193.69021207502
46018402,31619.306939624195
43178802,97283.04271345833
41493003,40160.944974728336
40998802,36300.341178641655
46174802,42857.000120851124
49094800,58843.84623985985
43383400,88318.89199867674
44831403,79025.56849250608
42210002,16945.664903332494
48516602,39202.222320787434
45522801,87332.45784894205
44722201,40917.56258839891
49006200,44551.87360649137
43771403,62695.28353812524
48951201,37041.72966601372
47746401,74291.36780650458
44482003,79336.38156061726
45616603,40952.450055085275
47032401,58538.80451240368
45661603,38765.4730366532
48576601,22023.14556810572
45025001,29865.539181799373
45740601,63572.60817404948
46247402,79672.90070790806
46096602,38916.52838996342
43523200,77877.40386759535
45050402,38307.707265438774
43180200,53559.03382330235
42544603,41968.72846881086
41805400,37094.61820452384
45817201,110827.41194837754
45459803,27371.274026611798
44847001,31629.78416301683
42732400,53242.99263994428
46410802,51877.76435696245
43865403,43503.621314608135
49890601,62445.706441919814
44225802,71970.09852166245
48343801,37739.505225580244
46013402,76152.98479331861
44067202,56010.237715777475
43269603,48589.80765834473
44665201,47179.47889943872
46982202,45077.66213588451
49530800,20356.725659891854
49639802,24799.900097614365
42176200,20909.399015174153
47043001,45688.52186307026
42342600,45535.4867964476
42306603,24186.746630259717
45391403,30877.892418038184
45148602,47585.783554604655
46371801,17993.726752367635
41993403,28623.23885263956
43502200,66990.72346108223
48844801,29154.918831539755
46634802,133559.66923738507
49063801,55275.40538107881
47338801,52638.518134751735
49145200,29347.185479807813
43789002,33124.46923074269
48576401,47361.60333136597
43935600,66019.83858557562
49254401,53058.88178343333
41202800,49153.80148165932
44275803,19528.219729290366
44661401,22619.458293928168
42680603,29252.908266833172
44521401,52544.77136255287
44075402,14478.968360508996
42918800,74202.06198298858
44731203,38768.615093303546
48893200,61896.07562858716
41386003,28035.0435749732
43884401,47653.47364930374
47687802,26715.6230362228
46857400,53301.26029201691
46671401,92640.62643730215
47205800,56411.4151602824
42304403,45733.2382926188
48181800,60779.46117003766
42301803,73366.83981681074
44095401,46917.40048440034
44551002,88622.64275745192
41254002,30125.837836751773
45157200,40486.627714259026
49028400,49445.63839026458
43779403,32730.404716888126
49620802,42741.76654703081
44322801,58832.45566178901
49750800,39276.597180805
46962000,63400.03284348431
42911802,46671.21677220873
45584001,45263.221674882036
41329400,35084.14854450493
41591800,81750.6285447208
44839002,79748.02707306654
41017202,24832.77063512068
45698401,30585.279461696133
46605602,97211.24945378312
47147600,41208.95340159637
40875000,47820.39803724224
41903800,65944.63205966017
45566602,39485.655049079505
48100002,75921.344064981
45035402,70789.81130692498
42473603,37770.64260884423
48448601,42694.11790879798
46788802,30872.208340175144
44897203,42076.63748422018
42032803,41769.866452072194
45236602,47517.74676546183
44215201,53776.366772357025
46371601,64311.2641593634
49147401,70956.56451285681
41344602,22161.29784978387
46485600,47899.02259551746
44659001,30652.28972960417
45957601,20738.790939202685
43573400,118310.21456229595
42014803,79405.37510959028
43857600,59564.68743721037
41579203,75966.14192090087
42898403,79779.22745371771
43651402,34650.874052715
45887401,40613.03268351454
43983201,84818.16119462426
48656401,28482.081867129906
49918802,69384.54015994947
42333602,51022.153145566896
40805602,80504.26471431309
42423003,49430.6325400822
41325202,18408.220071004085
43344400,53553.61663872227
48174400,47013.29448970423
47743800,39508.312389579485
47100402,36358.563153735966
45486002,29825.750919352857
41499602,61136.54339139447
45859802,44261.9112017503
42875002,80573.7903825958
41680603,26239.785786998116
45773002,63427.18136005283
42608400,49826.55488282141
47454401,44104.76732900276
45580600,55923.1667448626
44711202,53491.78761661902
48507601,60182.0392950526
45138602,33656.34463296084
47042001,55396.99805690693
43832202,26683.095475054994
42869402,31683.194555838378
48990602,63298.29549654339
49109201,23537.09265356519
41208202,10304.28613117188
45148401,26749.61009893327
41059800,36525.902587752855
44202003,34961.386481002424
49507000,72024.03028190855
43853403,43337.31723236384
41427600,42681.936039738815
45674602,42573.92727341489
41815400,51351.30231616595
41619002,32305.14158772759
43372203,49778.795997166104
46505202,41098.47009564478
46795602,31500.569785800926
49868602,48961.757593389186
46565002,39529.70203726708
46648602,57464.431508392496
46423201,28884.81084004261
45984202,54138.7042781724
43998200,37361.50733080845
43810003,70021.13070890022
48171401,49277.1098112447
44313001,24720.95188327295
44142601,32399.022969177455
49793200,48449.437056749564
44745003,74973.7126217999
42599803,69838.0718153825
48194602,29183.653832717348
41239402,33831.0178853971
40813402,75616.5396160657
45301803,70177.11716544333
42731800,70318.48900126989
49095201,47479.34671660559
46974402,43739.95359802805
47600000,88758.0139729281
44292201,37314.89590702943
48968200,63566.87545993122
41462203,85652.65674878727
44550200,95606.5055202599
45761600,31096.20213263468
44167803,43395.81576293404
42259002,59744.35070389186
49962401,29607.33577496989
44253602,54695.36829841675
46588602,49530.309577328684
44740603,33573.05275297366
46169600,48818.10259437843
44288803,36174.39173626939
48194000,53480.99029597631
41488603,66065.76169938427
47923402,34134.53701912843
44987602,46961.30318617144
48006400,53791.70574401537
49705602,64262.00528166758
45087802,60893.33696716653
47983001,57097.43094158433
44520000,32862.79360386309
46731001,35482.0488850573
45403601,95952.69094580071
47064202,25011.141883602257
42474802,70574.76147382276
48867602,72591.46974851067
41209600,33291.27193512939
41880403,33791.920612411806
43996002,39301.70293315489
42328803,43360.37414591308
47862000,52535.87025393272
48062402,68894.83301289768
49969801,40298.43094924718
41070602,25754.490428121055
41925003,43907.18164297116
49756402,58145.730363073315
46780601,27905.05552464266
45563000,31772.33997719613
48998200,35679.27251483104
44878800,54544.332074590115
46941602,29709.944233825958
48126202,41283.80862612935
47659402,80392.79402600825
44712403,51194.71997627847
47812801,21062.107237215067
45254800,51019.47574304623
48260601,87722.1840801363
44445803,37758.26425778314
45165802,56993.861104063675
44471803,54998.20630894478
41856602,34361.198063433025
49112801,48096.488808498005
41638602,25994.99200070034
45801801,84563.29224383598
44557400,19067.779637058753
43684603,70662.50042229285
46525000,49536.12981608957
44524202,61206.8980370829
46141400,69592.52264080079
49533000,55708.22191115563
42636603,36685.891916298664
43012402,50694.92442121062
47493801,69726.44217777312
49382801,46626.110628530034
43824203,42004.71064097952
42373203,37677.36258104842
48883200,61977.43088128907
44471600,31280.93848158203
41590600,94487.10406921161
47056002,71995.14618806665
42436002,50697.280638625314
48786200,105546.66025614756
49219800,30595.661216716715
44066203,88888.88434795756
43338202,35058.93327205243
49727802,26813.101477145872
45544803,20800.75797034151
44895401,74977.98411625845
47172201,34515.411841924746
44780001,50184.06478936711
42576203,40482.24431841499
48261600,60306.87964377414
46358200,47279.84529901749
46884002,90656.92163812023
43104603,48824.00428262562
48755402,70493.3928947999
44895601,28291.23086074637
49729400,52368.49311475217
41626600,87944.36236411674
45416003,88634.01534470092
49169602,93049.01645364941
49814201,50303.10800693552
45860003,40399.7397590412
44719000,61485.36170994844
47455400,30056.790641317428
44171001,53847.549747393736
44595600,57035.24835640114
49536401,45036.449042355496
47378000,20744.08475706759
49970001,97216.59777273718
49896600,39782.4632720794
44131400,63720.58669323939
44303403,24008.21559867035
45184800,80786.80064828889
43239402,60186.633499627635
49628602,48097.21549792189
48479401,25814.99763021501
44146200,70264.08181320915
48505201,28443.5930565925
44935600,55461.12383906247
45160002,70504.49950763784
48995602,28987.41422983495
42471002,32018.68653697491
49693600,76011.05295381926
41529600,64924.567752051764
46047800,28345.733138211574
45051200,83383.66107511171
42690400,48808.87478870287
42978403,43564.46211548066
45407000,82408.4640729331
47937202,67065.3627769057
44176803,41804.190807152656
43742200,44270.07401535157
45634601,85427.14678794428
44824201,52299.64645985376
45548400,52436.68768601747
46508001,84037.48502945877
45957402,44577.10276503383
41452603,24010.30190385323
47357400,24574.52500890108
45554203,46249.56266617484
41564603,40630.26033451395
49731601,63471.37102585201
44881603,47534.22430989039
44504600,55723.961331902276
41057400,37518.19560971638
46471802,60794.301123835525
46553600,38398.48848187705
44671600,27777.286034846366
42672402,55269.538725398364
46108202,41270.94209375263
43843003,49973.51136511873
49366802,55449.032137651695
45303800,29528.337092449514
46044600,24471.339620211067
47418401,36599.1829674445
40981202,30396.965510438775
46294200,70897.37294633816
45855402,41206.71509977133
46590802,59441.064815357924
46317001,40161.46908382569
43227403,69815.81567880591
45756400,30835.619408614668
47143800,37815.208458213616
45469000,46982.71002264603
41276202,35156.59357824552
41574402,22376.703803132754
48268000,60284.06947225201
44479403,30291.00376643876
45132601,50588.13817616288
48131400,28137.159312460957
46937202,23949.65463260792
43636800,69795.15229763728
42115803,38559.672207092284
48301400,74675.35308337996
42411003,54320.767759208014
47332402,15041.613897615141
42689003,41294.04441988142
48076201,53261.016199576596
45613602,39636.25553582724
43241000,64514.46276661159
49863401,54617.08077951212
43865600,22103.87509208917
43784402,42453.66448824121
46099000,50346.66419377096
49117402,49813.70142871446
46188801,41467.81164688747
48847001,35593.63471603868
43418000,89889.74495677701
48419802,53400.45523847383
41470000,59574.60288077929
43218602,33265.58581546965
49987801,65204.13353582051
46007401,30450.052323352385
46261001,72025.46833850263
46467002,50253.19982740823
42348000,62539.9380825682
41873600,99600.91663901178
48322602,60789.544884342395
44121603,103624.5435236068
45519801,72433.5224777825
42269803,36729.83637152429
49404002,45677.081995113185
49804002,72074.03677438054
43005203,58652.20301404773
43172600,53654.8462472681
45579801,73308.47336470497
48090402,44786.72764336446
43538003,112360.11359645361
42904402,78766.21567259589
48145601,89986.83976653988
41616602,69719.16907440835
47845201,28987.882304167128
49196602,21712.678459211274
46145601,94639.59177521085
42345003,30247.56246545818
45154401,29882.992171355276
45351602,37997.651477574844
45565600,81171.99026546846
44717602,96252.28289073744
47794802,27314.728169546666
46599800,43864.189035292526
46188401,60245.98289045763
46867601,78019.26637636131
41403203,53271.89921605242
44688601,43748.29911729714
46954602,83826.69632269445
45479802,55518.487007714415
43377000,47925.005685278564
42193803,55165.619433371874
44919000,40284.360596613056
43330000,55909.47196080886
49618200,41555.29513698988
41053803,55053.99436912607
49629400,41206.18841591805
44264800,41419.10333698653
41349802,17071.305077047073
45154403,14485.614960962841
43836802,31245.689129915216
43083002,64370.550397950065
42621403,28433.784974092727
42737600,28663.907741191222
48708002,93545.38577602072
46447802,23724.589909632858
45756800,19425.995736680758
45298400,10796.543475701706
49259801,57447.29206304392
49456202,100230.29353885195
46571601,49371.923450590286
47157802,43709.940106839
44746601,36532.750820439906
44681601,31752.752521100498
41841403,28447.15597333703
46042601,69549.52016593496
42186803,30723.80544632686
41000000,77819.0340942409
43078802,45229.79365135344
41836803,20256.863316068193
49053002,66456.99251512538
49337800,47590.9899851744
46053201,62355.24266276126
42911602,62868.09355875918
41304400,22785.811928076517
45444802,47580.04681383175
44773603,28102.123936814707
49639002,36812.351042275506
48578802,38786.55990912713
45595602,35956.943262010114
47903202,104293.84847079293
46300001,15350.1981944656
43870603,33615.987548638775
44647600,45119.14706838591
44665003,52648.850988043436
43336603,104697.54738760972
47838401,53448.07628923126
41572803,29398.717068571368
45774401,52946.64097118919
41194203,64798.26742349807
43380003,49006.44022970053
46538000,28123.643510372967
48825002,16402.286609917406
41808800,58076.27760122233
42305800,45949.601146550485
44868201,36059.04241557624
42010602,42604.54121593364
46673401,39006.99555882098
46384002,44021.35953308898
44860600,78222.33116298744
46234602,38361.71554440794
41224003,29991.087434016932
43360003,47137.808875421135
47046002,28480.277040140994
42003002,27521.86124620679
47236001,80341.91370814377
48648602,73814.22898382411
46934602,31749.444984923906
47839600,18349.324569015407
41448800,21346.71511765483
45723001,52492.45985057094
45616803,61416.060085907084
45174602,75038.53030203917
41392802,54603.92243050249
47779202,76758.98062064813
42968000,52972.781915668114
46661800,44273.42072493676
46211600,23627.96500763781
43640802,37988.582871421924
49309202,42291.72441152108
48611001,43668.279489517445
47823400,44697.55458583603
45249800,34668.17040085938
44883602,97636.5372541491
41368003,17548.878932557694
42797400,59960.722550942344
47545800,55662.188351714656
49546600,68299.18404695898
41928403,27668.70299735845
43443802,58640.456205011724
46624801,20781.403376552356
48200601,16715.30469424271
49274602,40015.85831481819
46391400,28427.650739792814
49276802,63493.118214397735
44843600,73346.1402264988
45477800,48731.51453159288
44527401,52877.35263224102
47636602,32849.953934963974
46190201,44795.2920217114
48484400,98125.04025211572
45860400,80987.27993739037
42350203,48255.220195655886
48844600,28056.366114315206
46830201,57098.30311881413
45796003,65173.57432201333
44554003,37395.662928475685
49858001,36936.52543941748
41236803,25375.55116857352
46468200,27145.05528669832
49502002,24926.31275175178
44767603,34865.00599666068
48826601,50812.60222778907
43432602,42070.417885819596
46961801,29226.5522518286
43026603,78403.31715512922
43952003,56027.848532108204
48197401,39696.523177269584
40840802,62176.14135777335
41762800,78190.94165762818
42061000,42044.193085259416
42402603,58054.350758318906
49285800,67962.7064887167
42341600,98402.75497518774
48083802,70558.19285864603
49911202,69044.42266506613
41478200,39200.613479629785
45482001,98709.69649075659
48133401,35764.22215750177
49906801,65206.0254509076
42846200,45692.951393373165
46323200,55671.0412181874
43378200,49033.12829558249
46877400,125960.93777763186
44165802,42751.560895453906
43580002,45953.06672696071
46801001,31237.657230723977
45569401,10780.601016901826
44743801,73277.28421888918
46643801,42859.648591779944
45586200,38246.092976876294
49547802,40193.72151174285
47583402,29196.750891826785
41795002,52215.062976742105
42597402,48634.55213164772
42193400,66485.35746644787
45150801,56135.1688315536
46728601,64842.01710159847
40998002,37157.821033457796
43416202,89784.77948360067
41259602,20144.26355743997
47173801,56374.96520486028
45347200,43096.93236208623
46665800,92611.81346921934
44134001,25891.70950002307
41457003,69401.21329936627
44386802,63531.536877667684
47481201,47821.08358128385
44562802,58670.20461362765
49725800,81974.85269064101
47508200,74600.71882376437
40915602,26910.433388318197
45768401,54662.075315419475
44928202,34476.57820214561
42555603,57143.876097774424
45859200,88810.00137561596
48764002,60669.173112971665
44666600,50557.5932684064
41972200,18666.472551366787
43124203,30680.795000641396
44891202,41192.13953736884
46817401,77518.86455166846
45891401,48578.349153787385
44951802,62396.150355792364
48101202,57280.20493624717
45722602,65460.88297405162
49252401,92902.28978121554
45051802,32904.933430214725
40955000,89566.08552145645
44298002,53159.94205738156
42664403,19070.118727927744
48635400,37634.73864297998
45897602,78548.0826332095
41863403,16204.010464308609
44589600,54368.819376199404
46972200,46265.697613134515
45789200,65087.48389773366
47123401,63996.03358850136
42675400,32130.7409403475
47903201,102053.10762606755
46115600,74269.38538431912
42368202,18676.00220289662
48476402,120971.32022560168
44406800,47125.964614555516
48074002,25297.766295181085
45428400,50378.84441421008
48925201,36513.4084846897
45802403,66004.589719501
47142400,88117.51009749342
44726202,72154.23169492627
47422000,42146.92869292135
47588601,80258.33988860555
42668800,22195.93303155536
43922402,42365.02602034599
41218802,32178.128260392627
43593202,50223.37739069467
41293602,38465.914597463634
46695002,52734.20902535139
49951600,24427.52585119835
47856800,64297.53550764412
44693803,35692.79139239416
45302000,83403.42078451856
41841202,62802.4852035572
48685001,29618.75427258761
49025801,85195.57800510766
41695200,31497.39155098604
49656401,106764.02475732344
42726403,93810.20011840158
41918602,36619.33480304542
42989000,28035.286335283083
49688202,57612.921755106356
49294601,44318.02780381019
46747602,34023.02356257044
46787401,53276.61286624361
44995000,55566.26188397387
42403202,79577.43371652109
42043402,41030.93812727605
46086000,43209.62442061347
49611200,34102.83394289335
47517401,59708.555340043196
49150401,39476.3816246702
45187600,11791.428799193367
46092801,34605.11823793122
45323003,89447.00527734736
43654803,68231.4583258358
47264402,46295.4602150054
44695003,66382.19411965142
48918801,27204.983905128764
48285801,20261.510053983162
48950001,83628.54573008046
46281001,65900.23962850614
45269803,55352.04698314651
45746200,56683.30645085819
46007600,40202.308612853485
47988602,30462.937959134106
40819802,56835.929820264035
41847402,36825.311835434026
41683600,68015.67110645009
47822202,23847.751671390557
47980801,79321.57384120018
48855200,43376.097276019966
49913800,46444.632414734566
40965403,32253.608056283887
49477801,69001.02835988611
45662001,28369.087634370422
43985600,98706.22321486622
43893201,80523.14278057934
44732201,50278.5743346674
44032202,41658.87699042387
40841003,30980.130126929653
43679200,28467.026338836476
44141401,67038.8594610926
46878202,73352.03906615112
45106600,23006.78709727122
42920603,91691.57274371789
42760802,47029.45916017043
42140002,61296.065302322575
42714202,38773.59148658425
41647200,70254.27682110415
41599000,62786.57919158041
47876800,83446.12758938839
49495202,54985.35766566123
49942602,87084.33743856379
43071802,21721.15768525927
48752201,94644.22699497385
44100000,67750.06401818323
47445800,128322.66862618623
48820401,84263.41492914804
46635402,56035.27195792214
41961802,73658.05547230136
49314000,92395.59658958513
49113202,49117.943327972396
42598203,60542.031509297434
40928600,80400.47849900897
49651601,77032.93050673931
45866000,34732.1229137708
43551603,72281.15979778764
47340601,56345.6004710281
45355001,18818.822892690958
49981002,39032.92605862793
47552001,42168.161575329286
47061002,70101.76205580217
44706402,35643.9975789309
45657200,60315.11382460148
49071202,79692.82543467276
46276202,58123.20460918903
45369402,44192.96169816432
48958800,20825.0861095161
44425202,46977.41404445909
45166801,44636.24044144156
46343802,35047.73922506635
45376203,30065.875694219023
41016803,51220.20036358114
41475002,71298.58994538398
47098200,77423.0963091339
45529803,79857.698294443
45250600,45549.84367111592
48485600,74197.98059226923
43372802,67890.3170327988
45804402,24658.006216122965
40859000,45001.78324589555
45992202,102290.19112910092
48346001,38487.253467299175
46995201,114212.17459124021
48464402,31365.53569071736
46839202,103326.89543089477
41194403,48757.623963323465
48344200,59596.49274181321
45165803,71385.46470887793
43936803,71114.47395629807
43580402,34941.53557828671
44598202,40998.042718372606
44948803,63029.0071672956
41151002,46800.54514225105
45181600,57193.350056972326
48369401,47881.78677695921
42180602,84058.92491408679
44324600,45487.7419306102
43686802,72285.02975425604
47861002,41292.268227619155
42186200,45618.96425257443
44742603,23112.346163225455
41244003,24178.370436356076
44320203,56664.648210097526
44137002,41540.48257579306
49011401,60192.8371612725
47578601,45276.38378445724
43755400,57598.80361019115
48781200,57105.86613469433
44141803,27390.76751464002
43379803,60007.55605643296
46581400,51313.65907737947
43091002,80256.91220802793
43883601,88314.47204125683
45239603,52071.54890841278
47486401,29286.13954621732
47541602,44039.29913607817
49227600,30735.406177648176
44943603,52180.223592937924
46379400,28735.16451328062
44082800,98429.06913720723
41258602,8877.567420063344
42261802,70338.1972398212
47973400,46005.28109044229
47098800,60472.962642050035
41143600,86074.39778536686
45456600,61629.02107719319
47337001,93082.977066558
49135800,46796.11111169953
43498802,32973.177968528136
43251200,49161.3876088198
49275001,31864.896669942576
49504600,71516.10594834413
40916802,52942.24333834005
43243602,20768.262843212942
46444202,28630.294272538515
44489600,19979.479793317405
44609000,34779.796882758565
41771603,68107.73071709502
45939400,21761.667365661335
43927602,83354.49637710484
43918403,44516.98607433387
41055603,43139.02911960261
41252402,15498.698463426823
45440800,48038.82767717135
49118800,46173.2694157754
47788000,42253.00864265615
41645803,32580.454296380845
46438402,61687.17127763671
46449402,50790.224364060385
45143403,76768.16739531574
49449200,50405.1657742415
49847601,38245.86596011354
44035602,46588.42604543138
48335801,67781.86455530065
46085000,55932.912073703475
46711401,45073.4291650688
42991200,31463.97545909053
41888800,27333.49028591212
43524600,41007.367909778215
41939602,35795.31205493516
46503402,77271.61426531557
48255400,64816.36152209603
42417403,44597.67343774563
48044001,40423.65942709203
47953801,64326.79833321976
49914200,76085.70404857943
42634003,50996.00675667137
49028202,27860.753249677065
49922002,40791.84659447406
45346601,48685.09789794976
48577000,47098.45638669544
44693002,37176.362649069575
48502802,37328.14601247992
49033802,34558.550312616215
45563003,42442.590057742345
41789803,51399.30581710562
45795400,43239.66539660131
46784602,49764.13349995675
48377202,42136.472344045156
46777802,40893.43177383424
45064600,121431.17374312934
48941202,32551.144178125785
49215400,23961.85144894629
40892803,37754.55954809082
45913801,82678.92596448198
47055200,42941.932904909205
43061803,29216.901682978296
42799800,41316.04328044572
45773401,36046.57298359905
41252600,12153.777929085234
41599203,96080.4232858624
43623602,68899.26451587766
44861603,56335.82268964281
44334802,38548.933534559095
47605400,57476.18280362987
48337600,47958.792041509776
44192800,58516.49097722444
47251802,93512.98809322897
42228603,92794.91244798322
44209602,83865.34063738782
43053602,69026.53073910224
47653801,88283.52232567375
49745802,40544.78119148622
45561402,33506.05537822499
49530001,34040.07215458744
42796000,26444.20608513349
45516000,89304.19776987689
42733800,90779.79928258235
45873002,46467.40611063641
44607801,52679.71826651652
45381401,63230.12979584112
41019403,16195.28311953861
49473601,60198.22525826716
45566603,49020.85432089813
42166802,94756.82303593642
48699600,39072.256348059804
43570202,43811.603759034886
49059201,49241.25781262286
43512803,48710.299043521794
43081202,48372.83581450932
44041001,78252.59466745766
41726803,34723.6079834253
47322600,52954.172452413026
47348601,65229.76218875591
45840400,59961.503236075194
44486001,70608.94653149409
44649400,59639.27508112662
41627000,88447.04778225928
42640803,33946.21309875734
41897200,45142.81015516715
41940200,44212.5397094147
48558202,52135.291979191665
45087201,35353.431130894496
46495602,93621.33270314499
49355001,45937.079373754386
41205800,16515.715081842704
48805202,60499.1910964622
47292000,48204.33588701875
41576200,32868.83107877193
42118400,17970.496130231062
47052602,66327.57098566543
46147800,82690.76639276832
44743200,9914.68994867539
45304003,67592.80180099662
48859601,105880.51547485232
42069203,29630.996621105016
45981401,55997.08849676408
44010802,42290.58420544752
48992001,56376.07881074069
41931202,42753.31585460139
46944602,36048.45506840723
47691800,58101.631679084596
43405002,43547.853789178545
44252200,52515.67564328293
42289400,36988.2969067278
49972402,64933.927687657895
49566201,53553.30048420647
42143602,31845.081492152083
45933602,20670.538236297507
46144600,20566.736878076095
47912602,105073.5808246003
45589400,28594.96136876368
45234402,26437.339943191204
41734002,31956.19586101854
49346801,39218.196085124604
45629601,43258.346973356296
41605803,61392.49078771795
41365200,29316.44353328663
42389602,29288.19119306655
45640801,51801.45356919697
41564803,32081.003230424958
45976000,117724.5679157032
42876802,35558.77348410144
42600203,25991.621645583444
44169402,18601.782339668956
47042201,27034.577546299995
48685002,87831.7796448521
41866003,22258.679796842327
44689402,59726.87548283239
48530201,25801.609969032135
44467201,13504.6018274362
41162602,75153.1419439124
44791201,67655.89722233696
44186400,33414.560669439175
45381202,46591.8512363004
48735802,87541.39921819033
45085401,53594.32036899423
47611001,22655.373306846705
45512002,69146.84096557648
46950002,94434.75268152647
48993400,39828.11546079379
46954801,32122.538467669772
45505803,51554.28642957384
45142602,53462.977299612496
44801002,70658.00267157787
41537000,39688.5600480756
49390602,49065.25156343747
48413402,39142.159400173114
44194603,106954.74772411984
44125003,20646.622341802606
43877603,43307.539743107576
48792602,37038.51161603423
41007802,86307.22808407132
46569000,29697.668048615702
46021201,47957.73758325972
43228000,62511.889441733256
42283003,47611.17513634382
47917600,51009.948098251334
47620400,32169.136743963536
44592802,36725.26818648739
48077602,55501.68524378427
42414203,38569.410181900326
41590802,33516.18439307707
46952601,37818.88137342533
42678202,58047.22649052362
47773002,38865.44131013854
41363003,36309.84063749295
46389402,34337.41108407425
42873003,64496.44987776198
44952801,58561.7050666646
49195200,114461.69838638362
43268003,30737.676381428108
49575400,51174.02526599819
41464403,73539.71306740037
48762200,12963.758093918317
48185602,81917.61961505275
41229603,13191.88962239281
49579200,64033.51525600603
44106000,57073.10092481598
48088801,51896.71657718103
42908400,69463.11900058278
41232800,12733.271594438862
45749002,35822.83292112057
40963803,64077.70823992652
46881400,66462.1882442903
42313003,43708.770273227274
42677602,46215.53805345378
42756802,29642.9735734048
42600002,36495.08957825329
41505000,71462.9452846814
46926601,82835.47260720623
42587202,79736.10025166777
47757602,87696.010610306
45307003,81774.01702624738
47043202,55736.21446772961
45059001,56885.267574558435
48486000,62449.47267571537
41504002,65777.2242491085
47694602,45554.10289489933
47879401,94938.17464648873
49913602,40593.59851468762
41329402,34870.4144859886
46055000,82571.28733351614
41112603,49605.50377155433
47484802,65008.15350518527
42626002,100369.55433324678
40973600,42184.78888976661
42629603,51656.88673876019
41603003,42360.848531905416
48831002,41001.14972833609
42654402,56106.4679842421
49903601,96091.98993981116
43992802,86949.01550518183
45285600,82014.94797450186
40828803,36126.630495150086
45932802,48936.80040514889
47597800,57928.59294446109
47763000,36933.46991666654
46574402,24882.43491739731
44733201,94979.83756467947
47966002,40077.40708396582
44343602,49858.42343139129
45752200,73041.63383020792
43133602,83230.24874184662
45725202,54468.17006839518
41708000,31868.917048308816
44194802,31132.043428129487
48240601,71469.41699196142
47525201,42141.01821613654
40845202,88455.79615079466
43534003,24654.21505548938
45689801,89498.01637354388
49313400,33744.07834442945
47282201,32649.327258920464
48576400,49947.752978731936
42388600,26543.546466218453
42494600,26417.11212235578
46154600,59834.440786340536
45592200,38648.68246436661
47970200,77597.74013594279
46372801,46751.34133799294
42599602,72195.20281945489
42135003,49535.57618021668
47193001,53190.58792602259
42761002,86369.64051705645
49760602,46403.7469507637
45208200,81821.75644573642
48489602,29298.385893178693
43991202,17837.52310923284
44312802,95041.59973628464
41456603,27777.137371807206
46036601,28627.970102495863
49056202,36486.4535610895
49887601,38334.32115673292
46639602,21399.07757078275
41433400,88561.18992625491
44857401,54457.93919757245
43258203,51383.13185073613
43861001,24626.353807551204
44973603,48139.34378892432
41706200,33302.91259002974
44969603,117473.55251889722
48884802,48507.7079178559
43517000,90456.92690153277
46599600,69194.46689705474
46397200,130099.44763357085
47630800,59799.89910135323
41140602,90223.28562672244
44140600,98253.24812185277
44239803,59590.16079016926
41828003,14298.624790805865
49829801,24177.268878274997
48346802,38902.16272671922
44688600,68587.16881076091
41558600,25949.198161185406
49912000,42707.02192473934
46374800,71928.30167603365
48349801,38036.26811933517
42112800,26767.452570282483
42752603,105114.32550163404
45777200,23823.44594952822
47533001,25218.341043007975
49186600,42475.10801402024
45470801,56636.06381534442
48116202,54029.580409304974
42801402,24382.92440536894
49617401,50301.3074264279
48422600,35397.879200162024
42193403,51201.69975273921
42439600,45004.59859829046
44721802,99217.62526969358
49019602,47597.1557008145
45487200,43685.75913391338
48145000,31843.18591270684
42183603,35644.68340267398
45857001,99157.21653150702
47547800,56877.27646062831
42704803,40210.480335002976
44195002,24365.987001257607
47876402,58427.44837613782
41114803,67519.54038849002
47056400,59278.92712833219
48416002,56273.25847196535
49247602,126604.39766887881
49971802,55719.29506273547
41408603,79561.16210028817
45408802,42833.984418323496
40886402,42809.739508084895
48637600,52363.30189377297
41187202,52996.41705702625
42805803,37209.46699340108
44956200,85127.66861205206
44848000,67108.7575745108
49130601,90719.74811063221
48046400,57056.450320812546
44685001,79482.54826200305
46575801,16921.21438233588
48054000,73573.99221774947
49257000,50243.46455238365
48110400,55824.2333478629
40806203,105829.00550428519
43168803,104951.10798756403
48355401,38797.97281733621
48382801,52661.99633118609
44251800,30657.340043853525
46346001,45456.192922625996
44190400,79887.41872567098
45042403,66942.33100371445
49039202,46674.385855149
47861201,27732.463849497777
44632803,38708.76575060267
47969801,76874.63033265117
44783402,64848.23312999678
48501200,114016.79819839964
49860202,58921.976273988286
46688401,46896.35821963718
47003800,23071.971465375296
45348603,47255.37817114945
45332000,56506.8025737223
44696003,35419.43906305007
46911601,43237.270680058034
47010602,54662.74001187604
46532000,76251.07537005734
45536403,74761.39657449833
42961000,28658.891183768348
44488400,48935.28992674081
46321602,61708.9817912771
42595603,37874.59880590941
47424600,34364.82132483138
42341002,105587.98302489617
44889200,37547.42623160832
48176001,63131.03896144129
43964803,82543.97933998366
43021400,46283.15284717799
46680202,42256.3873710279
43911002,41491.08707051819
45624601,39073.75029502554
48907400,18195.57796456429
48529201,23493.358262453083
42276802,57251.50155219335
41281403,21933.933541392376
45820003,86871.62260766057
44094601,44978.46679243204
45484200,17265.54589157614
43440602,73510.60484127115
41935400,30519.32229822039
45415200,60709.063791796805
47460602,22681.35814926627
43028203,39900.21621960215
41542002,33470.83817010521
43937203,33626.08034763292
41725403,55480.7498000435
45950202,27647.149262684397
45442403,24221.338751277603
49803000,40662.101345862815
47824602,25768.548377830673
45767001,44894.97480243758
48728800,67599.76917285402
48407600,37863.38644722115
45282002,24442.028590071342
41114403,26127.526906420353
48535601,49119.62695746759
45561400,88983.17652961746
42777800,81765.22737437893
46677602,53518.694707017334
44606603,49458.33271145839
48269001,57795.18654690303
42184802,60333.63519602695
45516800,34210.48938996431
43382200,42547.501133888756
42175403,78860.4965390696
45103600,63890.80357268008
43464403,63824.51660967277
44240802,72269.03812155634
47305600,70279.97620548122
45639801,13895.691882965344
44166003,55623.94387115156
44920600,51236.873742509415
43921400,47608.47938332335
47025402,50871.390409702144
43412203,51459.64846260139
46571602,50465.890414618414
47612602,91460.7954480572
46790801,48152.41134577761
43929803,22426.616859533075
46088801,54431.4768354386
43979602,92693.634218319
41465802,94375.88191093372
44985402,32458.16743452222
41360402,35633.152088934934
43182202,23190.09290179208
48928601,59679.75090178755
46206400,50405.235366521585
47129801,39293.50143227841
49538002,41746.39317246764
44307403,50733.84051914858
40837800,25148.864578561443
44268203,55392.683850552734
47570602,51533.79773846624
48695402,16256.53157415447
41794203,73072.93505743734
47746200,24838.069109824115
45134000,54050.01057792975
44105201,49758.69466572677
44335200,24382.30835366944
41484600,20877.82586447223
45312002,36532.26910817821
44701003,72822.9259860684
42968602,54791.606197312125
44407601,89889.04839728255
43846200,75636.33546350087
47498201,66491.32714964428
41749400,28576.344938781476
45910602,64847.21084994183
41256803,32066.815117198632
48423202,86281.8236908013
45626201,21102.13424233128
46722400,80523.45263156571
44920602,46190.20910137332
44904003,43234.8573371081
44281600,54014.715469941926
42012202,34947.59907677544
47146602,41229.0851956875
43904402,72418.5619740449
48507001,66622.25643530734
43279402,27912.785766237408
42182002,38722.39199109594
44427602,73715.82724624267
41251403,30815.120049895027
46571600,60158.017449335704
44869401,65862.97995614646
49528800,64708.86076193003
42337603,48893.65002084595
45152003,37043.72284454874
47676601,72765.15710503235
45421800,74867.75262707546
42046403,44367.13821433662
44580002,42583.281224594786
45130003,37814.732202533596
48109801,31790.982010081196
49786600,30358.701708997058
40952402,33136.61798435234
45617802,56799.96684819518
42071603,28503.59896524228
42796802,62514.71842839847
41368602,39814.373443146294
48293200,56760.51669686109
41524000,42160.82687617617
46665200,90114.34385837716
41351800,31349.81888302511
48600800,52249.19279034206
41170600,28403.30990253576
41117403,47920.626124664195
45742003,41522.88869489049
48180602,43452.55995559863
42663802,20076.743114027435
49820201,42646.37238867667
42521202,83446.59596843779
45827402,40685.281903104114
46619400,68724.34362594446
42104403,55432.324548076125
43186003,53217.37948720031
43489202,41140.324840433634
45859402,55742.88827498413
47717001,21147.315122351625
42864800,28182.008410542003
44041201,55608.25294033955
44100600,43432.93513225205
43009000,48984.6725642142
44220401,95510.89669453763
47347401,70816.23141280786
42635802,33094.186436649165
48524002,36537.17507370705
41344402,33618.29276442622
43573603,49561.52071555633
44905600,23748.32089121863
47880201,45107.26215970735
49521400,30398.371385438175
45810001,30590.585057173903
49098602,48758.76181250413
44881203,82817.12694391096
48377201,32523.760103459525
46482602,49712.27768599195
48943601,70155.36542898991
46406802,46225.99359294081
44477800,41497.72730349921
41803403,70325.35689710225
40947402,53491.582925164075
48993001,25571.504406206273
45358800,44295.00880199917
49813600,38045.55288336577
44033802,27272.071077053988
48437001,22160.13481508939
41082002,90079.12563120454
47807001,44252.03121819014
43030403,20868.543583975275
41308803,37959.41073084959
45325203,56283.86241457173
48810200,59037.48898675983
49667200,50125.3020043457
45173601,36194.27051079397
47122401,44147.37096376241
44410203,89216.10884035986
41433203,55413.653122810385
47092602,66029.4772852387
46146802,24781.725284918233
47241400,34292.529390353004
49494800,51306.62891115002
47717402,45807.86400532648
44473600,30612.890083338498
48971001,32395.141482413263
45557403,41903.57820828846
44427803,38599.938516253445
45537803,72869.79325652073
45544003,55843.863312444715
49965602,85021.32776109272
41257403,33430.33922445477
47256400,61345.22989764013
41826602,26931.088354519736
44302000,66126.24322281773
41806803,63036.54117453403
41017000,24875.532314101
41042200,99165.8836795312
47683400,50088.135855284796
45348600,26237.152191305227
45422600,30538.664535162967
44573801,45022.526654000205
45710200,17481.738984696036
47768201,103363.38609518306
42329400,54871.46765918105
49930402,56074.47528693533
46308202,32479.741036832933
40856000,57975.006368458584
42651803,45098.55563513082
47437600,30993.010272747237
48179600,42237.843710665045
48045400,64083.61892060167
44622603,28795.776064553585
43678800,73974.76334764693
48138401,41575.589823957314
41548200,48751.25374824484
45428002,27069.34391873476
41163002,82576.44164737302
47481600,61978.95078571336
44244602,37106.75114560665
42331202,72349.90519571211
48716402,48319.14275059327
45472803,55139.76801565699
44208400,38598.81104953712
43674000,60744.98870545193
42842603,34402.90428654395
44701402,18622.02979928894
44235601,45204.427478146434
43450802,34322.18176613633
44545200,54443.8453398283
45375003,66757.78968216914
46374601,17681.63505485998
44399200,98788.42939343448
45227001,32800.44046503444
43524000,57359.65874053246
41384802,40989.8544289038
41920603,7453.138381532794
44070001,76669.49929747486
40842403,24036.340409518984
45194201,71804.72463875267
41103202,35290.61507455429
42123002,42380.95014471756
43795403,37669.33907137679
44955203,44056.50449099811
48714001,40292.794559517875
48564600,49478.663407486805
43830603,16740.755127516553
47379001,43363.76708034575
47257802,64999.65842499365
46560400,43992.24729159108
42446002,64294.48273819627
41635202,49948.62691861804
43242800,74025.15693184905
45356002,42687.15277023453
49159801,49705.64259053065
45699003,66486.04606767335
44912601,31228.905799296186
42946603,35010.84465906469
44588600,49152.41206756487
44708003,44326.56471208961
41969602,78282.61767537668
42027600,52361.16201795254
45830000,37172.127305336486
47565400,43159.79533664828
46497800,40687.786790708815
46270802,73267.69956511795
45974200,54405.50036503376
43903403,68649.32451386466
48109800,61826.173133334836
45448602,45286.879917404774
45803603,40009.603490052206
44144400,31915.760621465724
48488401,55503.36768205414
43062202,42779.084708501134
47609802,87568.67035127874
43426202,47709.349745183266
41723400,42763.876848478496
45250201,36402.09270070899
47571002,37648.184853253915
45071401,108836.03019369682
44694002,46635.60667938928
43903001,25861.557468524166
48453201,101329.41553406243
45803402,26840.14645367003
48351602,42045.760324566945
49806002,45969.69318299731
46323402,68124.4579026076
43423000,41382.05996318113
41464602,115629.07014799482
46668601,79069.15236795935
41989802,45491.58082098859
41794800,44355.02886241048
47672200,50721.68549197135
42880400,71995.6492486894
42925602,36527.85196058114
44097601,29182.45492907282
44171203,29692.499453851302
40911402,57892.09892852149
49242801,30064.175947356
46650401,57391.142671935326
44367803,49333.20699171444
42590000,58781.809025010276
42292400,66076.21455538292
48109400,63210.25258449532
44753600,16344.97702547579
44868802,104456.0146322269
44969401,96408.80895362537
40916602,38565.86953921673
47978801,101141.39212883593
44477801,46677.82165672803
43837403,70428.59506359653
46332802,72921.10170217344
48981001,32108.955858887915
46182002,27341.8501747537
44269401,67695.63796210615
45311601,55364.06873210341
46753400,29143.70735809658
47417602,28006.412647276644
44073400,43450.13126322262
47706202,65268.84686268502
42907002,43760.10940939869
49681201,44732.16135893093
43799202,40696.56359987221
41448402,40163.89094507125
42773803,83986.03250514978
46396000,31618.038412832477
41928600,86263.09362838764
45722400,55948.27849781405
44670602,65381.40698469298
48505601,48641.42209224036
45744400,32261.590862501645
42846600,26346.352831608318
42465200,28100.58631236203
44016402,56093.40844894544
46198800,22787.596744215654
41237603,34278.79093186371
49388800,100690.74201716064
44543602,43717.60353877219
42251200,36532.47683918132
43389400,49882.39239513833
42526000,27773.78772586125
42869003,141148.21121110706
48218400,32339.39395389273
47314202,44008.10556962089
42983800,31651.42357957926
47243200,34857.32365137897
47681602,74390.73406111482
46121601,61761.26505866256
42597802,62954.234044975856
45230001,40775.357661393355
49959200,41057.80457201137
40807003,56214.09414912661
45957200,50477.47518837465
46065202,70381.49373050181
45197203,74108.44910805734
44548603,57581.1087028084
42039403,37769.460285778674
43956201,63743.90840320093
41291802,29512.73920944799
43142403,39487.69367924783
49491800,105061.94868436418
43888003,25866.6559578917
48783402,68533.21143105096
40885003,29681.17178959102
43507602,58446.93241617303
41376803,30320.88329109496
41340400,30244.649017760967
40994400,92446.16416917153
42436003,45626.685916162256
49825600,114149.91616538503
45581202,34382.69373669242
49772002,60814.58545615165
46272201,47603.80118350414
47298402,35724.03160889697
45315802,26722.074178050374
44365801,41705.27236415634
44567401,83698.02103409704
47166001,33667.243409703326
45579002,58623.62317897655
47750600,70026.5721960406
44390602,78442.36689490988
41564802,30836.06910187042
43811202,70025.85302298945
45697803,33613.372903854244
48717601,62225.62155202318
48649002,66334.95811760299
44563602,37629.137615963264
49492202,34193.41910780089
45938601,48974.782667802356
48424402,70941.56641250418
42148603,35242.556772142634
44647403,58853.8747013509
45887601,49947.68055616426
43889801,25002.094623313504
45290603,94884.77088515565
44337200,54654.723573989
48508602,85589.11254628228
46588402,41536.86397394111
45890800,23482.895851232694
48448002,52230.094729271776
44921803,45642.46465325856
45996001,48321.258379441875
44802603,65033.888074205905
46360001,40925.76218337462
41589202,52260.171913739556
41951400,28940.167716170403
44121602,47643.58267201686
47866402,70635.26533689017
48304000,66592.7517561535
45881402,24879.87347591344
42484603,28223.905845274006
45444402,88404.4061613592
48371001,45783.526716909604
49187201,43754.93314088557
48223402,42467.96857976626
40950603,47911.64602361902
46001002,32683.93278191938
44716201,78469.21686559368
48713000,19022.651664793142
47959401,54764.17421468439
44263603,106199.88233270736
43420202,35533.14463132215
48780001,41831.43990365786
41064400,23792.354278417894
43774602,43818.89236741049
42708803,50186.78768815212
41752603,18125.898841000344
49459601,51503.78342445131
44330201,101898.5220687727
47873001,71842.80849127824
46626801,51416.641532918795
48717800,32617.016862295375
41241202,29085.343382894942
43697603,34887.42491396198
49317402,30440.1679949526
40815200,19848.06656198632
44766000,64838.52336269127
49463402,62473.179168633695
46217401,54388.108377280965
42975003,55624.60041711061
42177202,16015.831935423616
47373602,56021.4190405422
48621400,63435.34342233732
45628602,55757.168964469114
49094001,33251.785294349786
43262203,36225.387549985055
44598802,102782.63127374742
46493001,38626.63663803532
40931802,107964.7259846176
46132602,62565.615702024545
47425200,49427.2207651873
48064202,52772.418741241236
40985403,62756.37474424379
49496002,29731.433566225493
43100002,39706.48628182525
46917402,60862.72110721496
44879202,53417.356458936105
45171603,50798.1138393505
42263000,36891.10726447855
45436601,66059.09143344326
45298801,68938.28837328854
40982600,35109.4291747665
45237203,86020.26236875792
49927401,46085.26564729569
48282800,82524.09445869358
44390000,60274.89355113597
41369800,22245.030588194037
48812202,44344.51663251695
44284401,80492.28354077856
47546001,34013.8028955294
42778203,40638.07949455642
45355403,67061.0478235083
46916001,35838.29218893178
45786803,43609.34385841877
44781603,75429.57760696953
49656000,30422.872958299657
47217801,53519.05351800034
47266802,50799.81649366963
41291602,26878.686103868
46205802,85678.40183073371
43564002,43321.48288760402
47814802,37249.53562319027
46512202,80635.92578177174
49889201,42806.06125395608
48290602,19621.910533043898
49420002,57955.99111324994
49491000,52875.33388042898
47585202,20583.055342189713
42551202,20441.664279895682
47687200,42510.90815546158
44992001,74689.60544608545
41519803,47148.213166462025
46856001,21840.10922602353
41646400,97524.11092665777
41284202,25211.313875308202
40842602,50150.93297467608
43078602,83408.3532211229
42248202,47406.92021140247
40974602,33018.86090791072
48211202,29275.59840754758
49926401,65250.732657532775
41838402,33281.60697212831
41937802,24051.23371276933
49535600,38491.320149003615
42187802,50944.823223288535
42470003,110331.9077833453
47764400,38564.9825036411
46959202,54636.35634590698
41084803,17819.799128685925
45810201,60230.16776481661
49713600,27829.316738688176
41459002,63198.580816588306
44546602,73743.52935554803
41125000,38270.69502877051
42357403,52585.34871150705
44028601,41428.28201666264
42382200,51896.08868121712
44807000,40958.5768956894
49329400,33251.197834521096
48327801,42634.762687567665
48358400,58050.76125748651
48809600,55342.371448639715
42940400,53023.41774054602
47318001,69385.65621389328
47082601,84069.48540637965
42241803,49202.44752221732
45408602,33693.7697410816
45691802,25456.70694416607
47460002,33157.63174002907
45590200,41988.84103726501
49418802,40418.23115987684
46954601,37058.67040962137
49780001,28925.418245383375
45919602,77745.05546115967
48364401,114682.67458470166
42110000,85023.67389693853
44700000,30564.115357856048
46508002,81458.02301775092
45339801,89614.99527926176
45394801,38247.44158722378
46622801,34061.89402067632
43974000,75794.72974551629
49340600,35095.09536000663
44707600,107200.28296652682
45520203,81046.90973286134
42286002,34063.73120046135
46584402,88885.53079816395
43225203,125487.67341247239
44930601,42252.03412064706
48063002,63686.86143392237
42587402,63496.31765333819
44358803,59186.10296406404
46228401,60950.50002806494
42344200,56520.63656122181
47878801,85876.22242462498
42847003,41318.964026232075
48916800,47277.35352640489
48045201,65986.69697082796
46671000,27798.446078886744
45620803,23737.672317569093
46001202,48806.057912770615
48865202,42122.551192389365
49752002,118172.39627061802
41587802,40055.734970787955
46934201,36232.1307880354
49556002,42610.48483619642
47491001,74985.70873814296
42712603,108551.64983464582
42286003,38532.97988361398
46964801,74446.04522846967
44890403,28308.347535853864
48328401,57560.04354489778
44400200,51430.00080861022
44770802,39250.354880733685
47118401,33765.11129763507
44394801,38680.92875147534
44209802,35477.50452296165
41742000,52635.22461737771
49816801,54140.958866994755
46387001,81044.80292120842
48342202,36848.05728082574
49442800,97043.8467262946
43161600,64756.72508517371
42469203,48913.109606148
47865602,59951.44303892981
40892003,29486.280506650357
44926001,37918.57762873112
41540402,50112.48631883704
44218403,54371.947081063874
43276203,34070.23454862529
41253002,18911.331680708456
41570802,52155.485243840216
41345402,17309.671140645543
45720400,34657.2081289343
43647200,52836.49275625413
42556400,41690.87095905123
46293401,24810.28106818757
49848201,54459.55891150896
46963402,66734.23971530564
41737002,26800.392563403635
41282400,30443.47183214551
45913000,36215.15941616583
43332800,48238.96983416658
41450803,57067.68139189995
49035600,67576.46148313337
47950801,42721.09828612894
48845401,24075.155218653847
42986802,51597.86961956355
40994602,68628.84404140874
42884402,27076.184148729
44045800,82639.66234454543
45430201,65558.2407183016
44381200,51612.243990081006
43653402,84490.14221899718
43891401,53863.132950084706
47805800,28321.470502905933
45305402,58923.580155737145
46423602,38352.45832574884
43846600,31712.90987956681
43416802,43364.61137459091
46234600,39668.99820215261
45090402,65601.58344487246
44167601,77298.17812734382
41549803,113325.12757316287
43261600,21070.986412345235
41153603,30227.305747450944
44864003,90385.47352925493
46040201,49687.91623975828
41470803,32884.948550130364
46628602,62304.52878006998
49685001,61791.8863135107
41375400,32985.77513323848
46257402,89998.08715579289
48681600,32693.417009923574
48596201,35065.50092987712
42798400,36582.00257587569
46312000,49746.86292079998
43230803,30769.884719172354
45777402,58367.40872815942
46103602,84550.52172336014
44804800,30088.014602015824
47241601,68363.29980244937
43788803,66163.17748845884
41113002,52730.51408880083
49217402,54804.23409644143
49353602,30624.106494224256
49180801,29460.98309905055
41619403,17794.11178759498
41359003,32374.70544592107
48596401,80493.81325510176
45239002,26693.151015165822
44415802,78604.97748685395
45514800,60010.46933452513
49623201,55069.3995159267
46177000,44584.70028893731
44649601,21510.247662131966
45681400,19402.825266311775
46072802,33241.90666435109
47676602,73630.11906352492
46509802,54935.300131975586
44138402,56173.809290668
42092803,55691.61552614647
45514600,47945.815187385364
49613402,48819.342984205585
45406602,49643.15423726145
49183802,62599.29122082715
41230202,10089.85960345513
47861600,35579.14389310272
46606400,61253.083559295395
43562403,94731.92603543392
47521400,60469.701480546646
46737401,108859.60888651875
44926801,89627.8567039897
44919001,60356.26235461096
44574603,49869.92406646988
44787401,35234.23768517653
41866600,13492.5994969108
48306802,22886.498265542607
49305202,24375.188002144314
43793402,47788.69466558271
48603401,71530.23178807316
46239802,60716.61248035106
45833601,25706.456318832214
44061400,39272.4167356844
41365802,32204.03558460192
42031003,88673.02680991119
42034403,58941.12986492618
47544402,51915.16655442689
44753802,78280.82261313581
47833001,47337.816904685635
48247000,34189.87674698413
44961200,52311.13876060037
47483201,84980.82950639643
41723403,45977.40387354842
45411401,64865.37396204244
44689203,37399.67988348585
45820401,30788.476903030198
47987201,35957.33358646321
45583201,20075.259742290255
44988402,37343.92583100602
42144203,38434.3296917768
47353200,56771.82056118641
45612803,51754.90856160927
42056200,27463.75874678816
49202402,72154.58190341375
45973202,46735.5412312847
48410602,36002.26292592094
49490801,44660.37052314048
46294402,86786.06637409402
44224802,65870.94270976415
45524402,47608.17811012339
43378003,31266.986114515246
43143403,30789.94952784611
49264200,51590.69251354963
45593200,37602.3330344492
42982403,58162.87584466366
41670600,53931.998123376456
47049000,22196.68555530662
43654202,39441.467644508244
44747800,36922.17373113301
43021600,53048.60577591879
45721400,58705.63389615865
43534202,72469.14059179465
41460602,51093.46608159156
45079000,30898.318125843627
44627601,84815.81037323968
44212202,67706.07825544436
42765403,51253.98174340536
41666000,17497.695726060345
46401000,76950.38597540375
45604603,42395.85557707143
42243400,78389.72407443533
47898202,72170.64961650572
44891602,43414.319142444045
48186002,95622.9538428713
49474800,69563.230688629
45608202,59525.42927946582
44789403,50097.40439168841
47762201,74463.69431115431
48350202,91128.59410460261
47625801,55858.16386061216
43581402,38499.021487905964
48496400,41443.50235192073
45364003,75464.16406676249
48371802,48755.590893019085
45961401,83102.13987873896
48593400,40147.465553650385
46922400,24101.658850731976
43904201,74136.9192821584
43820003,56754.33146252548
49251602,30930.498451703777
42635203,53282.01579218739
41338000,33346.17855574646
48206000,33521.30511386115
46868202,27148.99634915562
44453600,36109.19673866825
49014400,59910.467532048846
46584400,36486.388477475586
48786202,102864.39576849231
42906002,27634.191725672805
47597000,67163.45466977202
43335003,28807.458002653908
41504600,36518.437545709385
47875600,44297.972274926564
41009800,39860.74543542022
47887002,69599.94128817665
48918601,32092.276563530286
41284802,24204.667097474477
42028202,45683.3567857145
42470203,37063.284168747676
41851803,74326.82274063124
41214203,10580.931763651264
43103202,103963.53058180217
45252202,16893.997613102372
45338403,42105.18007377481
45981002,33614.71333285693
49329401,78668.22756037118
46344801,38622.5906916807
43746003,26537.196644175725
43938602,48179.51525679383
47420200,74535.05981508877
43041000,74081.82820355741
41986402,24397.511137939997
47089800,27516.919149916263
41264602,9073.582515962997
44834203,64348.87686066621
42868002,37285.31939486138
43992600,68272.07263943883
43726000,44771.51319645301
45875002,93988.46637602992
41981602,85858.5336446316
48911400,32600.456332138412
44678600,13623.498459380913
45250202,40674.57447075598
45437003,50188.8774112441
41042400,41091.70200585947
47025802,95580.95065337562
48720200,21047.966227505232
48009201,25699.81336060514
44023201,27350.4389812721
44884001,110948.64506431489
44221003,89459.46723208434
41649603,39991.192747765526
47691401,15320.15594931686
43862001,32486.401760273104
47465600,39305.78524966058
42608003,34952.249847631596
47837401,34693.066864542314
46734800,82733.98610873175
45674003,73026.60644949313
42485602,26327.20181812971
41957603,31262.384933762372
44571001,73097.23499067187
44746400,13183.520590153363
41436002,65932.42812842732
47345400,65525.45941054939
44221200,69804.50803138342
41198600,35247.271472712564
43000803,62070.25580586578
49139602,33428.713840886194
43969602,30878.337082066108
41301400,14014.174593887867
41743800,45649.24825553846
44080803,35323.20806834603
46270801,76035.53624439743
44528400,91656.28711950677
42238802,48510.8012002696
46519000,49388.85588674778
43420400,50186.95199782343
49845602,45715.4963445525
48752802,46572.80565841138
44500401,78439.05089640818
49995400,43741.89587688916
46064002,55954.77219094758
45991001,92712.7194590694
41172003,41604.12207110497
46510400,88742.90189988431
49907201,34370.35811565662
48922400,34316.50073536807
45396603,91868.08324551552
41467802,28543.09556234748
44012001,50287.8632479129
48687000,59727.65560884134
47138402,101505.5141706586
45987001,40132.31163762785
47523201,116144.57930061288
48136602,28549.223649806292
46520801,33203.399203419445
49698601,40877.17428523314
41026203,34028.43178173968
45239400,27489.07801941847
42661200,21185.156626185002
46886402,93656.74331508558
45991401,52400.173944582326
43026003,28452.808956749745
48201600,32202.85239397374
45250402,34935.40910692807
44012602,37447.19027035167
43160402,31280.619080011158
40899200,69103.11431882666
46347202,33920.41216864225
42168403,74447.49959149177
46986201,49810.83350295956
46924200,83828.14688898576
40864602,41297.88367474424
48150200,40537.90354238732
41074200,45632.40670432834
48098402,56293.29197081889
43294203,88819.63224521658
42405400,58844.191229989396
43861002,30495.21849014269
44945601,47572.954742831425
43439202,75366.14732358986
44926603,56283.583051478025
43068203,26422.81922742124
49635802,33620.04594162741
47346602,39415.992478148124
49547202,46958.48821904139
42407603,58185.27627363823
43750203,40903.086548499836
48356201,43845.909989823675
45927202,83152.8827426018
47148400,88014.87639152452
45789002,29169.86207160301
46313402,76223.01593998089
44775203,25142.80638903188
47327200,56541.693359163284
45201802,55073.20486341932
49924400,109168.76970474506
45076401,78007.9387329263
44717400,97495.81828290866
44877200,26959.30034464701
44363201,47641.128032290464
48617401,51826.5634737409
41582402,21073.927546285
41167803,51195.28949689042
46218801,106896.87808795487
48160600,25299.808589453016
44884203,97562.31910422057
49454200,42004.48566974749
45250603,29370.732950405138
49718002,35907.82885755705
44615401,70424.01883952142
47294802,49611.163880466745
42494202,35877.20724893148
46690202,40613.1090055192
49508602,133757.34814052534
40993600,44638.698512269286
44246602,49632.91682859347
49041602,26117.40619446909
42536600,26784.628253138508
45064403,66131.95910629575
44264201,49610.70636844789
49382201,53489.20588292647
43468202,62230.81224420141
46710800,50166.93364757269
48841201,72533.20681511967
44380603,75722.1042700186
45536602,57290.383905660914
47893401,61291.369332019436
43374202,46853.565502542
45610202,31749.678355325395
46695801,66145.76603027483
48443000,73803.21227193132
42410400,79767.78257402853
41082802,56420.28706030211
43030000,54086.999386319454
41697000,53277.564005195265
44356603,24930.407189243786
43301003,33668.56454358314
44840000,64987.863115591346
46340200,98114.36236878019
43531800,48061.28089257937
45163601,39010.265299655075
46371600,121042.71562217422
47387800,86534.82103636774
43739803,39097.19500401518
49842802,55473.07359884322
42625402,109877.28521857099
47654000,19137.586182837404
47431200,45076.60975188557
47020202,43534.164397409164
44109000,47193.841114773866
43369603,49979.04465846105
46338801,44995.82273474967
49824201,74782.24781860878
45191800,116894.81795146709
49502801,84147.09289571113
48821401,38474.20087482368
42788200,92752.22721879988
44651001,28775.170177125452
41419803,47232.28535820516
41295602,26159.968557773893
49599000,45753.44492617169
49886402,91133.48210356056
45568803,41523.44142379187
43137403,49684.512964918045
47194600,22302.74979184974
47533201,80976.71830772523
45862201,28673.88311082786
45503601,62058.906233076166
41498203,65055.87813239937
46142000,65266.326757789444
43120603,46350.572702576246
47870401,23102.63071995324
44591202,23773.05965460056
44179401,31918.18776139231
43258000,39360.309501838754
45291200,64152.89973818992
41499402,59814.287398542736
44374603,38040.97606177974
42045402,17775.35344614149
47028602,28491.501545426036
46265402,50747.592796932935
44942800,39971.31993228293
46677002,33012.41586709098
47476802,47394.240700963746
46986400,45844.661661307495
44834201,54109.53553414943
47551002,48370.76057420278
49428602,37344.3910075649
43654403,38470.76964913274
42115800,37088.838705718765
45878400,94585.12836525412
48689602,78272.66721124793
49056001,57630.17298543731
44385203,22576.193810632372
41354402,32385.27968013768
44663801,101996.15092044123
48767402,44549.14164133523
41029202,55936.79129128446
44004402,59129.21736078207
44179400,30676.617772734924
44204200,35593.14859937319
45287600,73140.27754975822
47227602,37051.428439077885
47143001,38200.724631932324
47734800,84905.1887594944
46280600,27636.571212158386
43077403,40741.183414020445
45592601,34612.05009518843
41521603,55102.750969240224
45971802,38707.57916039313
41943600,42232.85730269834
41548802,50983.04086779
43975202,108774.66321639232
40833600,66796.65741537196
44854400,42468.92102083342
45424200,37477.92569783186
41247402,13598.811921025772
41447002,32667.85636500973
45884602,40226.69339355285
45581600,61935.00958319397
44799403,37750.6444973139
41547002,14389.227295817924
43286203,49128.367680314026
46915601,42143.98829829878
41044802,79830.08250923632
49632000,35088.31906392846
41584603,64482.74495601731
43998802,50223.9117988932
44198400,62015.96580361651
48446400,48654.914788074995
48023201,52676.85576504031
45163803,64393.80285584586
47409602,36470.811070185766
40818003,28678.043561799255
43351602,43305.8743918664
49685000,62181.30711118923
43596402,57837.359335442874
47852800,59321.6210009656
47363600,70166.67457575866
47727600,30073.796353114725
46748600,78391.38110069638
47180800,98539.05257298436
44618001,67305.24922628218
45462003,55921.23364393449
44864401,51232.68232555527
44347401,34642.96409952643
44789003,74559.29773367263
43221602,45112.75951116053
44644601,23626.80936167288
42074200,50825.71705982694
48229802,64042.82336497407
44455402,122016.98526139716
46853402,44135.35961610565
41533200,47523.85757181172
49160800,73429.53658755495
48774601,61485.95332401323
44811801,54221.66605803469
45488200,85746.96225681498
43678802,21049.321300729614
45923001,40195.22769561553
48131401,42896.31970422169
48148200,31515.288630998373
47946601,12171.524569786648
49614401,48669.44636720574
42149602,20788.992005807777
46172002,32956.659309813665
49871401,28900.456442118986
45847800,54855.338204790765
41695003,31447.651511567943
49105400,55482.129706811575
48276602,41763.44758040257
42928800,66534.37324506932
41549400,31347.304388542296
46557401,32960.00734208242
44975400,58324.59652695251
41785800,34486.377125682
48215200,38366.18219362905
45195003,59902.71517652461
46994600,33115.33670067923
43760402,31124.74229232696
40859002,69239.2605205196
44672600,107519.3250444847
48781802,28301.677745478046
42019802,50062.125057501136
49104201,34658.33650752857
47530402,27331.695143469326
48110602,48690.46168378108
44561602,32735.93059623773
45722402,21057.68198834823
44887202,94296.49469651631
46107200,32688.784416796127
41055202,46228.425229043394
43140203,31017.510271994313
48959600,49776.444801633
44637403,18089.849325760406
46403202,14818.068549882883
41149803,17387.75805003776
41256402,27729.866112704352
40843800,100019.23705111947
49866001,26549.804231262096
44711400,39834.61236070792
44905200,47992.77276877235
45319200,25818.0629779672
47719201,26431.429388760633
45090802,116698.82142575993
46923002,50318.15094961549
45840202,15650.068583073844
46203200,41068.9627938939
41757202,17244.190163441002
43276000,44738.76627119443
41434400,70870.60064383065
44901203,47613.087883928805
41322403,47843.42968541838
43383800,51648.78394133479
42392202,51601.28672952117
48130802,55883.401026538995
41047603,49675.965060454335
49466201,38974.53456368915
49230401,56734.93528296519
42419402,63677.74564774452
47274802,42801.640970244014
44143203,52854.73435740958
44219801,28825.443542044733
49711800,29392.002169234347
49537400,56152.46890026994
42705200,43234.42432038904
44544600,31795.447557545183
41248802,14234.555148269399
47817001,28558.061310792204
40871602,93236.99127004578
48578200,42489.7567244888
45416601,62372.47292854774
41933800,35244.681972769096
41146600,51514.4986124091
45218002,54554.96402769582
44380001,37133.75842084355
44545202,91857.3914432177
47497802,39019.21739613885
49422800,39713.308627001636
49234601,56572.91029962309
41498202,66187.3393950439
43871200,49565.518399157845
47712200,45945.02466941941
44232800,62006.29809400158
45317802,50499.76364274211
43265002,76718.10029426876
41256800,32280.549175714965
46830801,56137.56031090222
42556003,20286.323118264605
47755600,80574.68509662554
41359203,33328.99967582784
43699202,58007.76236304843
49535801,58532.94473755952
45155403,90210.82424339096
47559202,51749.529080238884
48650201,6806.907471108621
48200602,29029.210865037618
42594802,58785.80025620824
46033000,69797.0456186227
47010802,46826.23164691421
45005201,39771.7535260534
49867802,37865.417909597076
44908002,33841.65669700254
42832800,30596.128138510943
46279201,44826.82466189177
41221800,26930.044272888677
49433601,69570.92271905762
41211600,28831.994044195788
47642200,36844.22363837907
42625800,46860.26024288305
46359001,47839.8191030955
43685603,60613.210067215856
49868002,27745.365691480954
41246602,30349.914883727295
45065402,73951.78236738175
41699600,65058.6795709825
49101401,68330.26390848254
48844601,107302.14257256006
47863800,56147.80773209447
41042203,27139.867608950684
42148400,112368.11141768428
41837603,36097.43082908861
47638000,39634.93324325031
48681202,46631.58359209971
42716600,74354.13606683326
46160601,41906.12399338495
47351600,22077.29606241415
45640201,88180.37797633489
46380601,55786.8197344107
42258802,68356.93593911105
48906601,26223.606080321253
43794600,52302.550578135866
44934002,47156.15342461793
49126802,47423.43743162392
46778200,63994.06058989806
45391203,30562.675187663364
41364203,27122.57184717703
44970200,77989.40176281621
45937202,92959.35894296764
48152002,36391.98714301598
49578402,45241.37712547906
48441202,41469.96050047294
49887400,33322.62232962207
41299402,15755.437326143583
45161200,44140.747067761884
43690203,53813.629513968524
49191202,80048.58775563956
45691601,82198.03896209723
49687602,54986.64221554164
41233602,43925.4671921974
47040601,49514.25075936319
43809202,82525.91447473297
49700801,87294.53607955683
48624002,73060.42705533221
43155002,83193.23894986571
45418403,97620.60646328026
46608601,72852.97169301574
48337200,18415.690031391954
48508200,98575.744867767
48686200,81419.95825189678
44421801,41029.13802773657
43174000,69468.07976004695
41870003,27773.472708261346
41808200,81121.74765212598
43905603,109823.75664152001
49822401,33027.166302686586
44486802,88231.62806775948
47576202,34106.24881739481
45532801,19864.119626219574
42150402,16974.42170104038
41358802,22110.68810928979
46837401,51327.69494794002
44163801,52851.238025382365
42039402,31989.058068576738
47694400,56155.34808422909
45902602,27069.035273928144
41297600,25550.684139090787
43843800,60317.505070991676
46876601,55286.63913593602
47910601,52452.53033239776
43277403,33551.44855441364
43368403,49949.00343196659
42474403,37919.62060034161
42311602,45649.0108270277
45014802,52880.16237479522
44810800,65093.291732923506
44641001,42340.404899092915
48335401,60815.16093746712
48340201,31820.018588351737
49678802,57501.38681830653
46705200,28416.757490125594
42725600,57477.93650966087
49792601,72416.11535925344
47592400,80467.66372725586
44487600,46357.02055140711
49177402,103451.82165002443
46009400,39349.54948213449
41181402,41100.69627932664
48683202,33968.57420953882
46375602,42793.02418643734
46068601,76861.87570864923
45544400,69240.34342159635
42472003,44608.23015831038
45300202,76324.60124065752
49968201,56409.07220338473
42770602,109335.16718960092
42677003,35976.64706090707
45110801,59507.776561241226
44525203,43438.85840868016
44760001,54518.37868746878
41026803,79521.5403088667
45221802,30324.958983651693
45841403,73339.33422647882
47533402,68674.91152674826
41482403,60369.65644465417
41572602,41864.175563093704
45194001,58743.886369625536
44493001,37704.94411768753
42283603,39805.927110139266
44985600,49127.14061604651
41555600,47071.00076919682
49748602,56029.05808274713
40808602,36677.32058170992
47299200,34374.89011093396
46759002,20255.126038574257
45064802,39178.40398119355
44633401,65445.63573327108
46587601,45140.49173325923
45212200,35386.86835170544
47417402,79510.80464518373
45370002,28091.271511660605
46383200,28405.0308060873
44172800,51209.96915255501
48063601,34941.984021010816
43155800,44694.5449673258
46678400,74090.00696526928
45310003,26950.563069508804
49758402,28051.02678140309
47760401,96171.9911263698
43623803,42694.22944869609
41812600,43362.03698547942
41349000,17233.143973875674
47207402,80195.50358408941
44260801,40584.62846909443
46104002,41493.733925526176
44085400,37273.59794705176
43687003,35765.99808957837
41254203,30882.28833967867
41893402,45698.09446771283
45875000,32581.786307806513
49930002,68167.51313348644
44470203,60479.146594040445
47856801,32214.652822425276
49544201,57740.40982924689
47735402,49591.471692169405
43045602,24461.71984489206
47723202,43883.95202386533
46479000,48127.59471014691
41319403,29311.059105052016
42079202,39000.29176749306
46612401,47359.75350469486
40882002,43505.2355148481
45357800,31467.42402359886
48979200,35763.264101177745
48576202,55792.93910397932
45392801,54302.08988306041
45167402,30925.660509048485
44009402,62567.96387998482
45091001,43298.07108656555
43857003,57212.28462741361
45537400,35126.01153574651
45391401,30877.892418038184
42518800,74120.79643542937
42461003,62776.5748496999
41569800,22363.86591989165
49635800,54942.926717345945
44454601,43861.983562083784
46960002,58143.41038594495
46310001,85046.424557775
49482201,71541.29754804993
47624802,73329.71744672654
44110200,22801.82524649334
48193402,45873.06082502091
42640400,69776.2293225428
45055203,47149.10668174943
47571202,29183.696656121097
44579400,22635.810390916486
44156003,53389.63094609672
41969202,43483.88752393563
44387602,55168.80885371682
44047801,40105.12695998628
41531800,41221.842201663116
46956801,35133.02731610674
46590202,82340.2236680213
44324003,47431.00510069081
45580202,21215.037113566235
42824802,67973.70088092813
43794803,43947.0150295662
41535603,79346.77849351578
49870400,88230.68836325298
46194600,46702.60693582035
43064203,21125.78267492685
44664003,24801.40781650476
45638200,42826.91427855248
46517601,11883.390450211176
42242802,56954.27564734315
41088602,22437.452501362633
47475802,46540.43451253632
49411802,77330.35920141978
44937600,51265.26440395358
48618600,57530.222315110295
49328200,52832.48674430158
47712201,49017.824340855004
49895602,22914.63041949385
48614600,25729.22900684658
49023802,32100.81575630116
48824402,23524.22384849513
45195401,42632.51371057707
42418603,70570.92713594879
46910000,80749.27213323413
45645600,76839.84453738036
46398000,63263.831889631016
49327600,49738.73970141569
42102600,19199.455422535473
41037002,39645.942628742996
47031002,50776.21100549505
45849000,71775.16783605896
45590000,51336.49406930646
46747200,44022.73374402739
48489200,15503.435493900113
41494402,24064.717974415347
42600003,124897.02627690871
45055603,40634.55089823152
44120402,32334.279889882495
49006202,65565.74974291748
46279600,39092.58650984755
46998600,36387.15044316033
46408802,41342.751789118476
48466601,39099.00846240661
43103600,50566.193373255956
49378201,28332.89748922306
48688201,47224.18306046285
43194403,52577.626736230384
40896202,35013.17330866733
45622601,58731.63519245855
42733402,44392.3927223532
41047003,45095.389646477925
48169202,47961.140442957476
45087801,26264.82256334822
45026400,71430.13363354688
41794802,30727.66014723224
47776002,34801.46422181295
43549403,63184.24749046065
42629803,60471.36951705225
43863400,35002.08792562036
41696803,30217.999010082975
49211402,53756.05236770051
48518602,45889.18130820445
45937201,65371.76137244297
47781800,83846.92395365993
45804800,30547.77122611245
43414402,41209.32602281787
42640000,52291.723007583394
43173800,46468.67455002117
49629002,37783.36563628839
44551403,33984.455398431026
48318402,32058.682901245313
43878201,80341.98832556442
44556600,24928.25787781932
46425202,109927.02166602641
49361400,38617.625877471764
41693402,19860.015612477786
47485401,52293.5061905405
44864403,51232.68232555527
43614603,58677.65498124409
41124403,51886.879081862324
41997200,39463.15906405262
44877001,41924.51362617636
43082803,78558.40025636005
44517602,69043.32255516335
47463000,49444.88365933391
43468200,35739.7671514408
43307202,43188.93645981817
42979800,59838.53586332131
42537202,49140.92151019964
48433600,80491.14800903841
40826800,37442.33825539629
49024802,50749.595161117286
47218801,87369.10105350192
47893200,64193.92185675736
42403203,37085.181567972715
44559203,42574.967450694276
45123201,46233.59183308631
42848802,29973.521497871687
45623802,55264.78805337472
46835002,20833.498694062313
41792000,94651.48764674077
44115803,69414.35304284419
49642001,37737.374194743126
47577802,51983.127008464595
40861003,24656.753114732222
44910203,25756.40195783854
41374802,29639.048867050587
43115200,56353.59091101249
45996002,43082.513214903796
49107402,72320.23305142365
47896602,83727.95199437003
44918203,37082.565243891324
43639002,66168.08292665008
44881201,19831.472747652457
45651003,76341.4203274658
41306003,15360.978425074587
41239202,28178.743046677504
41477000,66748.22580330653
41049200,105724.47926190196
40972800,48407.06099888743
46349801,62743.62370577686
43566000,44709.86036520402
43940002,74235.48369151953
46069600,33449.82765846561
45773202,30145.667144588653
45704003,56726.22924901927
49030201,59065.6088084998
44448000,57796.26863228918
45175202,64881.01779693875
46579800,58216.35986685355
49540802,35767.82932360837
43596602,56783.82887193468
47077801,81798.81540501873
41936400,83612.20594148245
45906801,61157.572690487854
45637401,53863.504017706015
48078800,42805.240511186305
43990403,39311.91889844324
43658000,13788.068668831256
42612803,23993.410172333308
48829802,73993.50156286391
45499801,29814.923372728812
47257200,33672.13936065991
43183400,46607.03737614844
46935001,53083.26483695736
44863602,49310.09173976261
44012603,72024.30499097705
47820002,17636.628755210455
44158800,54850.48927515706
44428403,37549.959572557054
44118003,38255.78199968267
49289201,49324.77232888479
45666003,59518.31323447444
44387402,45029.63440938116
44451200,58920.48629625284
46364600,69459.08389665865
49859602,67432.02280843396
41599802,55312.51734299156
45298403,44419.72725878769
45862200,43080.391125180686
48155402,54044.29915244903
44002002,16908.78235270195
49489601,39108.53231230368
47488201,57454.1721328933
41086400,59706.72877557429
42778000,93495.62760925107
44032800,52047.87339074627
42665803,37530.272450286255
44151003,27355.949584278256
48032602,34803.30755154805
45456201,50399.07971893265
40854603,50591.22723209528
45686603,29824.958452162224
41114003,111973.02049631918
48047400,52921.848008363486
42967200,50533.7073847925
42307600,32577.8587725638
46638800,45766.609949699574
49529202,75763.5876543089
46047401,88892.61780559202
43668400,29114.473838149468
42751003,85084.36304968808
43027802,27989.091810532445
47694402,42599.30478149341
49683000,58690.62273043408
45624801,28973.013836160873
48234802,51354.18017890435
44581202,30112.1781239246
44632403,66384.34362916368
41761402,75674.59843833448
42645602,32893.182553041726
42139403,87479.96019019945
47809400,67579.46774747396
49166002,58546.09133802333
45502003,20416.58360088177
45541003,64178.769647222085
43180603,65276.53773135667
47457000,60284.323284508915
48650000,48569.81171366925
43366803,44775.224945580994
41897802,2718.341883495523
42237203,45194.02858800236
41338802,28619.166118455898
43742403,43788.62976665993
49732001,40224.39966429115
42894002,32461.872236812564
41624000,43368.742891609945
42797403,65767.42967657308
46371201,53208.10767110271
47227601,19757.261456332308
41984403,44115.07606653027
45069601,37621.23315641748
46166001,48322.29576805935
44382003,35416.84939974447
45100001,48329.65589173651
42122200,72179.20737674908
47134800,65724.91569996509
43796600,39799.911067691304
41979602,7333.960433624066
45669802,51451.29373401233
46474801,99993.63570192052
44849800,59304.15246798663
47021801,46535.68505541093
45207800,53958.459094014695
44950003,30594.4077123241
46935600,28629.37346087196
45439603,20170.14171177854
41702400,29312.398637736547
48029001,76455.8501487381
46945001,37754.8394152415
48616602,76827.73146398488
46189801,85175.71198492759
43558802,37170.26916411439
44725800,54871.01925304895
46633000,56074.343927668284
44454200,45569.43110544182
41045403,88278.62196735339
45423401,30175.84768452827
44107203,63377.59291778147
43124202,44060.644529630496
43627803,63585.94282467597
42616603,26449.988327746127
47923001,37537.44179258722
49302801,44791.466831720434
48277801,37772.602562901026
45317000,66535.74489596201
47167201,34957.97963299912
46333802,94312.92129214015
41849000,23576.47117662125
45199003,41442.04414064931
47347600,20922.237929248222
47869600,53563.979450785526
42538403,50163.06825456377
42337800,37968.94592665542
44988202,45252.30191374004
49336001,50622.89212873423
46003002,47639.63682055868
43848000,52880.72891904396
49907200,59627.780333299954
42223003,40212.74127783061
41303003,14276.885675425161
47291400,32359.897564670573
43935002,112108.270132737
43882003,21571.434594248647
45915800,74748.5271066633
41726200,45257.141806788146
43002200,38873.73386107182
41237803,34278.79093186371
48938601,23653.899144832736
43167202,47278.245324070376
44102001,76047.30119966938
45774002,54116.58757635312
42634203,99929.56472691309
43797800,41696.18189286674
45697601,30511.146882835437
44556403,38690.77843403756
46707601,51909.159310480376
45259602,51266.227406583705
42338603,56917.50743225349
48546602,31891.238229594528
43377002,74402.55929549923
45384001,62038.9779300269
43234002,53445.58471605263
42969400,54175.302793590345
41119802,53849.04766857182
47232602,89180.26491369022
43815602,40291.905255732476
48071801,55157.72059902994
44303002,46271.55859244325
43364603,24463.301763063057
48634801,56320.987834325024
48898402,28058.390399976975
41255003,38839.64766474962
49355601,61676.974126317844
43757600,39291.67005916081
43570802,98423.77904947894
41377002,30320.88329109496
41571203,58657.28426828797
46665802,57156.720180801625
46955601,37971.60204842365
47873200,55640.01257637094
42752002,20940.00625231515
45309800,44786.90343527951
47872402,28467.83655177954
48097801,33668.68015651999
41129603,41547.14449424785
47776801,87260.3299172627
43133600,42902.362890418706
43306002,70191.25273307534
49005001,79832.25486292253
44438603,44877.375892218246
43767200,35730.493911873986
45711603,41445.86505739502
43914201,55408.261576631994
41307403,13571.654481399317
42963203,49919.58703306796
47371001,52587.1966434395
43950603,55459.75923551129
43868002,31408.794676294878
46090601,77950.21993196635
47713001,47878.913952042145
49064001,46240.08539356947
47629800,59555.90471799564
44254803,54094.38339069079
47700800,54355.78950727286
41051600,48260.88124679628
45170401,36918.49062119088
43815603,92482.34273642127
45489800,48617.61677089878
42759203,63850.3091687242
44681400,66778.00293281845
47847202,48474.739557307184
44020603,13401.151298705809
43588800,32673.523657096088
48858000,42088.52821007136
48521000,90572.96688186724
45483201,30499.839396643787
42566602,53732.557967805486
44942600,52808.101345819145
41389803,28746.487189894015
48888402,63785.30129917108
43387803,52901.35284999593
41702800,65531.019986050975
49288800,104923.48852127376
44353400,103446.35217865111
46670400,65491.3747355772
43262003,50864.43521595653
45459801,31063.215579256186
41649602,31967.974536658276
42861602,23750.029432555028
44201402,28030.548989594237
44976202,47861.99323001657
44583802,22995.89317994102
41526602,33451.28584039323
45674202,41213.69542532052
47844601,40949.575612355344
48283602,56740.51981235311
41582003,29770.204312984508
43552200,82545.31967508585
46297600,24788.211678439715
47128000,87114.319002089
44404801,40122.97219833051
44532602,72283.28138063414
41950403,72485.57671382712
46937401,25742.67947850794
47243201,49292.30115301253
44689201,35924.17938860146
45191400,32212.5254716052
43788600,35395.43134443374
44050200,37726.46045085923
41364802,46249.08822007764
48650400,50448.19716287723
49700601,33104.60138762095
45449802,21920.398683094303
49700802,76830.64635376912
45103601,58123.43752346704
41890402,10327.304096090309
48916200,68839.98776929209
46717202,79150.76386904721
41830402,12140.296093979116
43544800,32717.134822557
41571400,42313.5297904904
47788601,36039.14239510517
46588802,48822.0915347721
42732203,24613.342089894933
45951000,24416.127949638023
49759001,39071.14311518459
46342601,54384.71058569489
44016003,51426.87060328731
45074403,73512.32961680906
45721000,58152.99051303502
43059200,39209.27783055087
49245600,55527.16091875669
49622600,50263.366278267
41013800,54549.330964254346
44488200,56996.61668102151
40916002,56759.73845383565
43552003,52004.68399219608
46175401,110116.73631334404
45523800,63272.07815914377
41230803,33662.74967012569
47788402,107896.77113880544
43028602,67954.50344198648
41934800,88032.52146279188
43728400,27816.82880882323
45750602,53298.27115703799
43189002,71539.44684985038
44257003,39172.47381948071
44873800,45140.96594966251
47792402,50789.85610251676
42081200,49794.91140062346
45610201,31163.78784015193
48613201,23044.05286583495
41902200,90955.13656391413
45898402,31533.541297893014
47678201,58531.89887541237
45386001,78630.38092855937
47315202,49634.5591690598
47793802,40157.99037789233
44787201,44507.98434909221
46001000,25328.84315647622
44891403,53911.4095669928
49242000,26942.3616145176
45491601,43687.34410736423
44536402,44515.02173524395
46192800,16751.601664760638
46076600,47003.41996902756
47478201,50306.93074412229
47003200,79584.52608013923
45525803,25306.93568244033
47914201,55754.29709281276
46444602,43536.7799479735
41370803,44547.7622717379
41612203,57206.561828590595
47256201,29312.330710576607
42946400,78706.40798604542
42543403,86457.71196082693
46947801,71242.51324437046
43723600,56530.45214237132
47730400,76673.6511548508
41942203,49960.55505344797
46043601,62487.72561583435
47740802,29711.815952164692
44281601,55944.13491154606
46436401,49922.66295155304
44333603,91236.68858467002
43881601,34266.50491741058
44437403,41616.59746957739
46146801,22644.761577517893
46118402,47301.803260217624
45227601,72839.01338960299
44765002,56271.91121241521
44985002,80585.00579693547
43755402,64652.72742494115
46351002,80337.24316284154
41719003,53587.72118298906
44843401,100405.18039831199
42984403,58675.04418067597
41338803,28619.166118455898
48631401,52368.22473635709
45850202,58600.896249572324
48233000,47017.59764827517
47281601,28162.55004840427
42857800,39090.65246284369
44821802,78219.1710565116
49568602,27097.806051695523
47692801,32103.27717336768
40970003,45491.58082098859
44529403,67652.15766502728
46328402,29802.96059621831
48830801,76070.42032041948
47030002,55365.06517143339
43531200,63253.498028935486
48441002,50245.83274009204
45051402,35533.86021400397
47214002,36271.04872980736
46721401,50157.14495709138
47590601,55723.45189869511
49110201,38313.39059913548
45191600,53948.756014350474
42311003,71173.46087795848
48410402,30015.157467370103
49721602,29653.408612920313
44830402,70851.84650102202
44511203,85720.6954864962
43474203,33942.12909728529
46708802,26827.14889125216
43565802,104240.27652069331
46639600,44696.622302756085
43086600,30905.325791006086
44237002,33322.37518172648
43899603,54798.963795279626
42313200,115346.68540677942
44390002,45589.142791291146
41947203,32769.745065771865
45537001,72444.72166603139
47986800,55858.17303794758
42151602,34498.87680526582
47461602,97302.76727723659
43629000,20952.332496503463
41864803,19199.15237454918
40994802,30906.32303699105
46185200,46484.66712956944
46018401,72054.70444163191
46275002,62209.84328458017
49356200,55513.52939877012
47171800,44688.294364749716
44173403,28467.096123431482
45589201,92166.0981128784
47746802,55159.30160044462
48318000,37625.431035389855
47193402,42256.98562089911
40905203,66495.12140694505
42847000,27058.13509202023
48523002,25170.422775966552
44984202,42468.79139592326
48870002,63034.63975272552
49859600,67645.7568669503
48954401,37259.03413429234
49841602,46049.13386495673
48303000,50913.12113029533
47551402,31386.22309815165
48864002,46165.14899532421
42895800,58065.01224839928
41508600,64204.39255234456
42904003,39244.390371765185
49292402,40525.53334356048
46595601,39220.30010601789
42601602,76187.00633340863
46535400,27829.792888663367
46482800,78843.59980090299
43689203,40890.79053694513
47840801,18935.809952973847
41443003,46130.6650565733
44611202,47985.95708893843
46081202,44510.690363166475
47336001,53687.78509508169
46434401,35515.13453704847
46090602,43499.914300184566
44596602,22560.206791721263
49026402,30073.4863981138
44895000,69397.09566585663
42863600,45012.22104938967
45139601,87024.73594423858
41644200,32447.867349594126
49632800,34726.6728959202
45147801,17972.209409444025
43666203,19632.714378522804
41678602,44430.73951229698
41959203,29914.036530189172
45332800,34784.99167083933
41957400,44189.15874725249
45274203,44961.211179588165
48591800,63899.10439739477
47995400,68738.87050301059
45730000,46677.06264742385
46776600,26029.154470218484
47477400,91069.62607818829
44062202,25476.183126946904
44205201,47068.88338604872
47105600,71227.26231571584
45932201,22050.698919332215
48486002,97831.85487043881
45792602,78130.23013651487
49428601,23172.36656751048
43334802,40692.683864390754
44739800,52905.443725799945
44305803,25106.109383478186
49148602,47312.58985728732
44257401,55534.690619784735
47331601,56937.254538003544
44221001,73605.30666135234
43580403,34941.53557828671
42567203,18452.90680163094
46673802,76803.12533047164
43669003,21609.369585392495
41640403,40026.75869370248
40858003,50115.665199943156
40833200,61673.350252658136
49350600,78887.41425650749
45076203,63516.637057524465
47147801,40909.50552944462
47269800,44727.9248977677
45713602,106381.53516410397
44483400,66721.92115888967
44973003,56219.24501603542
44335802,31563.279407833717
46049200,91039.45673330157
48743402,38268.538749437954
41911002,66595.54816904211
42655203,49187.72011722614
41698802,30887.051404792626
41179602,69292.90201322862
49112002,24043.689752450402
40889600,75465.53473409108
41941403,30564.96460107473
49778401,44825.37355772019
46563400,51979.293239765546
41305600,24302.538921215695
40809203,21759.021595240403
42953800,41672.78558364013
45062203,39752.866751177775
42170400,21019.515947224587
47695002,17351.50544141812
45263201,36471.72706870141
41316600,19532.182463022335
45152000,61095.58014525987
41930203,46165.74022564332
44453201,63193.29223440186
46457000,31133.236619144307
41211603,28618.259985679455
44117801,26588.46562012667
42193603,73209.84170856507
47616800,45331.63491609678
46831201,56254.58927689964
44229000,56562.82111712542
46952000,85600.49227520279
49832002,31365.352770233512
43374000,62433.172714029366
47271402,50133.00756356409
47287201,40219.0952839004
44194200,39780.63091042349
49352202,86307.77434133785
49658200,80587.80500982836
49874001,71052.24609181484
47261401,58307.63707191972
49247800,98530.87994878898
44717802,24053.235983790677
41318600,24960.897828033703
47622401,31402.610934092827
43886402,44035.6996710338
44601200,45099.643056402274
45967202,39035.31767564168
42305200,60000.00681550472
43624002,54862.81197052686
46696800,23961.12020845658
46710001,39732.27490754204
48808601,75964.94760764133
43168002,42300.13844801525
49572801,53874.29289561452
47478200,51087.95072493287
44228801,40392.24532880467
47710002,45283.70204570562
41161803,35556.97586006358
47392202,94290.34847727421
45660801,31863.5370709538
43410802,42956.775484497935
47747402,41655.65977332058
43953800,34555.87121697316
45316802,77775.36426026344
43797203,19908.72307561567
46217800,66691.19523483199
42874802,58532.92381353445
48138402,52881.51969211362
48860401,21917.80055646214
46579401,49885.89584305798
41167600,41059.21571853449
41496000,39283.41011647211
48382201,57813.04555972898
49719802,61651.479845765425
42477000,60411.99192184736
49001801,32764.337738658414
45316203,55124.4091523013
47329402,32985.14655956772
48974202,29274.013914790914
45214803,55020.15452010644
42281000,38072.859758813865
48551600,18043.880276574164
44301403,92796.04053513113
46961601,84447.28124085449
43102600,69703.87899494552
46842001,48007.207821186625
44246601,48465.413102032224
48975202,44131.72923479049
43576203,84884.08985427565
46116801,46786.89580328239
41986202,8508.801698330215
43969601,27496.469208250383
45833600,37762.75477972789
42243800,19868.581043827544
47493201,58422.45360551607
41136600,53746.51061164226
49303000,24025.292150075424
47860000,68483.66184162596
45524401,76585.05279857993
44205202,45566.25099431303
43200200,60492.83670026185
45107803,68330.3480438973
46616200,45775.24757695597
46271400,70706.976478214
43276602,54726.25752460747
47080401,48255.50768847176
43996600,87949.87059013831
47629200,40244.397851337846
44713800,25714.68489093222
47541202,66680.61077576946
46689000,51937.431303304504
48528001,56954.21622402787
49703000,77210.50313999578
47320201,35774.052262440535
44661002,47949.492162329465
42260803,29798.222606043146
44285400,38623.93234396784
45552200,42826.20168251934
48113601,31949.821850129698
46440000,54507.98350911608
47391402,41158.86748293844
48909602,28869.798878617108
46614201,53446.49393420728
41613400,74453.62225561918
47195801,46339.44627666609
43419802,45644.39871732304
45366801,75423.93287498134
45837402,32899.27641857976
42093603,73500.30577108297
46844000,45405.2411182219
46930201,69541.6654340367
41232203,30830.866957605176
45665403,71539.62068030356
46121200,107702.67919902084
44134000,32309.876739819483
41752002,56829.1834641537
45566800,42886.43609914927
47679000,56195.418698519294
42837603,29191.671135255227
42651002,38155.216858892134
42377003,65850.16865348301
47124002,30666.775420530415
44209800,41208.30788345722
42435800,40505.097283727984
42442003,34993.538536162414
47643400,19302.139113426027
41139802,31295.82133004264
47152602,29498.992871352133
45818801,48278.914135477695
48385201,59427.32464936048
42436200,52183.398113005824
41630400,29082.3923463791
44412600,74332.36699744881
47808402,19444.16636734014
42945400,37167.46776192202
49036000,26026.63148914381
44446003,41513.88856955114
42147800,77966.78304948939
42920202,46608.05135895756
47335402,31537.650676430803
49340202,49523.976739450125
48141400,94733.78834069458
48386402,66181.46563867501
47733200,46809.22710852113
41111800,47751.07137874513
46712601,17557.203430338683
41283200,22147.66759990871
40965203,107117.37653988751
45592603,33980.368954653124
44472400,49320.616028838806
42460202,97479.05634721775
45503403,91178.35215534264
41027402,64009.79453642621
47870802,99531.93607469606
44911601,46742.07756145094
47802601,33829.67464592729
44827403,31614.5296308866
41106400,42593.33601699506
46358201,35345.49062259865
46331600,48754.677056067754
48587601,81615.33101071871
43900401,51734.21295584743
49454001,48589.9217754399
44308400,23641.90513809494
44570600,50042.13392513989
44588400,118079.90631430123
44703603,42183.94796064231
41782002,20554.931683729417
41183600,42214.0695998249
45092002,33530.4482426983
44719002,51072.79668939268
44488402,27827.803458016795
42072403,61888.07481262399
49540000,56913.37564534
42441202,65008.67525676425
49462601,29288.309509193863
49858400,44624.686657390106
45056601,85098.50084524731
46759801,21491.656790847825
44020002,43493.566996492955
47514000,26006.12085310692
47716800,27117.143000227275
47793600,79284.7802012282
49196002,88583.38752438936
48163601,43127.76374640082
44198800,70565.15074937779
43641802,31267.84867132742
44423401,33028.596608594955
45500401,65410.379233763386
41882603,20958.85752208183
47376602,70341.50979891054
49751201,39704.60641532121
46073802,66604.15349122055
41781002,12947.033385160124
43566603,24053.211660045643
42821802,17447.67588184568
43334403,96704.95666568063
47553802,52413.54317890404
48860001,26096.766090813842
49911800,51046.817440204206
44745202,63778.89423578071
43216400,20739.360490995903
49418601,62856.919917559135
47226402,53037.53374419679
43339202,116582.7270622571
49119400,34121.9352197829
48490801,30418.96222104654
46703401,40665.11593731817
45538202,31080.755274063016
43219603,52671.26538320386
47900400,51223.180810815466
44576203,33423.0752410076
41085403,74865.21488814402
41727600,56773.356473988046
40857000,93335.61093587248
47685201,32384.250153088575
48969402,52614.06213947461
42030402,48685.46164582357
43398003,80397.02247811152
48313002,52805.29858833719
41521202,56379.276247769245
45926001,44446.45334414489
48880002,54197.80347005231
45114402,58412.70210066792
44981401,44622.73604909485
41240003,32886.33598887266
48209401,40158.63985249911
43982002,38128.64250719511
48804202,32052.31894132558
42172603,31150.042403810185
45345002,66344.89391278176
45974600,25745.749085556272
44736800,102217.16029061771
43921402,50982.931941171824
45767601,47323.564741316746
45187603,27230.536463782337
45779400,47973.74059231414
48975401,80135.35932127702
47030400,62309.697787988676
40996203,58145.61240004324
45509001,45101.0982219351
41321802,16344.43581238341
41463402,23749.530002044237
44623800,33216.59340137224
47985201,83225.62637181906
46521401,33992.49086451475
42002002,49344.84386139641
46931002,38142.31879436855
43740400,48008.325611838234
47831600,73760.56617702534
41494003,27792.38692442709
49020200,30430.267700706536
43698000,44701.18869335066
40886000,33732.77202193276
45184202,23681.63915048076
48805000,65678.0003258583
46484001,55593.12250446112
45480400,68549.40673131605
45935801,39304.88597443934
42292402,89719.85971211796
48432002,76043.59964955269
44572400,124622.23240352755
49461001,56104.59161537745
47753400,68413.32363217024
41243200,24346.033411488104
44984601,45050.44254998617
41730002,38533.561154549214
42838400,17600.74989369863
44404803,95888.47523413965
47843600,58104.19302550827
49284601,46572.691399313495
45128400,37193.10309998943
47600202,65645.54576090188
42367603,41884.626295736816
45907200,64062.462746013014
41683003,37812.163103231316
44481003,44352.943203794915
42979202,49379.18210799936
44721001,35658.1201580795
47711202,27983.9361978623
45399002,76520.52209046537
44043600,18002.82583273993
43432403,36147.506911452045
41206003,39667.26727164534
47870402,62623.71349236778
42034402,59071.69236218071
48096200,92031.2330016284
43862802,54712.64253441107
45846003,80913.17346111781
48809202,20872.53969988648
48337001,51820.226657994834
41009403,28881.492284070442
42204600,36200.249614651984
44832400,81287.8281357509
49659802,30883.34796780661
42538803,48601.06853661008
43812403,31975.30602950509
44566603,24614.107277964955
45233603,59242.32099930608
42051202,61715.508952823715
47520001,75932.34261630224
41992402,16798.479063892904
41769802,48715.19237535793
41105402,83581.43537566505
42077800,25176.42173764074
48454002,47223.27482972501
49665601,27786.461301077878
49094002,66254.87136886719
45745801,59966.3535118339
44302800,32147.680629184713
43520000,37720.35164088252
47577602,23556.027894362567
46127800,23800.049267434246
47981602,31231.552225356394
41822200,29271.377369021207
49411400,50747.59694390238
48519201,37580.09438131236
47758402,72991.51975530571
46702200,24173.567474578987
44927801,118236.81977578992
42080403,95407.8324348474
43053603,57915.861267603774
46712401,58251.31189058839
48362600,39274.6701400852
43181002,38804.96791238818
43500402,68278.96803549296
44300801,23088.19095764109
42263603,100942.1788259864
41225002,44369.43567300169
42810802,46881.46596817424
49837602,51527.837787543795
48763802,73713.00475903635
45649403,27511.401448785706
41287002,26395.77422679826
44922000,110471.38732430211
44901800,27120.125882389868
47845001,46008.882033463764
47014402,57121.87714522432
45662003,19446.150471300127
46266601,60768.51959742632
43468803,36947.62465665316
46529601,86272.29382538881
45092602,49925.739586680334
40915803,26044.22397385448
42447402,31170.676317048805
49776002,28372.044478543154
46480401,61191.28475041075
45364402,87361.83826666113
46071602,45685.27466748697
44267800,37082.97310401788
41239602,17838.341777056623
46337600,58189.47029361304
47834600,33943.36559450253
48584802,63411.165715704294
47951200,46652.81557326636
40875400,30382.116535713263
49528400,39016.30692307498
41995403,28367.467733565696
45926600,23579.28165654795
43138602,64910.887040131776
44561000,30676.69956386735
45440400,45720.092475793645
41717200,67484.073895036
43371403,53318.4292112155
44248803,43133.49357207287
41200603,51686.585136348884
44984600,51802.12408978196
47183200,43376.86529327657
46987601,57783.27769589027
42740000,22503.217860201556
48562800,43996.25201010123
41766202,27064.249104258946
42362200,81600.47943937783
40854202,103408.16318995689
48156001,69729.36706718517
47383802,44928.03563163835
42301802,34084.88272658087
46828202,45488.24536430313
47323602,42751.71674203116
49711202,46683.83300787241
44607400,69642.7071122182
48124000,27501.55751833402
48991602,35070.512878894246
45458201,46644.588043672746
45553803,31943.743054642535
46056801,85042.41914718473
41266003,24504.042015751947
45925600,30018.278304203777
41759802,83419.24982057855
41660400,24627.429139788197
48553401,53166.728551487904
42149802,49181.989520585055
45217802,56453.85082452984
44749600,77271.46376130953
41114800,84698.1046623008
44184801,52547.04058071229
47254401,35608.63933060275
42234000,56875.95404912068
41570800,58397.12813770866
45537203,50609.07605794535
45219003,45931.60441659544
44867000,72700.1227644248
45563602,70145.88209911344
48219600,57157.26120951622
46204001,42634.164149272416
47813400,61571.81310250087
41830202,47965.87303424012
46488402,59173.324140008655
40862800,55510.65006518662
41827403,17576.851438633064
45350601,48528.7324831009
45822603,44953.285757416874
49344600,41057.729644533814
43640800,60622.92152729256
42489403,100161.95437302094
48392801,42685.83083329921
46312002,52960.3899458699
44239600,55928.23624729143
45857801,41248.33737103861
43612400,13612.141751263916
48962802,75381.23815457246
41219803,26279.913412596965
41893802,35672.77897045073
45416202,73205.46503992111
48076801,56436.58848700739
44166200,72074.57309643106
41187403,58184.22627657554
42453203,43906.09265941288
44330200,62664.90140393028
42798003,30531.670122316093
41195603,60902.87833515342
44926202,45892.93782135483
44564400,21767.143907939062
49228001,44150.140670452674
47054002,30413.827019180535
44643000,34477.36398135727
41590402,53965.80274187744
44733602,98027.9695576686
48121400,81339.99972665141
46524402,63015.63261615524
46155401,97546.12889208058
43796803,67428.47195787096
44617400,33185.80594592447
47424802,59883.120265156955
41635600,11980.34004538315
41100602,29042.956351514633
43775602,30965.484458829433
47778200,31409.70994544725
46926201,40570.2967205034
46578001,25741.209169579022
45428801,64951.51840117364
41075803,62444.850252971715
41496600,49832.13418709551
40893803,53705.30808645488
41554603,39771.70584736957
42114002,74194.20144637785
42473403,34242.58352131406
41664802,26902.31504565473
46354800,55922.79887170985
43269002,48728.58960761431
48760201,33610.312208853255
47982602,53193.40873552261
47237002,65862.94381926917
46237002,72313.0590931527
46568002,58166.36013543722
45047802,97834.43393257883
42985402,80215.88573969438
44746200,62801.20823395152
49720001,28123.736143261653
48229200,54339.64380429789
45134002,52296.83525762934
41723600,80762.9328739051
47014000,53383.19876569362
48006402,35500.02387821658
46170600,61008.48274208123
41985400,17940.682577494
43602003,51641.97927640303
49745600,58436.90170584602
42527200,68150.91344696548
44467203,56722.22486468304
46750801,53074.749079402005
44037202,38686.83752425054
49314600,37971.20014238094
43225003,45366.63365699044
45068601,53595.08825265478
44446001,39535.304877259725
44903403,76969.77288522849
43600002,43026.56727828783
42292202,32281.136558861297
44378403,65406.05256243402
47526000,52475.33322558322
42488400,67824.90842022785
49736202,101083.66385579159
44547203,73656.35975467188
42346803,57908.744857942685
44732203,35827.87548807709
42276003,34426.54221251625
45365202,67689.39972213407
45767002,66284.54140377436
44313803,68595.12241676747
45143401,76211.03172310509
47297001,52808.60767422184
41013202,76944.09293611685
48592600,88888.3436177476
45884800,56169.80309262234
45533003,56492.38755827787
49333402,36384.42969778857
48498200,23301.352969238993
44452600,61287.44143574264
47223400,94785.65328951651
43974402,54262.474718460355
43023600,48800.291594097536
44490200,35597.879420789846
44636603,45023.95977134204
48774600,61404.844400054775
41370200,35244.95908036434
48871801,52158.955876366264
42982603,129311.17242925969
42261600,27204.147322061304
47882000,50306.98138547592
43864202,49048.9461197323
47178001,17537.867682232194
46458800,72778.95338694307
40946602,65905.41297300397
47226801,52006.71938835198
45634202,73378.3666086623
41442600,101487.5447281712
46633401,64022.50146040369
45604203,43846.44040484924
45509602,80612.25791837736
41923202,52795.53170430451
46911402,60332.44801886247
48619201,58525.469084883094
43730000,16213.067734348915
49882601,39878.1496061137
48676602,73507.14901996744
47347402,44320.62540219213
46088401,27561.819881628027
46739000,91846.4662341486
49534202,59847.09465829699
47457201,41400.070362869315
41434200,115944.98126448115
46762001,54450.457101311025
44482402,105864.33852493888
42666800,35125.047891792616
47741200,33573.82630579681
49728200,56872.931009418106
43020800,77109.92200614304
43685402,16548.838020860887
46781402,34876.9879994982
45477801,76365.7772531852
45756003,42248.19986153403
43036402,48381.28732773817
45236803,74724.02769464628
49522202,43072.540496310394
47337002,93067.36834346983
43498202,20687.74138746401
44456202,74207.03649769304
44439600,78723.1946034197
43492400,36439.502462456076
48611802,28299.810481370958
49587602,40504.85201386289
45410203,30979.982960034264
45242401,82873.68130629913
43082000,24190.157949065695
45618602,58807.288288244075
46068001,43535.75804578718
42268402,52647.71325545608
41883000,57544.068473226995
48739001,59130.35941109371
48738400,36435.82666793436
41813203,33149.92141320184
44690003,81127.21262589583
45167203,32892.64490844587
45139003,33377.52844198393
49737400,49937.947070041555
41501802,44359.290597049956
46983000,31970.674411198077
41138803,47782.91455335544
48051002,35836.3929763347
41099603,33058.05925581943
48999602,34267.22326846813
49750201,48081.290948946255
47722401,45836.03411020428
41227400,32771.81086095818
44641203,36855.475310312904
46345402,66757.21632196526
42701203,59087.73862467543
42922202,42964.79173667419
45271403,60773.14572146551
41355800,21907.535021015814
44112201,65627.47758015704
44693200,109732.34821224114
47197601,57108.72403789956
43755403,61057.101177844874
41149802,25616.123956600954
42057603,46206.87547253897
47097801,85746.79060482774
42214603,107461.31365220243
48869401,63002.25341103269
48831001,69864.6014658719
41780603,43811.363641107135
43801600,48941.21248765895
45316803,70870.16306007377
43990601,43619.04016780186
42259800,52220.467107234756
41802800,34231.16536465936
42175002,41269.329266264394
48482002,47823.514084832546
43314402,23725.36564321971
42030002,34157.280006949346
47764002,31917.087711183398
44276200,66933.30184673323
45468402,102247.32306273436
44898200,43686.05270924115
45360402,23652.40699205968
43286000,59870.32900841773
46435000,59434.93085008459
47444200,36311.808701027534
46694201,44402.07898103964
42967803,36678.642840887966
46437600,71613.65969840297
45615201,30829.768974630664
47656000,26852.913662825806
47674001,68029.43505414833
41195003,62402.968758673174
49666600,40496.724707191446
45329801,50431.81544408377
47201600,57265.23896604371
47480801,28919.47831718917
46020601,69048.77274499772
45244602,28316.637491026173
49704801,81404.18928189718
43124002,51211.411099301855
41201600,56444.098881524704
44953201,38402.71785764433
48280800,79053.20470116222
46055201,37032.36209203956
47310601,26500.220492637753
47911001,58565.06652749107
42994802,44275.97167128596
41765002,32265.459064614915
40814803,52319.283914557964
48805602,27521.6945346505
48723601,94623.32865830482
45939200,95356.11680993432
42952200,48984.6725642142
44220203,66428.56453483793
44287600,33624.167059451705
41775202,94041.58591302065
47597002,74205.98531519512
45697402,65572.28535423547
48911801,19227.88169403506
41084403,49460.736780764964
44453001,53802.45094525085
47200600,111215.41365624551
44294203,120167.89068363198
47220800,59285.887499186676
44181201,55495.0837863672
48437000,26091.088500285747
45397000,72865.82089514133
48279200,25778.85265056215
43315203,68722.95699439125
45371400,59172.89395435874
45835402,61337.714584239264
42887400,32554.43975868435
41540203,69500.53697061149
46710801,49485.742903190214
47398601,44819.81386623831
49679402,54203.215439792555
45710202,95767.69680970671
43948800,60315.92005382484
41768000,46113.153662408826
41937602,37058.02213194172
48634600,33865.85986747035
45074803,50280.309224936515
46581202,66613.78813307872
44972201,80436.16195382319
42394800,40825.376163792695
44751203,57892.34471179091
48856001,59978.08316136099
48775802,18983.07020474613
47826200,51496.88760575288
46907400,48798.372492543174
41328200,29937.48169837032
42121202,53569.661048234484
41036400,23969.407447802492
44344000,22666.230111576668
47688402,33734.27627869524
49860801,93120.32220850557
46511200,30175.91467726882
47461201,29064.36624471932
41226603,9529.897424569412
47296401,59393.11291530634
49028402,66617.65993743474
47356602,29786.311047908242
47044802,63243.682863138274
47119602,48076.187897737655
46902000,23363.423120671105
47544800,52746.795658317154
47312802,61021.596084240235
46682802,61863.75617529596
49552000,71895.70536674531
44790401,44275.06949155931
46323400,43314.976646364485
47329601,25866.53127832432
44451601,24833.555762939017
49416200,19263.37003422714
48797800,44907.90639992815
43833602,56125.47476922034
47844000,44953.86579471413
48512602,55054.15544925364
47878200,45975.90587760273
48243400,35387.44177959196
46440801,35666.868098084364
43939600,46249.90538393056
48861001,65387.88940731199
46702001,48495.14587388632
41012800,36048.85237505125
42930602,58035.53618481316
46895002,48458.4836849448
49816002,36062.71835344093
45374203,39427.28426942343
47200801,26536.59536368578
48748201,33937.5768571709
45067802,78613.19942820253
44826603,102644.77293929868
41178803,38662.070271992256
41253602,14335.247797483884
43127600,103277.39222640931
47251601,48820.825918203445
47710800,96824.95376422562
48288402,88398.64638447687
47073802,39912.003909010054
43002402,40842.1772822817
43874401,38907.58009793077
49945601,48030.50004505407
41939600,31497.040752696448
48861601,38036.14779901062
45344200,38522.056924349614
47316002,37232.14654986281
43549200,28775.10776758227
47218002,59275.49352517296
44207800,48850.77700951515
43636000,45516.46115493355
46329001,14116.300864646473
40952800,27950.532011515024
49446800,77267.18544656427
47478800,72723.37744857078
42180003,44961.756650481635
44044002,30864.334440692048
49109200,65697.03729310901
48759601,48553.10755436884
43954203,63022.15466884428
43618000,31786.529536552265
43799600,63850.910005447935
42424800,23819.38857651488
46772602,69185.88932556624
49139002,97019.40455956521
45270403,36374.279408341696
41302002,32313.314951576423
45225603,58248.39636846038
41023600,34791.08956720149
47682400,51614.31962940984
42576803,43226.53186851469
45591602,72125.82737605993
44852403,67809.37696245016
44520801,68853.123605676
46005802,66104.64778859845
48051001,24064.17469170173
47670601,96875.24917809851
49833002,126355.10352532598
41348203,17019.40991535934
45083003,62529.382241661195
43772800,46377.53713409622
42828202,89822.26300347626
44948201,55457.95470642834
48519601,56156.12977258517
46749401,46785.48664511364
41219200,33929.515371117406
49110602,42798.54031328492
45755600,76357.74814145538
41493002,61158.04016542851
42481600,75585.19961976602
48204000,77164.40554873194
41032002,80724.3905759185
48996201,26600.8508869126
41098003,62594.30135247065
48320000,35904.14414033495
46329000,35151.29525252528
44218602,24885.16566209567
49404202,41042.93423253911
47627801,42026.27185950345
49191600,74666.21974063091
44942003,97277.81262361238
44035002,83646.3314284481
48053402,36696.43046139406
41137203,42330.04451014889
48383400,45827.337955834075
49877801,76122.78140341869
44431000,84387.88670473304
44739601,53246.01973583369
45036800,91829.23300906952
43283802,54975.88254155706
46823401,59359.0474539786
44156200,21664.05898047833
44122401,65996.60789073879
49277600,52685.465140938184
41451402,49910.76541170929
48731002,23282.776367978404
44993603,39784.145619603594
49147600,29711.803025365974
43815002,29544.931520899885
41861802,20123.17295128259
43568003,51498.78872652246
46130600,79590.46219683443
46973201,58711.3454523166
42441000,27998.851988545568
41160403,44330.56949677887
49686000,64378.961794813826
45654201,64978.85959304796
45029403,55183.912857338146
45781201,91196.50398402705
49832402,40649.168708470526
43210403,30497.36938749125
47716400,40182.657758319634
46846002,41999.39867634344
40818803,63258.05079530828
44297603,43521.57224897323
46660402,51372.01746319859
46696802,99305.2086210055
41474803,27156.454015747477
41135202,34993.440219176424
49739200,71213.46025394535
46587602,61356.412640225666
43226403,23420.23267461329
40812600,40224.122242665035
42441800,58638.64051280716
44505803,107111.11814401479
47926402,103050.29231353046
42149203,67335.9494404495
44510002,60031.22178571269
44637602,39463.56769255646
47449201,65840.48514842612
45118803,107254.97088088372
46855600,38572.515324387365
46088600,61781.02279464339
42861203,41587.66113969899
47820602,30251.39215992842
47869602,26862.75945517107
41925203,95766.00295775128
47694001,39623.64752197082
42849802,49760.56042872872
48379601,52317.03380273515
48402800,41341.00044000401
48067800,32109.146650282157
45260601,72700.83361007902
44345200,29830.18240571858
42930402,112000.34347190653
44819202,59914.74883593887
44178202,30248.29205963288
49387801,34094.1260389003
44659400,34572.02201406742
42190203,82211.86107336947
45050802,73951.259622122
48577800,78280.66606646279
46959000,122183.3806826991
43122000,104518.07403345313
42136200,64397.634342589605
49795602,42609.42712917687
43617602,56660.13256361584
41128403,53548.67857733801
45848603,61634.099505682796
41554400,50691.980877012276
48843200,50803.0347254293
42554003,39019.30004926656
43296003,50335.65042130143
42491002,42360.53598095685
42165600,64274.65120818415
42198403,56339.42199594251
44387001,35651.875616068675
42795003,32314.332321286434
45640800,82089.77316173959
49222001,40456.57329267989
49764201,69083.85741676195
45311403,80515.07970749926
44946802,51987.81523736438
44342801,20677.53102018004
45969600,74064.6929191449
47935400,26697.32988046454
42912803,64743.7912956705
47538402,23229.609007319734
42520603,60996.52271103278
49078001,28211.434201742617
49193202,72361.45645786657
42269200,47183.86653148567
41914602,31895.391400289005
42492202,46560.200092883126
49716800,21572.321405737464
46196400,33558.85431932555
46122400,72048.78866896374
43638000,66243.32568465327
41655400,28968.06228219088
46554801,57889.6882878093
42668003,37480.408355718144
42904602,45487.43737450044
45302403,67122.50137464466
43323800,24997.717926087316
48398602,65589.1451183462
41483203,52631.93238990622
41577802,22348.200963561227
45402203,68251.1123025848
44854601,75535.7745010657
49855400,33450.49118636378
46365401,16178.919384920046
41689002,62158.15755525126
40832800,75764.66757136259
48405800,19427.115070464955
46015800,38585.27933858185
41384602,32639.43394390765
45804002,42266.62183424467
47574402,40383.85815847825
49072802,37344.3910075649
40991402,31617.008284611773
42649600,51519.28102689047
44527002,60125.785161547436
49271202,56455.870433803684
43061200,110056.97988701382
42300000,81346.07671944369
49688401,45195.25200358383
41100000,70084.52032279172
43876400,28450.171857717243
43338000,44403.48209844703
47122400,44361.105022278745
41573002,59135.50459359874
44551800,23733.5863284336
48731401,26798.966745266276
41103400,81129.00595684141
43117400,57682.70950695656
46967201,44108.309836796485
49853400,47548.45716666953
44359401,61519.10534900717
49052801,34849.98549713072
46459000,73654.94483388928
41992603,70987.13795177781
46536201,69550.27241748021
48834802,30417.893399224504
45136402,43322.64253879032
45834401,42998.835713241984
43462402,46711.74355148709
41763600,76468.70352247852
49722800,60395.714397301366
48814200,75290.09789711224
49613802,67893.65551193258
41072603,41689.43291109105
44222200,41275.25177905505
47951802,63579.06994119215
47064602,64650.357756268415
46754200,82801.21345314753
45691602,83033.84783512937
45714800,21963.028584711043
45648803,81635.32607306476
44528600,45741.42310212285
41646000,50096.00905091395
44569401,74476.4639430956
48242001,42244.33348354036
41159803,54279.50831461589
42872003,50236.00285407169
43238802,45096.56301283248
43741802,64529.989873242
44583401,45672.03517415047
48436602,56561.33656160388
49565801,58227.27395902195
47657602,63415.549563723594
48161800,71584.98969194677
44307402,43680.89612599477
48962201,35781.69366888912
48052802,50919.50906440566
45943401,61923.36239267658
43115402,73201.25680829278
47950001,47386.1990363908
45494202,78851.9350440035
48398600,56630.44530413898
46603601,89271.29534015684
40973800,20610.285418912878
41552000,61371.07672019951
42673803,54852.12560516418
43586203,42858.091403586215
41132002,81363.19680568184
45424601,55091.714239793044
46718802,40856.29352216792
46916200,77412.07907717457
41945400,34114.29792613233
43887802,77390.86995012756
42432400,37829.96791643711
42519802,32195.371129803858
46433201,65959.76470807608
45407802,70400.183296631
41828000,14512.358849322198
49699602,53660.147754322636
45627202,64257.944694263126
48492200,88632.30897351739
40885000,41625.9106457757
47090600,40026.3406490918
48783001,48913.75915409491
43229602,39195.68350407912
46007801,60160.89880914885
41261403,34420.07582771005
47532200,24795.729642831277
48109402,33272.647098606525
48146600,31820.657512034955
40911602,23647.44555517219
45505600,84126.9261617474
42515000,43638.32752204627
42870800,51312.25484609246
42836002,27777.6622221566
44497001,22107.456852160038
46208801,71004.39980268013
47892400,56434.33469770847
44795003,25855.48447029775
47791601,22846.971250847084
45668603,33615.53184765241
48473400,33396.47407022091
49252600,134827.18292363037
48074602,30849.298266095746
44901600,41509.21954208969
49062802,64111.3500187357
47783400,32363.173241827935
41821002,40165.30370260557
48771000,76460.67284894541
45150403,19855.656008804996
42267003,66447.47019232596
45116401,24703.987971092567
48402600,40461.979312381925
42934800,50790.628297484
44693202,15574.988606135186
46167601,33810.02088176174
42472602,57205.78327865614
46747802,80414.51940999625
44133602,44792.84659067264
49248602,31938.19969028971
49376402,58726.17632377482
45967602,31109.56300004815
49492802,46122.30125902472
45209601,54863.53895966918
44672000,43955.91939620867
45968000,101102.92349829196
43747203,55180.89530203574
42066000,57269.60628154741
42441600,35290.21737025998
42539402,44855.597370696254
41920403,46495.4916710815
42491400,38703.2543936454
41908403,53103.82125075725
44403800,69880.69071955155
46058000,26472.28769108744
48007000,58154.858075909055
43539803,71012.37847288731
42830002,64660.440190512745
41473402,73076.5669268819
44965201,50791.68007883425
46584200,47284.79119842981
43913202,34436.65676450412
48550602,42195.44739246231
47181600,76929.32861350411
48803000,44180.42286226167
41329800,34087.322959735815
42539203,67420.69395502307
48135202,104869.3217930515
48576801,23981.091913628894
45288201,30726.622632691084
41381203,32567.206054034938
49479802,43736.72711773051
45986800,85081.19639822797
42489002,57664.021950512644
41918402,33833.69947465104
41604802,65936.56410761256
46178000,54547.55405610895
44030401,16601.148662955646
41209802,36034.849482872596
45982000,53225.4862187696
48252002,43658.87960168182
47593400,33162.78441182425
41752602,16712.98236189055
44616601,29664.766865975347
44828601,35019.08352282782
49830400,94046.4966492867
44989201,35879.36580747074
41248400,14448.289206785732
44274201,48294.64496847465
49648801,77936.05550515222
44445001,36166.31782857484
47085401,87400.85535156076
43311202,45667.285420514934
42929403,29262.161477328104
46446600,20976.51343461049
41856000,11829.681559563222
49531401,76398.11913155335
42249000,56504.97962682237
44072803,39347.88214670513
45449602,55287.70996130626
49183202,74251.37998575871
47796002,100657.04915832705
48010002,39331.73064954301
49297801,65578.6866461011
49803002,29758.53753386412
45632600,85746.94470051785
47208000,34294.85983144872
46912800,37262.472339619606
47583000,51152.956854582495
43746403,39014.16825357103
49408001,96584.76460888992
47648201,38858.44997375753
48340200,21888.463874156645
42760200,42510.876477377795
45206800,53786.24385702875
49802601,28926.575581120884
45769601,39115.09081225696
43476802,50940.87059082841
44059801,55959.72984970219
43476800,64653.628722713576
45194801,85582.8992477792
46167401,27976.448082842624
48058800,36316.120748295354
49784602,102517.26049914447
47820802,23722.44048087745
47851801,37620.244323647465
40959800,25440.51070800935
49811800,87694.48433158349
44243003,53797.12752881239
41936203,37066.93155029922
42633803,21241.15756625811
41327000,30878.276330157296
42451800,52278.53002182409
42007003,31870.354774891333
41129203,51402.6844351913
48755401,17156.851305285207
45803801,44287.37178740495
45235801,78532.15462997631
44624800,50708.64530676119
42168400,36760.40196174768
45820803,27718.35929191208
48689600,54122.083229436044
46905000,27908.222094227436
42672800,50607.03456219622
46805802,30848.119887849087
47104401,17616.55609452913
43140402,27981.175790618297
47731600,72315.00370576576
47315802,57138.183485718226
46772201,28313.047291218907
42684203,64128.97756173289
43932002,66612.33089575256
44753200,57841.88381225588
48110001,67527.62243194807
47755200,39057.57230308544
49116001,39532.92065894401
45331201,42915.493189236775
48570200,104564.14800670369
43407603,34234.03145370432
42279803,44090.493347105796
45964601,48937.604849173236
45082002,33318.42673434121
41199000,84218.55178008419
49171002,25185.117257009995
41254800,24249.54677791612
44990202,88681.28447568548
47793400,39441.069039670634
44889402,55352.659995038666
45173602,36567.89709897941
45801600,40241.420445771684
43553602,50747.4966383659
43327802,53684.38881234853
43355200,57351.07584010398
43014402,48256.72480985104
49978800,75874.27242414517
47120001,83112.4633192026
46146601,28388.517533571918
47366001,72806.56993702726
42553200,21027.58386211571
49704200,29168.074930734903
49427200,24781.473635858027
44001203,59537.245266819904
48603800,111206.09231975404
43044400,81549.45542079041
48256201,39599.23117954703
46061000,39709.749912065556
41225603,24956.96331008157
48393000,69193.35367909016
49617200,30133.601880180868
42469000,28834.96414595252
43660403,51248.66393130742
46230601,57367.53510585026
47259001,24234.25195931388
44513402,34230.06735984888
42652803,36705.5813456832
46728602,61531.11525816493
45432802,43908.38268457951
42479603,56068.939766106756
41257002,26772.512377040934
42017602,53860.56906980613
46041202,30663.643235644828
41720603,18375.32580827841
44541200,40032.09688504497
41617602,74343.55173138062
42063400,37567.31636228332
41032402,99206.75983487786
44742400,18982.830486947314
49495601,47616.31997946166
48083201,87591.10663789223
48041801,91908.349668588
46159401,63424.11367775868
48046202,23850.617347154657
47729800,76287.59321973757
43722600,29103.839420423188
41829802,44086.66462433521
43028802,57901.59074885644
46342602,26235.564432384264
49560602,10871.104992243461
42757803,23818.776204531423
42941803,82338.32716952026
47019001,56859.40683342502
47635002,28277.624763602966
45575000,61395.44850879052
41237400,41937.86428199661
41262803,17668.730129987853
49181000,49869.72167192942
45448601,39256.63048216823
48847002,46263.21932381959
45495403,49072.382707591954
48845800,50800.54606331125
41829402,13991.90919879944
49319000,57518.9174018839
43204200,41775.86127726844
44598200,51870.653723965304
46156602,61358.09605490788
49072002,71036.71657361249
45419603,69309.43091706187
47724802,32974.369071119494
41829602,59165.28591982683
46646201,61363.41986394398
46312400,51267.79723196708
49777600,47295.59527115184
44908201,80310.77788616801
49242202,116720.02652457176
45321802,52123.645897419934
44938400,45037.44980320838
41895003,35458.36256952299
47237800,41209.78739927879
42131000,28949.458772341517
49934800,22674.7445458402
48260602,79681.96110952957
42130002,49026.67588224761
48677602,48645.78339894308
47966201,48317.088931286955
43502603,26760.24237956547
42840803,20744.16207602164
47524600,76343.66823181232
41918403,45125.671143333886
44419602,38526.49090633517
43760403,65567.64518666017
40934002,86601.42544883807
44788403,128085.40628144369
47048202,28101.313423179272
42749402,40807.08542463335
42494200,82533.97185678563
41306002,14605.879735292707
45883401,76217.8204649034
45827001,31433.020503212872
46335201,86806.71780554194
45086001,103195.01412827539
45056803,72632.59031433109
44917800,96871.43793169386
44353600,95575.71193927818
46298200,64777.87640115739
43191203,29789.046455911688
44046201,82830.9333967987
47068402,32414.38190085889
47504000,22719.11145463984
43050003,79298.47118669124
48686802,49389.49599722434
42112002,70916.37666357211
44074602,88792.45635602991
49254800,61761.94990622852
41126600,20667.39401217331
43736602,62995.57757670676
45772000,82013.66067802452
44747203,35496.393953750565
43038202,44640.597458772485
46135002,34742.85283134653
49244601,31726.685018900625
49839002,100353.28232672055
44297003,38891.35614255095
43302403,61241.23482036487
43740603,97308.3001751979
43039800,23643.67407122683
42711602,35130.212111016524
47444600,23288.397290437242
46776401,48002.57769858067
48533402,46316.208838993785
48371800,57719.83114917666
48832200,53930.94767719035
43373000,18353.02082630792
44541802,30122.54627284834
49925402,81390.48302815753
44763801,31009.955704595002
42739602,84988.16651745801
46782001,62237.15359072076
47908601,80447.45638435308
46039201,38816.79091284978
45138803,43631.835606024906
45118802,107254.97088088372
47018802,67729.45627096122
45865000,38304.34048262486
43855402,60515.90732288614
48870800,26070.755659793234
47327600,75470.07581495924
47204402,25654.13028617517
48288400,41838.47262400274
46955602,87407.88867856559
44628202,46310.19423065572
43847400,33873.537537523225
41951203,12044.750491434803
45559202,41856.57017399946
45287202,27589.996230439232
44617600,48212.95221275103
48491001,38183.93143175816
46374600,58921.91507605972
42144802,45828.42568291216
47632200,59856.29618889019
45826600,39289.28270938045
44082401,28889.311120882674
44038803,30663.295617170545
41855603,32600.26580109288
46244801,63009.293682617325
44377001,25901.17336500124
49504402,64849.29463846623
44081600,37823.37680607998
44036402,60890.02579817416
44028403,62100.38447555057
48737600,91640.05200224453
45851802,55763.766968051095
42878600,62455.7880520232
43339000,33889.37873200309
44891203,41752.70275534801
43016803,71340.69652262825
43698203,21970.97123511426
44903002,128290.61039795479
42750000,29155.5336525639
49925401,60625.38884696986
43531802,42876.92049483924
48210001,52212.16401606796
49869000,33097.78917049737
46307602,45984.35111903548
45125603,52679.20433967166
41378803,9610.481551527206
45967201,26953.731573672332
44953401,48980.92583678993
45930400,24537.61434245418
49397000,76513.49464657929
44735603,54833.396890051175
45210800,49234.890251425226
40902400,35490.05441795465
42373202,73445.21439819249
45640202,37037.46267335388
41827802,54186.91691782711
47421402,88365.72372227407
46748400,18863.416751412173
41917602,46649.441951298526
41089200,48515.377050242045
41377800,30936.55253422495
41648203,35592.3683004386
46705602,86403.56210372194
41015402,40123.515383450474
42168200,64669.927992335855
44076801,66794.22802756383
46300201,41175.853676070445
47192002,18524.448074730637
48925602,39012.04554457504
46073600,65966.01238764252
44930602,42252.03412064706
49421001,18668.908853759305
47118400,96924.71123922383
49756600,55492.77852159597
49025802,50728.87780486052
41168200,27471.649286506312
47472401,37701.094174878366
45223400,35720.447077774515
49093602,53309.41331774556
48537400,31768.30547411544
46127601,24546.451972833143
43877802,76507.52904516317
42237200,79791.37210691118
45560601,22788.022707383716
42619600,96199.21520481762
49410200,26448.112467446488
44494403,43295.88928539042
46742200,80582.50790208841
40858203,66041.11436715473
44022600,55677.83669054165
46344002,85690.40334373731
40886403,42939.43923118396
49352601,43163.48910291798
46438200,67088.56926372739
45591000,33443.56351364277
44155800,19358.775090355557
44470201,73224.82999325152
42287203,71919.07521992449
45193400,93621.3593680099
46598000,65793.30435930002
43210402,19400.50299621933
44570403,61344.959658847285
41246000,34228.287998772714
41793003,59001.325313516936
47626802,50788.5972481919
49055802,34737.006735188384
42676803,60956.09739117306
45220201,109900.56053848116
44014401,41688.97325917106
41754203,36229.164424989845
43922602,47478.92807174631
45890000,84216.14735244593
48971402,36659.51948039542
44000400,46697.88503567064
47993600,53415.07125147689
41820402,47493.14357007189
49119200,45432.63488955597
49647202,43939.3776945109
46019602,15265.939077791845
44717801,88597.6493794202
42514800,19998.264494239033
48376000,59895.121601360355
48001802,32433.44083285996
41573603,23409.18896958633
42445803,19456.151301869628
49734601,76426.6332087912
45228602,40267.99630890724
47943001,52747.121009287715
43701002,41430.352738247166
48166002,56251.441319134756
49444001,77169.72326662677
41239203,28178.743046677504
47161200,90727.5823445959
43206202,56213.337650204514
49770600,36211.31027013163
45407803,43207.954858393954
49051601,21478.67733296603
41587600,65668.28117464477
41889803,54249.78334706723
45354803,46734.321583151854
44257202,71135.633779986
48654201,101416.2145792279
47641600,43151.690770956564
46788402,64623.04913242482
49331201,48189.32736367576
48172602,36241.5350135567
41228202,130009.78536444088
43449402,91673.3761328441
46163602,42001.97725078832
42731002,26626.829613450347
48492800,91915.3082898925
46439200,31859.51341980613
46500602,30819.675211657483
44010203,39486.045590906826
45160000,64101.68757839915
49758202,49723.69809096097
49184201,126319.9312795144
49563201,51157.90450771643
40978200,54228.38831361444
47193400,57281.47796873188
42802603,57878.644505888995
44334201,64600.33948079189
49917001,36162.04222725298
49783201,42320.55491480615
44569602,40939.56265208853
48970001,24585.862249517864
44771000,31144.137712584554
45375602,47701.73524273986
44884003,113392.50325141102
46530202,33395.3077279897
47303802,66884.67542902338
47453800,57521.7227362595
49113801,51610.92830893444
46124400,55528.08842532629
41829803,75128.6952073604
46890201,37179.1371458621
45526603,42093.1952456321
41762200,90133.15960134612
44296600,41623.0194813345
41654202,55478.07897539525
45320200,50242.20098839486
47509201,35451.94387445695
46703402,85631.10081450417
47169401,104637.75926005704
46312602,51644.61370727564
45497803,101773.33502986032
47312002,31294.17800286332
45056800,35133.848898817196
44416601,26724.664481152002
48510400,35761.616547295154
42527202,48690.538190244166
41208000,63926.40791121455
44050002,73635.30603678846
48547000,54139.88465099111
44130001,20025.561664952846
41480003,68315.8910863907
49114002,34003.68180975907
41590203,70617.13893902377
47526202,23045.718933945987
44037801,22135.482735903053
43050000,42121.96719747958
45696201,34579.034924329666
45957400,41870.35677966922
41954400,40452.50963707453
45904802,83769.9925128028
44673201,55668.91551433659
41011600,79322.45033606535
44627001,74564.35751943993
47749201,22939.196255424315
41290603,30276.29019135556
46483201,14211.67261967995
42547802,67068.67840633981
46585000,43508.64288627854
43935003,50964.15960427419
43271003,136853.85635422365
48315200,39507.44580692936
41512002,85900.44025228711
47454201,37174.65272245532
42471600,65039.28062748764
46515800,34677.59069980365
48405201,56430.67691694459
47193201,97729.30356070695
43710003,75766.81333738174
48385001,33276.00497884605
45626801,16189.47110667661
41924402,33495.52504628457
47539200,72919.53681511788
44471800,37570.73035242023
42617003,33714.33819300428
45424202,43292.84668938096
47493202,38985.49978462534
46042000,63925.71671398201
41241200,30090.849708112135
46312402,51348.906155925535
47842802,33668.867399493174
45437401,26215.56300642356
42467600,29667.046561983683
41005802,28900.688041391815
42924203,40302.47465891014
47513600,41644.92823441247
42897602,90655.51900862166
44811400,48885.649240386345
49241600,54199.109328244216
47111400,47527.75467813098
41134400,31410.602270094627
49201201,54625.86590537905
41234402,24225.21014086019
48605600,41431.40310942162
44597600,39730.515077564465
43997403,58649.032371867404
48058400,55002.88839918672
43700602,29788.593711162794
47093802,64728.64932611979
42894602,46560.90579818997
49475401,44532.9418222545
44029400,78046.88673065035
49876002,41104.8844610906
44253600,30383.862202227687
42190800,65422.16789995883
47535201,44687.68235754466
48735600,35643.26867241485
43581002,47186.85231872918
45149800,76589.56927483418
46850602,40056.642769149475
43520600,48511.216440217766
41568802,26683.425239475408
40949202,92409.97217914413
44054801,56869.37532335375
43917403,55616.58554802825
46987201,82396.11057661698
48318602,73370.37012766977
41585800,55657.56443915099
49833802,72331.15606516648
45734803,43581.51885191642
42653602,49944.18209567398
46649802,74167.96601012086
49161400,32371.552743313678
47541001,28145.326559779416
45698001,55629.43043834885
46312802,51377.958367835665
49776201,64890.44521777039
43144000,59272.31201629166
44377003,38508.16112492515
47390600,95968.7360575001
49269202,79295.5194801127
42572003,29975.97654723212
42223000,38033.5387833065
44462000,23029.09077152618
47965202,45965.49906724082
44925001,79414.68693026679
43672602,59255.13761917509
46289001,54455.38459799211
46938400,59589.75891794495
48455000,67269.95607516082
41647800,50545.32388089122
44564803,47585.77721693888
46699002,112615.5607216899
41516802,46222.07540148701
43926002,55348.06965968908
48051801,55272.50002929885
44591800,41593.068282083404
48352202,31887.689554041073
44532401,42739.63257263599
40959203,85499.03594592157
43586800,68049.18388759904
49955001,34372.61746219917
42274602,68502.55388263565
44156600,31349.68994503153
41262802,17668.730129987853
42797003,33739.92329937246
49426001,72849.921822105
44742802,64438.989597010375
42319002,65279.10957168348
44654802,47421.25388496054
43092800,23525.631177946816
45343603,96285.46173575718
47205401,54302.924666908046
47366801,34548.234947543526
45894402,77779.32481315966
43450603,37861.904885148426
47399401,39960.463604974546
40832203,32344.412871562246
49209802,41916.89102979671
48644202,23374.4349857939
43684200,61028.747968905416
45822801,46435.66108121708
49574401,53298.436979153805
43651200,17706.776774606587
42376202,36703.0218790536
47726801,41524.6037438875
41603802,27026.62159533315
47673202,33628.73283237117
45119602,102099.36892150436
41245400,18932.74516943559
42152000,22963.702889929693
43031402,33007.02950916841
45183203,35869.917238447626
41983000,33488.51260514927
49740400,41791.89915478072
42109602,99672.03106885449
47030000,55952.244482488684
48536600,32023.572579862805
41903600,77699.88194036025
42150002,53461.12592090499
49515802,47050.77183848499
47818600,18494.362158530043
46764002,36808.38952347175
41867003,22553.17221254242
45377001,31690.7528451621
48268201,99973.5231357736
44707002,54020.66899207181
44471003,42168.026802408334
48073202,54769.151152266546
42602803,48151.89928234514
49509202,59435.42343322835
46808201,32795.74117639997
47146401,80441.61399644753
45213600,69683.02342328783
49777400,82489.87816319351
45299601,71140.5279625333
45933402,70761.68736985228
42067002,63414.08942890369
44222002,82278.85945365214
41970800,65631.19639488828
41531400,41749.07948909124
45743801,43706.15023288776
44523200,24146.7143638896
43512002,49571.957992654294
43739600,45946.46637946094
43184802,25914.846218730956
42781000,73037.74883724822
44703800,49767.86946476605
41756000,96037.12768312928
44547603,52824.21948233285
49437602,60782.88029644007
41039203,64180.30168542078
43720600,55728.19139390091
45069401,49239.32318220249
45752201,96923.28700650256
45989201,23372.013223872316
41098200,20165.12927681805
49190601,26587.027224179066
42302400,59370.80773165384
44131603,37605.4951838593
49630200,65872.57990135146
40823002,51898.43715168337
42407400,33103.02142301851
45637402,31850.770758916195
43856002,34405.195115821836
43137202,41471.30910130206
48866800,33478.818001208245
42602603,46601.69172208822
44205800,94419.64885365107
46357001,54107.41304325301
42562000,29830.454815284113
44688401,21470.557390598005
48325800,48703.51008548595
45678403,39405.78969239977
45977800,22098.150888958342
41423600,43251.560754714745
49546802,65794.99065037523
45394001,67799.67931248265
47429000,55795.73632530433
49206402,87661.00413776873
41012600,44802.13893199171
49241001,40600.297701772564
44633002,46935.962043743675
45129001,72658.10653333185
48767601,29668.0222817793
44755603,58313.95222216586
45421203,42921.505609240914
46057402,74996.64034017705
44739001,67844.48180490639
47619001,101848.5171219975
42760402,76873.32489809388
43535002,51910.09831509896
44932401,18803.424875119315
46166801,33173.521966214335
40952803,44195.231171493404
41366202,15604.759182196809
44630600,30880.994808070365
41824003,71094.59250852316
47686800,50360.239143690604
48006801,55424.75852378467
45182402,33644.83365619938
42874202,42747.10341697806
43004202,54093.42974745875
48496800,23769.869111868473
47717600,41429.78888036471
44495801,22491.029223560865
45287200,26124.422779498484
45967000,25730.398725431653
43655002,53187.48220689137
47922802,24984.272655171815
42594200,36510.876759168816
42168402,74839.63155949228
48949601,47057.70350237287
49041401,59170.93224710345
45665202,104519.6975330883
43995201,60330.533391673205
42399002,43817.50236587147
44182000,55068.3248439852
46556800,23999.943750807084
44853802,69878.01755056826
49046001,30913.509713354604
44527200,65588.73334918768
41818203,47242.315015430206
42879602,40476.365492374265
42957803,51293.529711475145
45432200,29315.327317010964
47972200,34959.26467792482
43516803,24305.610018987434
46459401,62040.71410884381
47727400,88850.51911217309
44494803,42914.13927809874
49161600,41327.82110038352
41956600,86148.36509375398
43969603,58627.05321440236
47284602,62550.0736471467
42207602,33139.60722940082
44821202,61149.120258518735
43998201,39541.94379480329
42181400,98880.24537493118
47752200,69464.41430848294
48566002,58162.324475937494
46683001,25496.853354806743
47089001,25778.288341836953
41168603,45550.989822360825
49898001,26449.862492268898
41525202,74635.42638214851
43322000,67885.95747799709
43699203,31712.295072225646
45518400,19612.634376009628
46808401,57015.58862130198
46430001,17023.42150543681
47462002,28832.896748438
45233802,65973.48566048301
43134600,98823.5822719413
43921000,49220.1090538725
44183000,21744.165536897846
46252402,86874.01920152521
45557801,48517.63519235249
45535203,41055.59669439974
46067400,50581.01544144034
48341202,54188.90090175425
48704600,63042.07447609654
49176802,29815.841082367548
46867002,28191.773907055824
49199800,23388.15749519041
48149602,25652.80017363339
44737202,65887.5503086099
40861600,72559.69413485273
43987601,34625.02930787835
45405202,54019.42001816069
44907400,75247.40046482539
41379602,25092.3357073391
41774602,76425.26680145644
44497000,61012.77092025599
49529200,56341.49291877538
47748600,30028.330411466228
49370400,116773.81004721244
45106000,35947.47610036933
43422203,45244.56975967994
42261403,52840.5634528416
43189200,29479.03948442196
44654601,32762.999214994656
42041202,53483.354505920346
48517601,29076.380865077324
40844800,75304.13471531848
47011600,29939.1728106161
43237200,34091.8899913768
41289400,33812.687892233254
41294802,24152.383559495764
44593402,34168.672710277635
45058600,26560.8089410217
44227401,32265.067824847425
44672200,22864.199963052415
41331600,31510.29810128736
41713200,27290.551894441443
47493000,28454.70030081441
49100600,32131.124480179613
48241802,41018.994802466914
42498202,53648.581679014686
45802400,40689.57481040262
44355600,69150.8793509687
44501603,18938.045655504822
42145400,52214.77412516977
47958400,52690.14998954269
47157002,34378.559809791484
40816600,77287.71626327754
46801601,44364.39223055734
44982601,48787.07684630822
48909801,64076.09234632071
44101201,25549.152455658514
41258003,21856.029456130607
46199801,38204.74377284935
41727400,49029.87184575545
44434801,27590.55643524426
45182802,44954.11879610928
43280603,67025.1525755173
49779402,67958.3792847725
45516003,73250.34260792204
49884402,40389.218941190906
48091400,17311.889590841143
45822403,37742.84940675722
49820600,59423.86906312293
47120802,25323.682302869427
46281600,95163.18798552407
47688400,86291.9750557612
47458602,61626.341763033764
44728201,42899.88824374214
46938002,27865.582044591312
46063002,66128.79335067622
42718602,33842.03314489161
49105600,61475.07033311154
48163202,52143.03193272697
43977003,81145.3473123386
46390201,70423.42960492382
46353601,26459.765159622526
44227602,29573.55002091575
43392402,32342.68687123247
42042203,104141.89484435551
47298400,65227.665764335194
46438802,69849.92391528285
49775402,41024.52192314119
46667001,44347.34600497143
41250402,14845.097716640492
46091602,39975.131356495425
40961200,46500.705464234365
45570802,21829.279763964652
49898002,57363.4509986366
49988201,69265.30110521436
47483602,18368.574150691325
49081201,63660.87410339442
42807400,28944.340541968817
41991200,32197.651483172744
45317801,43746.11402609708
45995000,57228.40868845867
47211800,47533.325722804744
45549800,30230.01407728284
44648800,30217.847660188207
42956602,62522.41679066044
44279000,61974.34604436013
45843603,67008.0547867711
47949002,34965.81552637346
41164603,51011.77199793479
44178003,54247.734014801725
41470400,33985.727643699196
41992802,45556.286531277634
45721401,61919.16092122858
46522601,38353.4942683531
45379602,61759.26421613485
44694000,65334.56318025469
48982600,20613.153548067203
47825401,53518.93010415464
44015400,44511.81915317075
47739202,26047.47923751225
46068400,48392.73537017275
43827803,71017.58875132489
44473402,64648.073303037796
42094600,51720.58733516959
45612000,75754.00637599053
42171203,40311.24463290246
49766800,43163.04900814436
42018402,31903.81813570908
48351002,47356.969708156044
43021802,37556.28105064875
41899000,107229.47724067039
41358203,36834.29259945884
42714603,50152.600388209554
47579601,63003.64817935717
45673200,50202.341965775064
44648803,33249.10197337276
48911002,84839.14353131325
44008401,52596.910406309966
42974800,26801.3374629741
47531801,85963.64214701738
44947000,37893.688405335866
46412401,69862.27245432782
48977801,78750.24409330191
49366000,62864.64590616424
45279402,47442.551397780924
41533803,71926.35820827738
47008802,37729.92901943746
45669000,30387.106575873626
47942202,60179.68769491749
47914801,49288.07063946772
46554202,38820.914826031076
44926003,44566.04081720744
41162402,82201.25240165935
42697402,68465.97711932435
43987801,28425.29371804183
44667001,50716.84492410432
47701601,30880.07208646711
46713000,60348.39472798211
49037201,42126.537307151884
44977600,62151.427523181745
41616203,60502.21426156275
45057203,51626.831548452035
41478202,33856.30736321882
45556401,113561.93326644867
41105003,71687.38697478813
45265600,64943.243999661994
44225600,55570.807190112646
48284402,73239.38654087277
43802603,61368.69488781277
44257601,43994.873884742716
43174400,101029.63171194227
48204800,37554.86591872413
40991203,41404.57452130661
49671801,97713.15829339196
41612403,36904.15713057277
49281001,30025.637613911964
44861403,71195.73671144566
43185000,68257.84935015628
48393200,40479.0484871061
47773200,43004.342086737015
45848800,52985.56106188533
49077202,29414.07982087077
48949802,38907.32369623559
42767400,44775.52848872488
43251403,47501.99992454298
49728800,44560.99562134902
48396202,44181.3803775448
49384001,53272.17754510623
49501400,55192.48113388711
45122801,84504.73136746272
41600002,54517.2571707744
44809402,21924.06081675276
41677203,32145.60587356025
44623801,51351.76922741086
46871600,60818.15121322039
49516800,47391.78135285426
41719403,96346.46153629474
41162002,52299.14366471116
41533802,50072.18041398083
47982400,42978.72374882424
45732000,47190.03723841932
42086003,43325.76897671766
44345401,22840.90084445662
43408002,49560.32570127324
48766801,98288.0001782673
42098202,30796.174300044924
48327600,51559.07936516302
42533800,38394.75530247929
47551400,53827.501730020456
45990200,58432.51092267203
45553001,55375.48657810397
45475000,21651.568575585297
48110802,67415.00514259105
49141400,72222.37867964334
44163803,58664.422093414534
46703202,93691.72532964252
46627002,57068.20271697209
47029600,20578.04438862195
45391202,29136.993941500656
46178802,49801.85857906403
40815602,54725.33371590822
42287602,57411.044721622384
48684602,56839.38326550722
47632402,83736.13915427467
46962801,28040.884969504077
41659400,34373.15308567431
41675800,42483.816448303376
49555200,66089.46614256571
45635401,61741.77775621565
45122202,111206.21203320619
44873801,97009.8379578707
43749403,32380.020027261817
48997000,37506.30821808618
45951400,56260.82639908896
45705000,36075.0018829962
41882600,67428.01012586827
41502200,52179.94290742545
44363203,46778.80949294242
49673200,29887.12441357338
41985000,20283.707713881748
49674602,81570.7163166043
45620402,68994.11460670154
49440001,53309.81628522315
44015800,31168.48818613611
49354801,29852.475896595384
46509801,37814.74241411221
48188200,82149.93497476335
47602402,46805.21626339891
43736800,59595.665540776434
46073801,60730.79207124153
45454803,33048.024567752305
46185801,61366.51753810495
44352400,25419.532005158508
49088001,64248.47289365579
47835002,27092.106858434934
48617400,33456.141642573755
44290803,54296.24830009177
40985003,70225.56788288841
41017200,25046.504693637013
44388201,70325.42928817292
42501002,43625.74769944311
41183000,32735.42364230514
47765802,56668.945518399545
45775402,56651.791548022746
45642203,26109.28513080984
49492401,81279.13537386223
43240000,42824.90728464271
41696003,42736.83664250575
44280402,53926.40394529339
43276002,40501.752890460426
47173401,65452.30057524379
49329801,62979.763855788806
41589002,99039.30661936657
49688800,66672.60861159186
48600600,91149.3645279195
45040602,76579.34284049501
44244400,33893.22412053673
45086801,53140.089419180804
46096402,35356.201920443134
44732200,28566.26846247288
44209000,62554.70875596716
46280602,61414.32215125703
46186800,44066.205858792324
46155601,27469.687824024608
49509602,21170.828403944506
46703601,27608.361285919564
49337401,70301.77849209771
49289600,25009.589983984588
48033801,64517.579579544166
49781800,47405.98113382537
47330601,35344.2521020593
43981803,71592.09600420043
49854202,116594.04738362537
47685602,62281.25099757049
47502602,81848.70654522197
45256603,62082.149186913084
43993403,35610.22790985574
43788203,52221.160505197455
41549602,19798.10703993892
49313601,59008.435247736896
48383201,75298.4094284109
48390202,72111.34503161338
46120601,22622.51677984179
42287003,53546.70975681823
40917400,89313.80054412472
41271800,30388.29433540073
41043603,40351.51736113904
49910400,73628.63651648496
44336800,45023.99749299262
48404802,38158.50470476718
41205000,20777.768721460146
47315402,95657.98933637682
44301801,41427.060328434876
41690200,49372.68281642045
47230001,60925.34177581792
45635603,50464.157584618144
48102600,25075.724869418154
44248201,34035.881456576695
43570603,39080.77916153887
42324200,81699.63998347502
42953000,48467.738376795154
43368402,35262.951815907494
47554201,21107.398571222344
42728200,43964.99803109382
48856200,45081.95608994085
47987002,40207.36793197347
47473000,44011.971038765645
47311802,49027.5698251166
47338401,33739.20333457239
43163602,25157.06837561472
43541202,66313.46821946236
49725601,63758.74852158414
45971200,55631.03657765899
49199601,66629.8543734457
43072002,34389.39822211621
49138602,26583.80480055508
45985002,27825.384967670572
40844003,37553.413361574916
49181200,32765.07554367917
44847000,35889.07700714645
43262603,44127.65705333427
45123400,52412.45231155248
48279201,43436.648158910786
45445200,44749.032322268904
44508600,51716.9922500107
41123403,37592.093289845325
42890603,88461.27814240036
48557401,68236.43988403538
46891802,60636.49782419503
46840201,31050.074028329396
48875401,24765.214200856943
48180202,24102.976656490173
48978400,72717.3582476562
42030603,54221.636875138756
45852201,41530.003665782555
43254000,76110.58849293049
41800202,65496.011763680115
43078403,49507.63085888219
43621603,44186.2975974864
49688602,45514.37147425693
43717003,23229.633334428116
46244202,45817.22807046516
49812600,52147.45374836583
42616400,16520.62619721138
49821201,19954.877113280825
42189200,100838.52679963852
42062402,47957.362531061524
44743400,20038.904500732147
41051400,54144.3480893681
47483801,17573.31810040246
44090203,54056.2392448336
42316603,85175.87654215036
49872400,42027.116681337466
45940601,41543.196395551524
45420801,59272.34659307386
43158802,41932.60331914348
49772200,31035.431676412732
43353402,70018.43533121928
44114602,60193.40454535624
48399001,55518.88739336017
45179600,44205.98562701822
46173801,45516.02053620012
47211200,17274.391047732526
43985801,56478.56531215938
47086401,61402.425354482606
44503800,36451.85010301294
48549401,69635.54057109056
42857603,24689.127616917234
41574000,23988.417801153802
40870400,45942.068078149125
45195400,110269.96601107766
45991801,73432.31411857715
45597000,58249.44710930864
44174203,47200.914997340595
49474401,50606.83429653294
41155203,52353.259833849
44533800,57992.12086014931
44683200,55243.826556618216
41536200,27442.742156148823
41453602,23903.206825325942
44741401,53915.064440557246
44520200,80919.70710607938
43422200,49476.571029144856
47874200,30882.945914035172
45856003,56711.435748967444
41268603,32758.439824032106
43758203,40847.40918628298
44956400,36950.334968413874
48738402,34439.53051699134
48905202,47475.84209777176
45104602,41314.326225309225
46443601,74424.81058306243
48582001,77631.67738072072
46948200,104203.42012911441
49460002,28879.417326133866
46848202,66641.35009180215
42885400,46299.653894568604
44496600,52676.51026017472
46666001,87554.34270949019
47995002,72170.7631747242
44729200,45607.586835662005
43272603,68849.10296230308
46485800,53444.04654722734
47740000,20272.37131206729
48883400,67202.16566597215
46077402,49914.62755621499
48578801,38786.55990912713
46735602,38669.966576699575
42979600,52115.74057429233
43592203,52597.62114660039
49636200,42536.53389653958
46291401,31741.397242938765
45327603,41193.45532921683
45210601,65962.83483248005
41223403,20600.956489172364
42569600,60667.91573611651
45135802,54344.45548935095
46696002,33812.014345392614
41485603,80218.48982589196
43380403,75515.96520556789
49210200,51738.02747368578
44721803,57998.37116371412
41417400,78214.64290740438
41957602,61403.67387507883
43050200,34693.65070177821
42921403,88906.7156288434
42419403,61717.556070085266
44547003,45973.02898904025
45730203,42297.11796993064
48310200,35542.95855691014
48959602,94788.52597699141
42925600,29913.092056171638
49748401,55515.43593421178
46871001,78614.41362416583
47309801,62106.39078226612
43804403,53453.45405421858
47556401,26666.610522825293
48102202,17098.84672188683
44477400,28768.356057929403
45777601,23762.182004251285
49281602,22439.972185373
44872803,71893.14306097598
45085803,69940.44614827014
45428403,67183.99724325055
44468002,52292.744937751224
43671403,66153.04090906505
45396401,35700.06380581312
45501000,47212.64590453442
49415402,55609.841232429375
45087403,29155.533646983713
45050800,23667.569588539256
45528201,28313.059118358542
46824201,46987.77130260362
45260003,47566.01521596601
45669400,74296.817701538
47106402,46970.36833028363
49188002,21367.028592254028
49542402,80276.3451534918
46516402,46778.37693414793
45471801,63873.678371070055
48565200,62967.15499685376
48014001,65161.952715519416
44379800,42396.34815636066
43472800,30138.747937296677
49745800,71736.16780917623
43417602,109621.16820124805
41255002,38839.64766474962
47218202,31208.24569330503
43174003,31396.28646665193
40990600,77606.33971417157
45203403,32060.830239804367
46472200,27017.995077104293
42473402,65824.20485588686
49321001,44158.51729785929
41624200,97680.37743376492
45180400,7520.34149786584
42941000,30282.839235721684
44929000,71814.63936802509
45689000,23167.375071007285
41579002,13525.633596548585
47128800,62215.29724763776
41386400,32533.778826236696
49934200,70888.14172102706
45527801,49704.96309837316
48481802,32888.70143739396
44859400,53633.81809022631
45341200,43378.76708404499
41407403,27390.733558455417
48396002,42927.72841453856
44073202,35893.17484203785
45933000,39329.426743193515
47666202,53617.88948778839
47989601,83715.83999513756
43828203,28978.978863458826
48569601,86345.93872986999
44974402,75890.199189463
49992400,68129.04109441524
46199400,59670.738954025124
48040400,99448.47749554025
46331001,26872.769635422133
44628401,35743.95082086527
47162800,61066.16635159848
48176601,17486.783942544433
45826803,25794.442153377437
43907001,31337.412997102598
49157401,40704.32878319155
46241001,39483.61763870182
44401602,74603.55738716586
47061200,80006.96139410738
48812200,29418.69729801075
40842202,41868.98570766859
46095600,34312.76381393727
44689202,35233.55571294205
47429001,27439.32610511648
40846003,47468.81830704347
46442402,79929.36543526144
49265202,26099.057662993167
41954003,35275.452688843834
47318601,27786.663979091718
41940003,57132.73098676916
49205200,35965.812000466496
49772402,38269.83932455824
41191203,94854.34072968687
40802803,26750.116179068464
45884200,42845.655821325694
44530000,83513.78396421188
47808200,21976.640431197207
45263001,32205.772207435242
41152803,39397.13881859311
43685203,49170.234762875676
42459200,87500.88853566092
44988203,55790.34632732069
43658802,83138.25060962075
45067002,86009.70736044666
47704200,89335.90516704462
47812602,21685.368658099258
44467002,35597.944916067965
44105000,74005.83612409332
44986001,95313.7891648958
49759202,32692.27679158401
47072201,85114.09303599632
44492402,41470.284121882265
42842002,58114.59903490191
48793801,115101.25615606629
48482202,71424.80835063907
43803403,53150.177515154886
49902000,35528.10199746085
43988200,22614.087006315596
41112200,31493.059508864648
43283000,43360.93729762344
40955400,86471.91507386096
44212201,78475.31262272625
49695601,38394.43657036607
47530601,56803.906981217675
45485003,70034.4226272135
43603200,38053.22354968348
47652800,28143.032910518894
46698800,95931.50434153678
42737800,24548.917840145048
43252603,100277.15277255469
42346802,26647.339126413637
45194802,82728.44428923243
47878601,65730.91793308152
42406600,45087.468101146864
46078800,63293.65462768548
49152800,46671.367802236055
48912802,21227.03248928587
41298603,15727.845245838129
47199201,53549.01814620604
43574200,43382.670889300556
45385403,53916.03325982531
42257000,29183.570742155647
45236201,20927.257690107035
42809403,40165.42713310498
41754400,41383.98109760888
45826603,33130.45552836498
49916802,43103.67011629257
48963600,38738.88923676223
47021002,59535.223968314516
44046002,51863.18130160253
46799800,58266.100882447776
42252200,48636.768329719445
41243203,24132.29935297177
46642800,57641.46109589134
43641803,32461.288201852232
45846801,92901.64523417804
48910602,38567.25474262217
44646803,37887.640095220486
43984203,38024.63420725304
48752402,74872.7330342497
44605801,39509.50797899517
42082003,47833.74150424249
49225201,25478.947661863152
43718203,67867.31695878896
49498201,52027.8105350058
43315400,26561.780067321124
48592601,87343.60426602131
48834600,68140.87849039861
41182603,40366.00521315576
47051402,25227.50688693251
46370000,72908.70222726767
41977402,32718.936150781745
41843000,62768.25345079868
41680403,36427.35100596065
42337002,65773.25753840273
44710600,16348.401327376094
43717803,54267.72865424924
46096002,19333.90139284022
44360002,44407.96962897995
41301800,32527.049010092756
46099601,89690.33319527996
41899003,117729.90755581281
41579603,24469.162743397676
45545401,56734.4618302872
43797603,38243.4337680092
48651400,77102.48494272723
46339801,27081.31205558101
49563802,22333.133792257046
41737403,36236.11205328866
49412601,43031.604713551926
42385203,57967.1043367462
44005800,40668.73322575895
47054001,49455.97493298288
47189601,52630.46484521469
42545202,27746.949017710453
44679802,19676.228031214603
46519201,66649.85650294676
44145600,21674.96775558393
45703201,47722.617501329354
42572203,45916.76079101287
41749202,51235.21618733694
47927401,43434.197504331394
46485401,39833.77131495661
44592402,30959.493990987776
43269402,21992.96736654477
43073400,69855.52902753041
45257403,38679.848353908754
43244602,54894.72181777807
47368600,57389.8712328894
49142602,80008.53466149801
46021800,46420.05362496209
48357402,115746.20000262946
46165402,70458.2124718227
48580202,24835.940937438296
43043602,26182.746001223037
41720803,59028.85639420518
42909403,50501.744951644956
44205803,95277.80766125485
48367801,48870.875175585126
47542002,103446.08175245227
45054801,56315.56539376301
44848802,53567.15907705922
48686000,58916.4335228193
44942200,58087.109905214864
47784601,51238.787150695745
45478603,54314.84334924763
46361802,23829.441531495293
48104000,26283.63389887521
42724002,46185.86800535311
41341400,22097.90915073765
46820200,35848.70269734031
40902603,55638.99275592194
45567603,55144.71121628827
45787802,44525.59853530179
47787600,76866.81034495827
42025400,29400.924691363492
46374801,85486.86855295392
47668802,82831.6500485343
45948202,108180.65017066002
43437400,55100.72305768331
48057000,35216.24880065838
45482600,69240.60662006146
44991000,50496.384411566025
46669600,38759.35545314841
49630202,20840.44023111469
41122003,42630.17503591208
49677000,60483.29829611846
43444803,58574.75651722426
49516602,44714.25725559237
43926200,44667.79670657874
41175603,91181.15679753434
48479400,23276.20614128923
42791202,82962.62860103496
47317601,100077.4380996679
45098401,51878.63508106631
46423801,15486.064523975707
44687202,56038.19892644542
46649201,29551.75415520948
42810002,51056.69671170004
41266603,12140.53851630984
42008400,42125.30881722324
48747600,86306.6924106936
44208401,21128.08058199966
45153601,37854.633132409916
45344001,35666.15939669986
43302200,29359.64937595724
42631002,52354.80096320347
43955203,71328.94974499989
44435201,36431.54064876775
42010400,62170.137241502875
41465403,65855.78222679318
46280801,31663.08998506469
48375800,29354.983214733566
41263003,37434.76347620602
41216800,28388.094212970333
46809800,98194.36845146673
46411002,38391.084202162325
45143803,41002.83278340266
43225402,29946.256223902306
48974602,68783.52023778712
46479602,49522.248549740994
45608803,44140.97573626512
45310001,43228.41982750119
44693802,36496.44281300934
43320202,62719.86033480466
44651600,81575.69489108498
47054600,28323.08221163771
43158203,67586.27651456538
41798202,79834.71677210042
43802002,60132.78654833809
41205602,17091.747272858658
42450402,44934.02684493679
44912000,45768.65689684094
41218403,27957.169745057712
46982801,98934.48119432252
49494401,29472.025808911556
49194401,29824.54609281999
47532601,71589.89903049599
47631602,36020.85131203275
49986400,31102.734150629803
46570201,52241.479514936735
43866400,40885.351635658626
40999403,56197.81549400204
46414401,73657.41197211857
41124202,37534.07747345762
48720602,42758.7155247022
42539803,26816.042645352893
42808802,98428.12750388443
43856000,55635.49790122867
48838802,45523.59114016684
45327003,28582.566757349858
48421602,76088.37448689083
44047402,35069.54546051434
43681402,42966.24440297473
47273802,41060.36388586629
41810400,50701.23156290304
45109400,34714.92151956447
46791202,80138.71443122686
42960602,33917.09482457243
44259003,40252.60994998893
41044002,37425.351418191116
40996200,30402.500150130385
42454203,90058.66653036016
44858001,35353.9871210666
48864001,22606.002636433666
47309000,40948.32417737916
44876600,43398.49476159115
41677600,52975.35113616678
48640800,51009.025933514306
48771202,77925.83811816934
47502400,57694.8346209365
46174401,49266.03036271005
48699002,80122.8425020987
47669001,54089.869796273815
42686600,38350.52129430206
43884000,35560.30937626494
42272400,60445.4179705369
46177800,57955.41940534266
45840601,29624.292400333896
48255401,27430.91995871412
41631000,29701.699170693737
41865800,31589.18002420979
49948802,76158.45609386534
44875603,25417.49385851671
43576600,77102.84871610707
47433001,30524.795549740247
48343002,87827.11142214158
46344201,63207.38374257843
42997602,69528.51050948461
48745000,45845.060914366026
48694602,30769.212740107254
48763801,57863.966374500895
47470001,118263.25225270948
43183602,62277.054124169685
48288000,28223.012674193677
41619803,31924.43304835183
48067401,56175.720231252555
45103602,36857.55592827649
46019400,31492.640469266422
43129402,50405.69449843312
47221002,38769.94966306429
46537601,48497.24695680842
42425402,49183.26439767844
47085602,51376.074318281004
47374400,63795.738719771995
44868001,70373.08701218879
43766800,44959.06919766001
48402000,45588.13470161245
41435202,23963.71936145377
48899002,71352.37177940775
49027202,34147.55064127723
48590602,42313.56511327866
47810402,48334.764215097675
49989600,53628.943344490865
48490802,46611.554904357254
49885600,65086.177981686575
49312802,44579.88702698033
46046400,64481.10793703493
47112600,34726.441376649804
48005202,54641.18414689375
48448202,88155.46842492721
48367601,79795.36602552161
45108800,42508.65751315744
48596601,92265.81876807092
45564402,40203.979965434795
43804400,79370.10800373739
41726003,42903.48565289997
43605800,41708.067384390204
47332400,27123.534579408537
47823202,25912.258062820758
49283002,28757.69632175942
44738200,50798.737646848254
41631602,10529.740324782317
46790401,85311.7855559752
45462201,46874.0315584025
46075002,41472.97330303104
46430802,14516.82642327607
44119001,27703.30691787604
45513601,49365.82271767243
47487002,29906.86311986172
47777002,44759.64482983401
49833000,113049.45745287335
45809203,56544.179051560655
43165800,61777.289885798506
49344601,40851.79891437503
42394803,59252.73227268498
48813801,105993.88125884568
42928400,39515.99853327216
42113203,48905.87890060433
45730001,49890.58967249377
48487200,63566.6519539308
41048800,55874.41637593541
44955401,53071.86613902572
45207602,43371.88106754781
48976002,46253.29756504359
49399201,106816.79529828015
49686201,29147.81090695971
44632402,45462.218007553034
47717801,74784.58849013885
45117600,54787.62782454425
44317200,27148.415853499995
46863801,33785.01620587164
48527802,40393.692538999385
47215801,31073.90315592508
46971802,33556.46330773702
48499201,25083.09057366108
41116802,43259.85547190928
45407400,47743.244776532585
44919003,24366.033970966448
45251003,77559.47629366315
42969402,27229.895169782554
45530201,77652.66874544063
41890200,33221.10587198299
43280202,57562.49500543834
48873401,26855.09065016079
42401203,26501.53787159577
48049802,31556.244123639488
49214402,55282.203563282164
40975802,41896.525335063416
46541401,59812.42821432634
46291402,55039.5368898024
45687803,27122.391328220205
45739601,41338.35496151721
42753802,89533.61821748017
43874801,36964.2389103885
45159202,35993.51964877242
49124000,47238.15160757317
47058400,58779.013095735005
41569003,19873.365307036824
42199600,55725.881434047835
41139203,43530.18590579291
41618203,34033.99577172566
44095803,43507.96712981369
43911001,45603.84148249814
46945801,19142.343394972835
42382000,36640.22742954694
44186000,74496.81447774457
48110200,41960.41706799359
45234003,99983.33514616115
47119600,59139.46688312224
49938001,55978.90463369789
45640803,47284.35323090335
40818403,54325.97817620741
49266001,24121.98193163072
42531202,50006.026142169474
46239401,60041.229569378746
49125001,79424.14296975423
48080001,13702.652860708447
44871801,107128.28730622414
48124600,47515.31771705138
44681401,62667.76285918467
46016001,48590.31059767842
43562202,40650.43269873492
42726002,45592.2811261835
49901200,41762.40100127495
45342001,44000.8095869237
42732403,45675.21332725978
46811400,34277.3808343931
41539202,29669.040231458483
41705800,75634.08126224283
48125000,86702.54839925704
43866200,62574.882395554305
44967801,39025.44662975238
41130603,34516.49391900963
45492602,67176.80449994141
45060201,43649.84187205506
44412002,53397.80553243542
48936400,114467.18448341102
46573801,40429.201217480804
42989402,57011.37357949892
42972000,80691.13688256504
41804800,24882.218279684952
46738601,46065.095865876894
44505603,45256.181139214925
41959002,27384.857080671827
46031401,31377.30178468442
42857402,69716.8767779205
41200802,57470.75838607336
40832400,27596.361013091453
41879600,41589.86394072266
45285202,47405.01021604393
47001600,51850.65632631138
47956801,68998.93338599669
46835801,59120.05434896458
47742801,69668.3549893642
46417002,95161.00402370488
44665801,51679.40237675347
46210800,55525.620542248675
43918002,76728.78669402651
45463403,55154.935113814754
48163400,23993.736439666805
41302800,12769.701842882547
41662000,38392.619139576535
44369801,60530.92852763059
44210401,83224.34371893876
47270601,57975.780922189144
44644201,39200.21219683952
43106802,82285.61709705253
41443400,28773.66333941126
48857801,28905.089884945974
49259600,62029.632447984244
46061800,47740.452387599595
46273602,87934.53454504008
46603000,35499.39603983789
45534000,44639.02257251608
42918203,47571.6289756326
41882203,50774.84515343504
44773801,44267.84069534187
41124003,55983.78088271327
44928200,40695.981204146534
40942402,28636.089127551
43722603,49074.090951126156
44879402,69656.13530325104
45532601,61432.123075021096
42678002,46773.988437542226
44819401,72495.7823858182
46187600,58930.688185160754
46476000,46092.491445492014
49363202,62570.6487310776
44942603,29721.09321873178
43109403,48912.36626338574
44894201,22112.439635332288
41669600,43882.099757674005
41432002,66936.6320999652
44763603,64216.78403605373
42689803,31895.391400289005
49490601,37437.82718074621
45781802,63188.53021417829
41129402,47360.70697205892
47859400,50363.86311899139
41874800,54154.11669099852
41639600,23747.054546505336
44906001,58271.619874269236
41230602,20280.73260688151
43163200,78600.19255738908
48397401,57191.27005217159
42660400,24617.96092685163
44840003,80189.52784751909
44136200,96141.26764983454
45051003,24066.374533914954
49432201,46690.920743930954
45158201,48490.64570257164
43527602,53622.589209681435
41645603,48354.25500767416
45459002,59246.43265210518
45823201,36559.64949773022
43892201,51107.65366069934
44414002,61416.376223777115
49182401,33485.4838114664
46959801,38716.20382450172
45762600,38493.76788294509
46027800,38024.45991541421
45199403,51911.02743312239
43726400,47268.047855587545
45059000,68694.12745722475
42058600,68508.46607150417
45371203,59063.37430013401
45823602,30146.36376068377
41937002,13053.409569518204
41230000,26543.504811797357
46731201,46656.87377680539
42236803,48710.11142083758
44586602,71519.69326611391
43126000,15207.584429118338
42408003,51478.68687820704
46366001,70429.86962949295
43658803,78117.1091921483
45447803,81644.45811923241
44779003,22837.162385707918
45707203,43488.88580862529
43185003,41917.756682344945
47581202,31062.659476634257
49648002,59465.205921162036
44552802,56720.368011085084
44044200,28551.274751234385
41168203,38749.243887890916
46222201,47481.64227510014
41848200,51174.58135221104
45419201,34703.391865645004
49392600,31633.46716896057
44072001,58465.547739852445
43266600,31493.656397612092
42905003,55617.63426188723
46704402,28113.641992185527
48826602,102625.85656411313
46194602,46438.558517575904
44298603,21119.169525838886
46038400,66245.8806775166
47601602,82467.82655342702
49671601,23752.227661405246
48166401,61909.71541325781
41073802,42956.95811159118
47154001,25020.656130941046
43418403,36609.67681248115
44016202,25430.727540069514
42641000,59352.670918900825
49699201,91499.74670782371
44050800,81699.9099257386
46864201,52129.041437995926
44881802,69031.12101809567
44281002,37890.761293269476
47891601,60798.51931701816
46816802,18529.080292415856
41757802,49148.14366778125
44686800,36597.365726014206
42479002,26046.418414494437
47292001,48285.444810977206
47794602,30543.407940289762
43784203,45531.10643771731
49099800,73848.4444609847
49860802,21771.261687866194
46059601,12381.740458600674
45567802,46019.857603273886
45694801,33789.5512528211
47988201,109026.80414594384
43992202,24717.61791821145
41565600,19731.269127696047
40874002,30461.734916425547
41667800,58011.82176781964
42373603,59398.51385723314
45625602,77617.88269943754
49043000,26422.563693345226
45223401,28761.94935486395
46642602,45696.036914873475
49064002,35869.49104284572
48835601,54154.90542789271
49658001,53327.683508128954
49597402,27599.88357360749
48782202,36975.22318850139
47897800,35196.28588066334
45789203,53730.81081303958
45257602,99342.71345072615
43378002,22778.598433053718
46381601,32017.281984737452
42855000,27495.015390874447
43336800,85879.21012860561
46829600,77425.85283646517
41003202,42162.04167902757
49703602,42787.57489610628
46465601,64021.03115366255
47472402,57427.463972826656
46115602,37081.79636691326
49616001,26645.512259867377
45302603,51385.059824813434
46008400,44636.798642623995
40912402,47922.91851699267
41034400,87053.34681992847
44860201,24433.87352555019
48920202,52439.956603749044
43957601,31842.0789783877
45529003,81344.98017136203
49542601,26168.637628534525
41941000,60302.59946434869
48206001,27100.48127674606
42144602,28572.479508761717
45342800,20498.7785740811
44613003,18214.69879580933
44821603,48463.69958965598
44402202,60805.68412015125
40806600,69809.91596487578
47492201,44159.94830056142
45334000,16661.50897579686
45308803,54522.99882905804
49847000,44374.398819381444
42305002,18360.785702215035
45815800,60986.74932107738
44534002,75270.08711423492
45079801,43148.90693186106
41589802,60976.41582538144
41868402,65468.413525704
43405803,53209.80884184894
47396602,81127.75388219938
44973802,44439.1072390973
49303801,39065.258867988065
44637801,60117.77704641517
49156202,58969.39380477356
42641403,49461.486744393886
46662802,55556.11461786526
41143800,32106.260155182837
42798203,54100.18648449115
47762602,52468.87165286571
42394203,57535.25150612255
42983803,77313.12968849218
45637400,48358.00655182133
44545400,21174.070195738248
43945003,34532.43689476648
44001403,40474.596536717814
42093803,29133.759949945867
41940402,42882.98462691983
43172003,50155.610290923614
45495402,65235.343447487365
46339600,40940.01998614172
41259402,20144.26355743997
46560000,72686.37284398296
47104400,99089.70547258714
47746801,20595.0790429123
45333003,44296.1429209855
46638801,40579.55159321964
44364203,42343.32337325618
44580803,27075.405427278813
44433601,43246.35371862461
43338203,77997.34524378381
43029800,68164.52120394185
48824000,56216.030907373046
41947003,11057.708323548686
42641603,48679.25639335367
46228200,31870.937906967472
41690202,49453.791740378896
45946401,68635.46345054064
45866202,39821.379325413465
49736000,74912.7848593852
42826000,57738.70810619279
49904200,38722.38651013632
48453400,49832.55336728383
45063401,22568.304617786598
41267403,9998.565918391207
47041400,23259.27897983563
43984400,54928.69209967032
41789403,74245.79791630183
41209803,36034.849482872596
43948402,76465.07811863018
46394002,38862.37881185819
46722202,38578.92458091502
48814401,50806.714953182556
45655601,44559.73310303313
43307402,62266.57405034453
46469801,22809.95094516097
49163000,60243.565998752594
44027601,41351.30832724494
48967202,55536.877622537715
41938800,73993.86595350677
49348401,75095.47258958805
41369203,21825.208861621533
42526002,26831.025705093765
49470401,28601.767847122253
44401801,51603.978710547366
48093002,32050.72761495452
47241002,59469.12276344224
47722602,29113.96643582598
45286803,55811.46086378163
41975000,69433.00905659261
49451202,65923.8764063236
43016602,73278.47564150662
44265402,20546.097310039382
49362202,57284.99642071784
47967600,39394.03326279877
47514002,78980.21424164444
42592603,36768.25505048715
47448401,64451.0413775343
45238603,50853.72371721896
44937402,84657.82138282972
49754200,29635.400205647013
46284001,34914.002635515855
44877002,40038.735264778705
46662401,50108.55235278913
44331601,27196.826283351846
44700402,45556.39490678726
41848400,101301.02656576489
45670802,68460.10989773317
45322803,84023.71257115735
48233602,60364.76777949272
41873000,67410.84142260985
47223202,78331.23299288056
44212600,44629.44570105545
45385402,41644.511871170565
45879201,67565.80193327148
44745001,72730.18982113995
47106002,71903.64365021995
48628400,106994.14300708658
46362601,32140.782547838455
45432801,32076.94171184654
42875602,62232.6131570445
41082000,40646.461710149764
49163202,56390.14748681268
46379401,25615.340276033232
44942002,50879.76989699204
44951803,35160.8816710456
41987602,44453.26937311931
41494600,55598.124340068236
49516402,56293.820188186706
41299403,15755.437326143583
42143202,62315.59359258197
42622203,20628.475112419852
49211200,32625.638725706085
43145000,78057.52400317429
45269602,46722.733396408774
48213001,58826.985987531145
48237002,63819.935827965826
44302002,40995.15646689328
41968402,36924.01113442124
48589402,28317.265801587368
47712001,16580.199969860434
47918600,61681.69176011695
47895601,40956.4941724329
44710400,86698.9378839159
47322002,57677.61849501964
46543202,96911.54111323913
45444400,84997.03715586913
49509402,66930.72165818448
44420603,25797.334245542996
47630000,54680.212859139596
41298800,15828.687283258289
48380601,115511.7171825449
49091402,69888.86388190172
48995802,73771.73603307494
42116202,44591.07400114332
47130201,21917.228551037908
43153603,61367.83195931659
44551601,20789.184359343773
46927202,73043.4104846276
45237803,63123.06863665889
46679602,54775.355584692916
47841201,42995.729775343425
45723602,75756.11924459957
45485802,27034.69959311223
46894002,32379.258771075707
47264401,53073.73675409235
44586201,72299.84337879012
48511401,22452.841928653645
42839800,35312.55389241103
42204402,83255.05199244418
43682600,24860.404570180915
49305200,35223.70696253931
46078000,58462.702879814795
41351402,13676.999281191544
43027203,63939.9434700146
45747202,67165.18388322141
42840802,9997.514850722058
45232800,109055.73294869086
48691601,26634.249825891304
45218201,26086.110506589845
49326000,44137.059036031606
46261802,22557.636656838884
49238801,28034.348382455784
44301803,51266.024940610674
40911803,45464.43046651192
44046001,89301.80052107287
40974603,37385.11487145836
48776400,80883.68179512167
44228603,34173.01589825644
47258002,100118.13529020958
45572203,28713.42761038392
48966602,55622.39088749825
42322200,46589.80652031846
42808400,35569.6817711939
41230603,20280.73260688151
45187202,49112.2976901269
47569000,20714.44020580987
48603802,56669.83092268602
44849601,79405.7161493045
41926000,8746.703033716047
41780002,27749.35706099822
44043802,51902.722841027695
44454801,80238.01277226866
47527001,38819.752876125
43660603,38235.815572795625
48853202,73593.38858579464
41122800,44202.00640343462
42326202,71698.45328885307
42266402,32874.14244860252
49573601,36489.504337153936
45296000,25124.426426531958
42834803,75895.71264407218
40911202,69737.07259838286
41131203,46378.91892134526
43102800,85989.45398213356
45640002,49575.33811026017
48676201,23188.05934019285
48263400,59719.79801649672
45772403,23028.676138789007
44474803,29733.81587895018
49664800,40992.20811870013
41239800,17906.93285753773
43337402,60672.26073103335
46664801,43394.36475763329
48826800,35674.97613404608
41630200,22962.566112517765
47038200,61776.70140363589
44742403,13825.24851153182
45555600,101035.32382193372
48230602,53967.161519446
43260203,57074.20049441248
43089003,65767.26155101164
42743600,47685.09095798463
47870201,65499.36135274363
48103601,27433.672251870383
48555802,67870.90606474635
43570402,43967.55438170668
43080400,72411.01186266512
43768003,43732.730718939594
41988403,88733.77353754392
45505003,22897.86370873602
44629600,67162.04463234186
43345802,86541.44877776255
42120200,33551.058796136684
44954003,64781.04677612082
41284002,29420.921276272893
45312203,55224.92766421865
48227201,41975.37048046555
46876202,56470.05686939524
49526200,53283.38725541998
45518600,17719.907284730936
48210602,72226.02343883508
48992601,18010.787483709057
41124600,65470.27657613746
46928602,54073.53028537579
43001400,89226.99043510176
45151401,85063.26197348573
41490200,51909.110412719514
44124201,37818.26366829096
49488200,32675.670203369897
45453802,56268.04643034887
48321602,62875.80017070612
49644400,75710.14226553595
43912002,70767.31728626892
47219600,32117.121975390295
45085200,33826.335721034455
48398002,42103.41771767538
47015000,75082.72797799013
43152403,53915.878358861984
47329001,51099.669259117225
47860001,42398.45850475003
47550402,76010.87217914319
43581203,32233.158585621244
49304601,48642.67070385757
43325403,70073.83373655035
44242603,42119.77858995628
46257801,41959.90554760051
45765600,49619.37746146774
44405200,66948.35265383002
45756201,28353.387740057886
41864603,18725.709626985255
41772002,28296.13156974753
44421003,26576.730423603985
41730003,49017.360721960584
42991203,44259.54458313645
43587603,76245.09997704823
48802801,34674.519201133146
47319002,24397.50954575325
49695400,51160.09739132477
45895201,49885.210430112085
49470601,58912.548885599695
46602001,27382.771123315695
41312402,21481.273638631457
44261202,60557.21422756968
49438001,31497.928237211072
41816600,41817.47246991987
44672202,72510.73217380179
47109202,58252.76343032709
41388602,33948.248537376065
45522800,36999.48671509359
48207202,48973.7523512098
46893201,21752.985865200135
41439003,28198.966539796347
45510002,55047.459882957664
48330402,31106.717045106743
44976802,70804.93337530945
45366403,59804.9986332619
46120002,69971.73514342484
46922600,33736.460597573154
47879400,102785.34555137201
42717200,100328.72514332127
48105200,57262.382427721575
41343600,34604.05602846597
41760403,24388.380847565662
47231801,73506.6730912976
47856402,93664.34010422081
46131602,62880.96718236968
44509603,46598.02620870195
48548800,35784.64998999206
45373402,48672.631849129204
49779200,46351.63380985437
49638402,55383.76382017652
49756601,33943.63271630496
48735800,30167.297242516714
41144003,98581.89976700311
42584600,49311.19620459499
44491601,25059.04320928902
41437602,44077.29286900445
41981200,31753.52718986093
47641202,77024.99054202673
41030802,55690.63057580952
46188202,49941.97561551855
43867203,62220.43394136335
45144602,56270.43634131675
48738002,36762.117991197556
41228003,37563.43113617124
48322402,37319.93301515306
45634803,46969.21361449045
47541600,49191.905683682635
46886802,22341.30504705324
47780202,72117.63914438798
47709401,19788.62282410403
46169801,27607.641773443174
45793803,26730.880239788654
45647801,93514.3227874459
45205801,15560.475132712287
45424001,37316.027620625224
42797002,31202.819417852126
44372201,49997.09077366242
46728402,45366.40473406893
43490403,66948.61512676103
43183800,60928.341703408274
44349400,30944.628010648124
49444401,54771.62063067723
41671203,51024.73652417476
42240403,55427.79046893606
43414200,34574.46130864881
48435202,42261.41861105387
46080001,42875.2222043015
43451802,35729.2139718426
45380803,23157.1556737372
44188400,22805.55012863405
44310000,70765.63331527432
47831601,42425.60190448782
42425400,85130.08847469666
41815003,113225.2085502313
43218800,58725.73268084839
42720203,35806.57008485746
41862203,10893.118552750886
41093800,82097.09269239925
49074200,57239.4279250188
46368401,54962.81234438567
45828402,40126.39315886563
44240202,64682.16905829789
41021400,47932.503947155
47557401,49864.78417133547
43565000,109625.83137797861
44194800,30936.252599747
44055801,66194.24606045889
48539600,41477.90678468462
49816402,32423.81198177889
45328601,66946.36210739496
45976202,67102.51924891447
44338001,59535.84760362731
44488001,37661.59875926914
47981401,43991.86937882349
41499203,49432.31179359526
46900801,23056.29519818582
41834002,99373.17151706186
48962401,44847.14747089268
42145403,53465.7267405478
47715002,41723.71261270542
45337603,34368.38673149631
47018800,21954.655763221606
46193600,28784.529293585612
46988402,26282.566879690487
46770602,119793.32959313491
41599003,66606.68004085365
44523400,65535.22095355021
45350200,62158.37243163123
40835400,88567.40728207739
43413202,77253.59036940566
43670400,36831.03602260399
49193600,74447.8048768719
49426400,45773.34853755
48753200,51583.852080024626
44208402,37168.504403816725
46759401,115870.33246733772
46194001,19835.84837574538
41015602,36831.61244289436
45258801,34376.63787263995
46847200,47437.84917453239
46641801,42342.296397495855
45590802,29721.005167111187
48222800,49051.03795526543
49097802,48939.3911971675
43107200,40528.63051437541
43929203,48805.456209153155
49685800,81320.59951548689
49207601,46097.09760842979
46980601,39977.47339569169
40914800,24659.850499712986
48994602,72835.64882356075
49968001,27935.817746518012
45712601,27989.368992467622
45835202,56652.479809054756
46637000,16620.207877538436
43853603,52618.755579677745
45559403,39299.494786080664
46939801,37525.69942483829
41826203,68019.99699563827
41257000,26986.246435557267
45602003,92039.83237206313
49537801,65908.64713273312
44175401,37070.90226311952
45570002,45977.18825110039
46788200,31648.05436154379
44399800,55802.093542556715
42577403,56751.46050671583
46732200,96245.17418993311
43975803,111094.35790738824
40869200,52733.12292088855
49616400,57866.81643865103
41572600,37037.33733593856
44486203,34479.00103120632
44866800,73975.63394975274
42536003,55457.909924580425
41741803,45196.793024657636
47383600,94095.81365326258
41849203,32687.47815940874
44564801,62826.76613291821
47568000,59471.835344866486
47370401,40493.39994081563
43239203,41328.97090116111
42390800,60241.33470862732
44604202,54927.89106828966
42329402,58018.93448031181
42006803,60151.678363565654
46250600,43984.24421688655
45178400,65168.898133256655
42116000,38130.359069369835
40989203,121182.48282075596
46279802,30557.95673621705
45538803,62245.8272934029
47938602,81912.48862161928
43658603,55036.46220437072
43022200,45181.88875744358
49353801,62229.564601697704
45128201,62699.909487833655
43975201,79108.59568734
42488003,27430.507613077796
46559601,71125.1164949559
46554600,61569.97588816477
44051800,80268.49971159514
48197200,48121.21471745142
41467800,14303.560443924733
44073601,59941.35001415985
42481603,23221.220264073963
47145401,33316.073023577395
41736400,84312.23515915012
46400202,28889.44872820513
41378402,28316.817304300544
45484603,57992.518824436316
44248001,36899.726592245686
44888601,23165.842032264067
49326601,27148.67290944627
48406002,44974.61969393806
49747202,59037.26093795897
47233202,50056.75385122333
48750200,94581.19345390415
44085801,68839.45604758331
44497802,24438.75273464567
44593803,36333.544437129145
45171200,31460.75907772686
44608401,38185.41558883092
45988802,20289.558056925816
46875400,46853.53423700072
44383603,31004.214271550605
43745802,38703.6977358215
40811602,75076.50367135694
48434801,59086.96667424563
47203201,41723.41062078022
41459803,50176.03319514693
44087001,55986.38983134202
44549602,57828.370838128234
44995402,27429.698044880577
48885002,58760.539736194805
48443001,43235.92515525678
45462801,65673.06985370559
45598803,12663.580106038986
49057600,27248.169250623083
44506202,59425.07281990172
42883202,34168.0034953791
48435602,108570.88450747984
46436000,43273.8999517379
44116803,55156.851620141926
43145202,47177.93825526697
44746600,25173.628692358638
46239801,23549.55951479273
46305800,107791.89381934388
48316602,21231.199369233633
45511203,28399.427091543846
42472803,71246.10652376813
45472403,21570.369556125246
43062400,52661.63242530945
48471200,38884.30760045411
41098002,29941.4990377
47516800,50282.83877309721
41274203,9454.736328031722
49772202,65019.44903346365
42536402,50206.98537476863
48845801,46357.403145622324
43646402,49326.093606620336
41264600,11301.357912007785
48889402,28578.601679836276
41728800,48882.52015789616
46672200,78667.45892097648
43465803,17928.074172224973
44004202,32545.83558411579
45091401,30755.61470356544
45244400,59719.23535448054
43493202,64026.59570160344
46916601,88138.76677254391
45100802,77964.67602482576
42339402,29299.188109515082
44651200,41598.47919150625
44951003,78013.54962740226
40881402,75139.79965366867
47816002,38088.78792297206
43146003,22925.088927925222
47957401,46474.62785272378
48177200,73722.71186314776
47360400,40793.97867845453
43923003,76113.23485762005
44702802,19412.419880220776
48045600,40983.83628878812
45438402,100369.48807560353
42667203,18259.139519485318
47350800,36448.44665072873
44276002,65563.2664755662
41080202,111179.47335636901
48076001,55455.477044048064
45519003,47919.22601651326
46706601,27336.444436116253
49827002,26782.789636701804
42755203,33031.06842798919
45827601,85572.47646139307
41174403,72403.21383892096
44894002,61286.080823547134
43602802,64992.067429356284
43655403,66372.02467094778
43325000,35917.68159447688
45387603,98797.82984488856
43064400,48904.28424249536
44098201,27020.296625745636
45690600,63529.963612058775
49931202,34271.501078239315
41382603,18295.136725145705
45822401,55722.23068214159
45710601,48230.99829517197
43490202,55484.53844941051
41690203,49453.791740378896
46764601,22826.882502145418
49725201,74266.37234728265
46388802,69243.73460402069
48494201,26728.84737761078
42154800,26810.637719374434
47140601,37212.536001303786
46770400,24250.11052256244
44248800,34788.25499198788
44257203,49655.88320303649
47576602,36505.035644100506
46564800,77130.4707725153
42826802,26662.19780830542
45513801,57793.261802038556
44024801,47038.59113998194
41739000,85831.91506151414
47293002,42726.12456982286
41474000,86545.57296683625
44780202,45402.17924165033
45732603,50808.00454870006
45090203,26812.740992493957
44559802,18868.472536131056
46963401,98766.30747614891
47760002,61957.19939031384
49662002,23964.051869140756
44433003,28593.750106802043
48715202,44655.0029971568
41338800,28832.900176972227
42235002,55790.68361437672
45596602,62385.82510780832
47425201,22409.06137879395
42653202,63587.673281392
44063200,39257.90963850168
45161802,42102.77779866299
41696603,19751.56748681998
45224601,28093.93597754956
46968601,61815.61826005159
47941601,39794.898138442455
49508800,39078.122420682324
41504803,51206.52294408459
41824203,26714.712168703547
46847601,23562.518329378225
46771802,54033.87747333713
44454602,27333.085840280706
47546000,38690.47153777662
43679402,24384.196139168125
40864603,28898.56830155548
44311001,70121.57489768433
45227000,61337.42180438358
47151400,44584.505569185836
45256202,50353.899407421304
41273402,17656.300743665364
44091203,40894.874740809515
49458600,46423.306063101394
41236603,13394.041961292496
49849601,64921.94666096111
42939600,18403.94880120278
44817003,32235.333098512605
47668000,86734.67051495379
42699000,88165.0160612717
48006202,40079.527631981844
44409800,65810.65072686988
49103402,101819.1926097293
48306800,29301.798223616348
45648603,38067.30248585166
49285201,59218.76707872409
45416802,98483.78091543785
47553402,44062.76690660967
43374802,29252.689969447805
42913003,43867.61973085803
45715401,51711.83511094167
43081400,77456.90591975162
44843202,83778.2771969576
46316801,80059.09304891338
44547802,23489.836538808166
42970802,41369.30247074396
41901600,70938.74856676853
43927803,57543.27606683376
49735600,58185.77822940937
48650401,95243.74916619669
48995400,32901.03995362737
49385001,69558.12323253763
41282803,17607.465808668094
41007603,55025.79384092628
43884203,48517.15963853299
47281600,61294.151938177216
45902402,34384.7108923796
43431600,33484.16801379175
42691402,55585.02603313545
43242600,55743.45861485737
41665403,28304.53310427058
49275801,65545.02260293062
41453002,43248.23434225553
48071802,32887.9732354854
45786801,46263.53060942271
49798201,44782.607713273064
42155602,91458.47547082033
48230601,42354.47531522987
46331402,30643.17078573513
44553203,49377.424020811784
41323402,37343.230283436395
43634402,118844.2687571091
45694401,53521.37359512436
43035003,36889.823472005555
41336400,29043.12917095871
47116002,17383.864299498942
49008000,68641.19134652487
46413600,28136.353386571405
43624003,35372.40496218215
44985603,29577.389904959837
42291803,50125.060903274534
46235401,64120.681969721365
44412402,47541.19753643518
48476202,29298.876493686726
44461403,67152.61297828605
41680802,49970.299441576884
47224200,42004.80745728314
42562202,93874.13084558703
48683201,41797.7473118497
47453601,101459.76487502246
43356600,98120.28561562486
47571400,45526.37040913567
42849200,74948.755064225
43533402,39057.86926964495
41939402,51968.718063519846
47763200,117581.67199813001
41958400,20354.84727302177
41682803,32462.19095027256
48545600,56157.08943568568
41887603,53001.53794642418
44040403,78561.16351382874
49050001,50422.35256875729
48116600,30384.08575339763
44753201,52368.28064412473
45242400,85857.84469529008
49487202,40102.29052703006
43812603,26535.785947802455
48361200,70469.3537298682
45649400,64668.847505941776
46291400,32218.792538507812
41169600,34410.509952713386
49819801,35094.71772049718
42034400,61107.82192144517
49657002,38302.62458564889
43879600,40274.572001118635
44879803,76796.71280107836
41191402,37049.86381012707
45416801,99945.08890357382
48026402,103662.48836070523
47190602,92378.07110526622
48943201,100115.1329994508
43497402,68598.26707769085
44301002,148656.90972773804
42075603,45786.97254799347
44683003,77111.35581346598
48231200,59979.64710470095
49788800,47145.247769667636
47208200,30993.069475317927
48917802,22125.742808031915
44555200,50302.97769144744
41159200,47194.56728729286
49479600,52479.962191600855
47831800,46219.531862898766
43877400,43384.7760547652
44067401,42674.66103875803
41617402,27135.070680660858
48996400,61020.31007754978
47005201,30822.973593227933
48993601,57672.36862046319
47599200,47328.532249021024
46476800,45838.00433310654
48245602,93916.3428852926
41281402,21933.933541392376
44137400,90190.55897245559
42528002,55557.55566399592
41983002,32093.79513948209
47488801,81221.37817763217
45252203,20319.952003007493
42572402,23077.67778157231
42312002,54404.345870096426
42527400,42473.357390756435
44424202,60870.75562062736
49427201,46003.935571292495
42401802,25050.530246785223
49220200,72765.32726166947
44114200,84510.97245621396
45240600,19948.629963700347
46229001,43079.04084888461
45073400,30468.714124583894
43680800,52225.76923215999
42911800,42151.1596547803
47692401,25975.534746353864
48868402,49802.08073699221
47876202,69950.27119984549
48225802,66251.92155829293
48286601,27744.736563529557
46064201,106483.40385234062
41749002,108540.96071128122
42191003,69497.58252737344
44908603,111919.67291065402
41246802,44765.272671655825
47489202,40872.42634659642
48451601,30323.549850457184
46154402,31409.4794857684
45140002,30872.878646928733
43787000,81937.15090328657
44349801,37440.80824770922
44336202,66332.64680191668
46014600,68647.94630017754
48868802,50114.920073275876
46500801,50621.87107501807
45948001,41335.121391053624
44410800,70785.95453387039
49487001,43320.48284221576
46238201,64724.203959245024
47075002,52754.903116753936
48061800,29122.714723542875
42044600,21937.265913438874
45170000,56134.13897039824
43501802,39641.99147726989
41319600,28041.22452707182
44965202,40831.782697433315
46023800,21382.30249313362
41874003,35658.457925282
45231400,26193.41656439146
46833602,82469.1488889853
44373202,77328.74025192438
46660202,34443.58765257296
41308202,36375.60063744133
45478400,114692.27649727036
49407402,47955.03012048612
45266403,117086.91750658132
48132800,23895.327004473438
44113602,88201.77816511987
44367602,53106.4505717191
45265202,56148.59312248105
48435000,71048.09725179961
46210802,65604.80584763037
49739802,52978.643760976796
49282402,46004.962792095735
41559003,14419.856113444956
41084200,86227.21502344348
48172801,23979.64419182756
42639403,59642.71612418342
44146003,32054.953186052182
41100403,51527.407213945815
47961602,89868.75648668641
44125203,48190.324659165504
45157401,76020.51802660138
47341801,64971.897386774166
46249202,56159.894546213014
40896802,33686.74929581548
41904600,72240.0500281676
48139802,43496.62940703575
44938001,44656.7008215352
45593000,84767.62383395099
44640602,45416.704434908956
44344202,104095.69921868821
43126403,59692.790803035474
42755403,38115.73416584895
43414802,56164.13056779404
45469603,48256.9882515082
49171400,66607.20889700181
41033200,29859.57037634105
47874401,95562.60832713734
44269603,67812.93147401614
44887002,45298.34775263684
41684403,47914.463756670135
44791203,72722.05922835605
48314800,33279.71562150092
47456201,46815.15617427329
41243002,26508.47410701205
46700601,63630.504354826
46363402,26631.29372133663
47989000,36807.649583536186
47384802,40880.95012418589
47636201,21747.490744344213
44094403,67724.97426187042
44359800,58146.89082709418
44026001,56217.209537739385
41695203,31283.65749246971
41083803,51051.36461247729
48790001,48369.15780066334
49029002,34708.04597315607
49837200,24102.83566538179
42122602,59937.636576453195
48202401,31987.20142935604
41695600,30689.607494425785
41956802,26409.276706271652
40846203,72818.67088771131
43229202,59812.90119821439
48134202,19582.419551946216
44738003,64682.35207568684
42993003,46650.87191850078
49820801,31643.02345251963
47836001,59481.94989625621
41251802,29601.569762507257
47054802,31207.62887655091
41600402,96522.65201627942
42320600,29148.418726304855
47142200,39001.968922643
45668602,54546.224864254866
48090401,42565.35543916433
48572600,35401.46333545869
46824000,62559.864245260076
41004003,45201.51744126198
49624602,62205.00762683168
46227802,39412.71146177632
48041201,51034.12876862247
43774603,38784.55482067701
46722201,46408.68325729693
44478002,48870.58816468868
48016401,32065.927082031216
43465000,37993.14917695533
45866400,33509.40472631433
45624000,18502.554558709446
47824000,23893.401750227793
41113803,73637.95871426677
43856001,64915.15847888134
40875803,44997.86493402846
49309001,66041.11478655119
44273001,28147.406670225355
49252601,31725.23038069462
42924403,77372.35733687712
45646003,59959.760298873
42219803,98730.72569773703
46513800,98401.42833234284
48984002,37661.11765623822
44422002,58385.53522755971
41706803,41758.826793643304
41722200,27167.36112874916
44356602,30914.582856539444
45317203,39077.95664809389
48398601,47136.97474190054
49448401,20847.813796953364
45813002,70877.20220824293
47824401,36409.86475023456
43048600,62555.265085966654
44324201,37562.1419951609
40902800,29375.99491182245
47286000,53596.07219775731
45866802,32252.31711176087
48975802,45739.83869149783
44847403,39918.5384253028
47880202,57458.4665251712
43988600,46519.69387690116
48910000,44094.87503601153
49460202,29903.847879779252
43868603,46625.94575065671
48083402,81387.08252762581
43366600,69992.11057865291
41345202,33440.92248128799
46887200,22466.759862264407
48804801,48597.624700124725
41720602,44505.27748721703
46137001,52613.9260960066
44711801,65571.4823297351
46870801,62503.69007034363
44011003,63596.43305788768
48817602,52145.84093277178
45221000,49789.68596696371
43302203,61519.10534900717
45917600,26007.62456254084
45140201,64762.184315800536
49970802,61919.4646756006
45795201,35849.80413770214
45944202,42829.61712325022
42777402,45028.12448018906
41581603,44779.59533894067
44333002,92220.65562657543
41903003,64108.5852068947
43062000,79786.64363323298
43273600,49796.1015028057
46296600,43972.10517162524
49112402,27828.515404963786
41645600,58169.9415300654
47772401,45240.079651756736
46007202,74369.29026392382
46888402,58592.318261705965
44366803,40532.029632377715
45304201,56351.818436401525
47416400,84472.91948447403
47335601,43776.58587877577
47302802,88885.65595110811
42623200,22139.6955182601
49150202,26475.311860299655
43405802,52450.08556861349
49827602,42316.07074151269
46904401,55194.157280053056
45201600,31311.201678270863
48395601,53401.445312495554
43742402,43788.62976665993
49547801,54373.43019964534
42731803,42272.97986193732
44753800,36599.802152864024
48450001,118491.54273637915
43102202,76008.59134825696
44965602,32491.295749705034
49464202,27755.286065840854
48681201,49793.58014876797
41212203,10580.931763651264
46745001,67722.60616062289
41788800,41847.76701157316
46757600,53617.09247611952
43943201,34946.2929977557
45288203,43397.438260479474
45994401,22550.369162774557
46510401,70177.6042403148
47124402,48547.40687624898
47228602,64900.28625246689
46568200,64860.65062731969
42487000,50821.63265840332
42395203,31861.872155355384
46899402,59789.696671023165
43672202,44263.343073704964
49204200,48868.16415726376
49904002,72859.0695532864
40896203,53347.67383263473
48642802,60416.25096703646
45595201,59074.422966814134
46476400,44168.37370654827
44892601,30496.65771429257
48397802,82550.9439973728
45207400,26618.871997106755
46758000,62212.93338822843
45775802,81044.81752901323
43734000,37744.89202870093
47778202,62345.10083357892
48780801,52134.01018781097
42715603,67041.02181509955
41166002,64895.18175072227
43172602,50731.539539485144
43513802,31328.275018104116
44522201,42918.79134528094
47914402,46564.91142682031
41314803,30263.89733916827
44209603,93212.37180202338
44840803,88419.8660334833
49313200,42714.16609936974
47461002,34765.01703556744
45320601,58241.06725099899
42661602,18902.782626741362
47981802,68845.25876917319
43119402,36829.88310835583
45374202,32878.79723772341
44202203,62864.37253641948
43507403,23796.715433315338
48611600,65173.300065122916
44078203,37456.85742832214
44597800,49021.47541596285
40913803,18553.5548363621
45890602,34796.498159749644
44578402,33818.00444492561
49846001,58272.14899606693
46856600,53236.42288038907
48062002,46130.811877908694
40927803,60950.37548977167
49164802,70374.67154673231
48310800,32155.516305076115
42547000,69930.0145140706
47180801,25448.218983229926
44763200,51445.57348005544
42386200,99245.42586250557
42004800,10358.139586693396
48995000,29557.024976958517
45161603,33950.300943714436
43552002,47307.141798687495
46762002,28045.603227169973
42961202,66693.49543294244
47960601,113131.67273513107
44431002,40719.85191115141
46818800,44457.85364326558
41716403,30404.614370300173
49568600,47318.93221241067
41842800,33280.06244626956
48932400,74242.41150334675
43273800,57902.76613068202
46659002,82578.59620869924
48593802,58890.98451121962
45086203,68105.62348740934
45151201,54620.74067407874
49862800,56088.40471593793
45489600,62438.61699815641
43164402,38142.45644226563
46299001,40437.384192433805
47899800,31493.713437110546
49935201,69319.63862710114
44882803,58974.07855060454
43980401,38846.319042545576
43903802,23126.54471866406
45873001,77665.12342120738
40969802,41043.07486086852
49050400,27740.67289166405
44900203,78024.11973384938
46409402,58501.37590189128
45438600,26107.690742171726
45105803,47492.53139613682
42897603,47253.32747817947
47660001,30354.95668536814
41959200,30127.770588705505
47417202,19940.568123425837
48645001,33340.4746717237
46215800,62327.40340802146
41883403,35139.123986259976
44837000,54716.5173231282
49214401,66262.89170985039
46566202,38163.73863247285
47482002,51434.53810550993
41142603,97941.82705847494
46488601,77169.47853415397
41914203,22147.461519326076
44330401,43604.09975893123
44089603,59011.87913970595
43485003,32636.489898982833
46339402,36861.835916689015
48109602,56020.80338035242
46489802,53617.925861889125
44667400,39792.0558232698
45819003,40029.8634842177
43780403,57087.78159827929
44474203,37335.93270050464
49036202,69196.98917221378
49548401,44125.787117198284
40909802,31043.023330823275
48934200,45483.2881285151
43206802,67051.86331961164
41263402,31318.94030853897
45849001,55105.989880592024
41967802,22728.76031725044
41332203,19380.739059839514
41906602,28846.464951636735
41829403,13991.90919879944
44331402,46870.59358240198
41863000,32497.24808614167
43632203,65095.22560971466
46728400,74762.17327664013
47941202,88631.11037129126
44759600,83759.94050157923
46811001,42744.46001566142
44731603,21251.116660051885
44312600,28929.07458984535
49216001,54786.78108386864
41888602,80317.98739731096
41336203,35701.76342703607
42466202,35186.73111544574
47160201,46124.14656896087
45265400,72370.75467560816
48668001,29106.172666189934
42822600,45865.574611520155
48918401,98288.45667404748
49960802,26743.65568328357
46254202,15830.683525109947
49615000,54312.9848848465
48868201,53783.84691323287
42894403,62548.159126341474
46212602,89583.99607425413
41960602,65859.71387386376
42728602,40314.91977719806
42571403,51548.164862169724
41061200,45110.05947600341
44085001,26725.953027048374
44333800,41499.155402493656
46312800,51855.35366340471
46872200,124016.01247900078
46744602,24050.422209793105
48361800,23929.32265932642
42480803,37638.811844799005
44417003,21444.552606584206
49843601,73786.65976951658
45379401,55160.29331465981
47814201,39708.349885556934
43951002,31902.693674814105
41212803,32154.2142023896
46258001,44135.057002476184
44845402,41233.409475406464
45147601,70029.4458909051
49585000,32426.140666059116
41229600,13405.623680909142
43458202,85064.16668940638
46679002,30486.607136721064
43792403,53969.954834970995
44597801,54097.652547392645
45351401,73405.0321117199
46567001,24380.62188083822
44003202,67699.82952115586
41617003,35455.868111631615
44101200,56340.05954445601
46895401,36839.06102229639
44316200,90788.4359122352
45732003,57869.43772857486
48540602,56639.080589931946
49746001,17966.88044623324
47523001,75722.84108484689
44626602,47755.36973129295
44440800,37252.21361326614
49569001,62817.209321796596
44645600,83096.32733319336
44355601,28303.964883603818
47677001,47051.247327277175
46737400,35938.54308750141
46800600,90972.08518346696
42749400,71085.90158741438
43692000,35520.81067633353
47817000,22829.413442183395
41861803,23668.508373173026
44697402,71356.76493308642
46386802,34656.06839986638
42704003,48788.37847474517
48787200,57267.3454593643
44527602,69657.11211021806
46860601,82083.8045910011
43063803,44390.42083667751
45305603,41088.46639989283
42477203,56763.46276307528
45532800,34653.09948389749
49771201,44903.636568576534
47188002,53903.03930305798
45771603,29867.301860994052
45389200,25227.65723925428
41239603,17838.341777056623
47011202,38600.4800123882
48199600,22712.76981393849
48988401,35395.20990115381
47467401,52016.32959279892
42555602,84836.213997583
49881800,26100.218780206815
46457400,42417.78860818116
46529802,39508.605505487474
47578401,29194.956142694846
43679602,35474.43105119893
40892403,71691.96739450446
45412000,51084.62181157092
48434402,64256.76352611833
44924400,23327.73943911815
44070800,101172.79297176386
44496402,30639.950793004555
47795400,35424.54263356868
42326402,62420.069074811196
41484403,72210.61774493523
41685802,91788.24070029873
42220403,26577.042287459255
43514802,35589.00885278641
47492401,79626.75204338075
44882801,92888.63939164305
43983003,34413.32007121032
41154200,43911.619005284665
41018403,24978.894057039448
44721000,39465.53827024198
43877003,78429.01440088282
48658802,55579.87129780963
47057200,34778.05726861564
41554803,60808.353776460295
48212801,30002.448671457703
47194402,32782.559871541074
43887803,77390.86995012756
43758002,24091.787344083503
40901402,31605.75442003251
47109402,59576.68397396434
44856400,29861.305179382052
45490001,37101.16519298034
44088800,65895.74413634234
48572200,45683.68641051039
49439601,63654.516205115986
48788200,62473.140459659946
44052601,46679.42610825673
44845403,70869.93522172113
46003402,52700.905554591314
42597803,50767.376721933135
45365001,51984.6296786702
46956802,26119.90649935368
48299602,80393.42797567102
41483000,29070.946154605812
41284203,25211.313875308202
41096002,60842.71901055378
45782003,22613.903998118367
44144600,28835.82180470828
46029801,62240.69297363735
45677002,48609.50469139907
42114603,27051.44232576088
42283800,89943.86917990287
48164600,32913.87341225741
41485202,89515.37789285631
44326401,60994.98282353707
41638203,54278.5957612306
44784400,69934.78230520239
45335403,48256.88121409927
48566400,83374.44177132286
45859001,78404.04929298419
44884600,99608.7614130628
48372800,55618.16892972868
41051203,69384.49578833436
44959200,21182.661156685725
41201203,51199.535510077774
49987002,51810.96768744183
43378803,35305.362266391836
46775400,37022.87438884888
48558201,47127.73081579924
41872802,64194.835296391364
43205003,18879.006415255317
45992000,55309.380198685074
43374600,48854.18304183611
46488801,56004.15619493037
46770401,47958.1927040431
48413600,56660.66743195363
41676803,99296.65248339821
44027403,23462.54465494061
48798800,56476.266617877154
43422003,38068.075949323844
45300800,97653.72551243505
48528800,70108.87740574016
45907202,99620.86059036208
45588402,49655.03907457105
47643001,28554.616678504295
41347802,27943.183879613665
46310801,56429.90684933328
41222603,29885.71748209862
45413600,35705.129379844955
42575802,69847.60289711179
48321201,63617.89076597161
41360800,37597.81603922434
41023403,85748.17319470062
48452602,73460.64025216668
48202001,43227.74765060615
45396402,41422.83401262347
45078800,22826.11757247014
41494802,41776.81059578742
45098402,53910.61541625227
42883602,46285.31650732366
42173600,75907.82428627429
42816202,42283.33016955603
44591002,35989.67700822256
48786201,100680.76237929566
41974003,12632.05196440262
42387602,59518.59505405238
40836803,37228.930441791395
47970800,28542.66857159802
42102800,46551.512073549064
41873403,44741.22495130905
41511200,49820.28695318659
44018001,68813.75038243449
46594401,39076.97802975104
43047202,83255.71053889679
42639802,55881.98176141339
46192402,69973.17864173307
45590203,25916.834344025032
46597601,41259.02095144768
44504000,57742.5124483738
43232000,113484.29534400557
43428003,50144.90426723856
42739400,32167.79139607432
45694402,102009.26715539579
41147802,116480.47419700559
45076400,75965.88020654132
43453802,61326.38377227207
41637003,75444.589609004
41102603,51801.26278788137
41484000,60821.688246849684
47455602,21099.35716538081
48242401,27338.099360179163
45042402,61993.53166555824
43832600,77281.91122938532
49426401,36970.10706033514
45762800,47250.64152257705
44116601,72672.5995232315
48436800,29276.055510997918
46638600,72800.31233579952
42006202,40872.4966605735
45338003,72479.99949090839
42040002,44650.976175155236
47307600,58872.89241379987
45347202,57647.299921660546
47632202,40735.72957540732
45418402,99815.44365502946
46816800,82349.00075111049
41735600,38983.86614162726
45344600,72868.85058742923
44212403,94072.68350087981
43074603,55230.57327536539
45515003,30931.24001086766
42662800,29944.47020286544
47053800,38380.64418755738
48560602,35529.74314586776
46300200,53531.08963885981
46683400,17255.350204963397
47121000,74700.78317261724
44059803,24042.922523486028
46863402,36705.35478825923
45499602,57362.042446245796
49242601,35556.49437583399
46218200,44329.44632035797
47606202,48595.15747014686
44334600,77768.91435967103
45848003,31310.83101071627
44823201,34474.20237876283
41027002,62005.58531793323
44035403,35467.411969080094
41726402,105009.64284968012
41753200,45235.90591583632
41853600,58829.77467900835
44833601,38250.794100284395
46667600,55653.46634121552
45243001,32377.63094823185
49226801,40896.73208800395
45307602,42278.73982201878
43163800,94703.07853700535
48056400,60190.64235895761
43622400,54677.013937816395
43237802,50380.43091994747
47563000,31067.42236925822
45918802,32674.68353413806
45712603,87532.3262239413
45505603,53709.36919722096
45285803,54885.992190017416
47040200,50712.66591595921
48001600,39571.29850649969
48230001,61348.39200245211
43187800,50960.92608864281
47101201,65080.27657992305
41261003,23243.639578180453
48371600,49444.377843018716
42276002,82346.90864130679
47749002,53987.595516804795
41611002,43292.21849583365
49314401,39729.78519020435
47684800,50920.28474156277
42875603,56222.31812936845
47781000,46548.47840940075
45774200,44219.63651163387
42371202,51298.383224250625
43885001,87206.23687308989
45430003,86527.7674858605
43402200,38716.018079817935
44631402,64491.22643501938
44881000,58821.67815595059
43900801,53979.342374732514
46449401,47569.18476682413
43187602,54449.328299377215
44585802,39837.73271346597
42194800,44302.937676122834
42628603,30563.834176550718
49241002,66296.531211559
44649402,69302.32770581603
45758203,34826.46771154404
44502001,31478.47111424511
46609001,50871.075801852196
42381602,45084.5518149599
47663002,40584.93275357219
42720003,33383.094812777665
43820400,47951.592000655
49518600,36254.19847220534
47234602,73086.96586146808
48102802,58800.202401507246
49144000,94587.08073683015
48551601,65718.80852115212
46415801,54585.18489455916
41339600,14298.336133233228
48801400,58477.304578177296
41454400,35967.20742526822
49537602,64815.017146315266
41266802,17635.229688503743
41453202,66425.9949455399
48989401,51231.55634493335
43453600,89213.81552761249
48986602,71573.39302924497
44215601,31811.238819121812
46311402,20658.382752580634
41998200,31158.200913148004
44596802,59789.08016488991
45610601,32235.34937091575
46436600,48152.139332203886
44180603,48336.53246390994
47543601,72854.2083228572
42223200,25471.503279410557
42834203,34253.698796430755
41616802,35744.509596463104
45059202,64461.92729710818
45732201,33398.774512511576
42540203,40608.90819418173
41998400,56867.977911414964
43779003,65066.504444524326
44333402,38697.81744113998
43790402,48939.90623312547
42401002,18237.7767953472
44581001,78029.03812968824
48055002,39165.36947749378
48743802,82651.00498063536
48080600,87238.74050264758
46264002,65130.36753738591
42136002,36636.02762237289
46431201,67777.10226060107
49734802,54601.66554808023
49336402,67064.30627007526
44371203,30952.120693932637
47281202,78025.09336108806
47195200,23098.333765961797
46992601,69526.76772567153
48233002,53499.227418379
43302003,31724.39283639171
46164802,69980.83908112156
47962602,43619.78754825155
47677201,61506.91639499675
42454602,77851.4106865713
42756803,38475.32199422081
41907002,36835.62484661548
49283001,34820.03474740664
47328000,57642.23542446833
48019202,14317.24540469129
44514400,80461.21435948703
46852801,48939.2490069637
40967403,62666.61032418598
47739800,57162.91176992706
41750003,45552.57598349484
43207402,57006.389229806235
43696203,34875.492599090576
44289401,21065.09627189635
45076201,56072.76153598892
45655002,65991.65950128369
45234600,53698.81809642874
45337801,57432.90614206424
44930200,37809.91718402626
44494003,51290.85082359323
40986800,30012.79103995836
44455602,28027.237236830086
43989800,47927.97639632154
46976001,69242.45838562575
48387600,35197.041963987045
44008600,47744.65100092297
43457600,51178.06409763828
46631002,41262.409572389275
48129201,56916.458565438756
41274600,36844.23937222891
42149200,35247.04321181312
47718800,63470.34941641881
41644603,61614.04146620438
47920602,33411.10500419926
45409000,36708.25748921139
45645201,61945.182417094926
42877802,50717.99305563189
43448002,56649.167209878055
49195801,80874.373353601
49662800,28899.439289882237
48329202,64456.93575859177
48907402,37127.45763977531
43530603,70179.18665363302
42849803,114391.66946836289
45865403,34699.107145011585
48864802,25259.616772363857
48085802,24066.374877733928
49753401,92866.10637813079
41251000,29014.812770882912
44038400,29454.790921137323
46076400,65329.33553011875
44329800,47368.79345756814
43373402,39973.709951976096
41497602,57893.36055922228
48660600,45020.0615511151
42280802,71650.14500910052
48384602,55416.17791052447
49500200,30252.802533426573
41683602,43589.33698472078
41556403,39339.562314305964
45442801,22344.047727756864
47616602,35419.80000939705
42523800,88549.53499236918
44905003,40569.52181894652
46840400,59293.67982843039
46258600,53655.07668387936
44327600,65038.0608653399
44895801,80677.73095998203
47720002,54780.59617006892
47735802,65579.27040030996
47665001,29240.219585872528
46240402,49610.83340685555
46273601,62810.882716927794
47305001,41292.389463193336
47949201,19906.051594242206
42239402,43549.81458130326
43323403,36804.58750715677
42165802,57879.717809500275
47335802,50197.46706504868
47845600,36300.587036024735
45753001,70977.26701855907
41288602,25705.196852715402
44761602,54347.06615583449
42177400,59140.440864462646
48265601,44226.168989316226
48518600,31599.945953977374
47657401,89482.99497438376
41613003,59761.543331233406
44135802,33446.60624133368
41121002,39747.664116207234
41207003,32949.9383755949
44254602,56748.37821161722
47851201,36135.40378467779
48572400,85686.79692396497
44590200,26076.28128432674
47473600,29340.83259355321
47770002,75283.92254353502
44542000,37027.26597486152
43354802,32376.226854775043
45673002,62182.56362920773
47371601,30513.393546707186
46770000,31377.964711640638
41849400,24602.67585344657
48594800,73704.6345867518
46174801,44053.55494287233
44926403,38377.27675505116
44660003,46947.583597416786
47367800,75456.04913121273
46018202,71975.77564633545
41469000,39844.96595875015
47001802,49120.299911443806
40812803,59713.98176917076
47894000,38690.334893358515
41499002,38740.0780256673
41102800,50899.27698723451
41371402,35795.669131397124
41838800,27825.48601349948
49284200,63804.31498431972
49351202,43137.99434517736
42689203,31895.391400289005
43544202,90724.51173788351
48085400,58716.0637730684
46776200,16286.777244882061
44585001,30838.870281131607
43178603,36801.8589591067
46455000,33900.41147465292
45098403,94932.63460089067
42012800,57452.71946422261
43885000,33467.27474833055
49215401,65716.02472124858
42689402,31895.391400289005
41572802,46459.86380951959
47365200,58121.7630244156
44613000,28126.75773699511
47397400,87845.69470548502
46181601,37852.064649869644
46053200,54790.75089377159
48021401,43403.17417192474
44848603,63481.58360487282
45923800,42056.04142537067
48591001,43708.87945394646
49029001,41950.35376006663
47461400,95274.26071985505
44948202,37090.672238467756
47132401,70750.7137988535
43900203,36612.520616302005
42386002,79403.10145905714
48247602,37600.95657780825
48753002,43335.34969332686
43602203,87516.1020835164
43836400,49292.418246911024
45462400,84647.44930420871
44554200,32727.2414717503
47991602,107983.65918237154
41767200,44014.626985367206
46037402,33128.71742349627
41624800,25234.29210178196
46381002,34447.60328679873
42933403,60323.30450423542
49825201,39378.872351109196
47742402,26490.17379912763
43292603,33973.54949048347
41547400,24483.31670999343
41242403,14579.799727054029
48624000,86770.74580972077
49787802,75428.7765347623
44562600,74001.6936611821
42911403,56313.926562593246
43931000,62599.36839955893
45241201,81188.10932668866
49935202,65498.19327177385
45588600,58991.56190437228
45217002,45522.447007381634
41263202,28223.027887985976
43967000,32662.57272731668
49707002,73899.87020873203
45999402,93253.60914946013
43901401,22851.28516879399
43312003,46686.60981131552
49367801,59578.13671870601
47231401,55993.906795189374
41779800,44339.197605624395
49715801,54024.35694233958
46454800,28640.950064061493
44506003,39568.284579593004
49097000,44320.645948577716
46137600,52742.94567844126
44685402,56465.88411588044
49331601,58975.32346170269
49747201,56701.422102815806
41458000,54554.34573941552
43958401,53341.34023683511
48397001,81587.92377421055
45653000,45153.43662814687
44747603,46158.00966242023
46485601,47410.64975718128
46678802,88983.72531747792
47218800,58379.75999611179
43650802,68919.66017388724
44150601,21527.258108046626
44903000,128629.53767983467
48849000,43958.32915788293
46818401,58670.14165670038
45383400,49017.60025831953
47270200,31680.14510330852
47811202,22646.057072034528
41180400,50462.35732970321
45621203,41713.992718581445
48281600,38347.11738634824
43918801,85471.4466097499
49287200,47806.08280620398
43782600,31136.498900633094
42579202,54038.235985949956
47297601,72331.46040661588
43473002,57424.95274815403
49945202,52405.36314749277
49606001,40819.70492968513
41965003,72819.62006075037
42081203,39923.45844619844
47715000,39771.76150409652
44076803,59117.02724134743
45628801,55410.798860956435
49547001,61308.2878593909
49668001,35157.405057317854
46187401,54812.46852509738
44401800,61941.282370330664
44413401,44767.67801618012
41781200,34238.42411784204
43089400,26861.58432658166
49073401,48442.75264300578
49063600,64279.14179828036
42595202,55781.703221729054
44192403,56804.79273816958
47705601,69351.15004294006
42747200,14977.888474536201
42220202,35490.54555578059
41070203,65115.07591469628
44227400,26625.31691731333
47091802,49275.83649846673
44173402,27340.482267229643
42742403,37657.50830692772
46401802,91430.6877524423
42829803,86218.12035546941
48811600,22355.737795226145
40908400,57587.031538754956
44071002,37470.86032902522
41886202,61853.736016235285
44456201,90692.84154405145
43114600,44729.50825334735
42446200,31561.832519554617
41355803,21693.80096249948
41234602,14772.62561651691
41388202,36358.809207814695
44280000,30920.708192696675
45408600,32086.41424668826
48455201,55784.33209303856
40816002,90930.38311430278
46291202,62617.17694448669
46976801,49338.3740159429
42395600,25628.908590408108
46440600,60716.38336643537
49917200,65284.29865015013
45961402,61387.95019687221
41661802,27399.566574201956
46427400,61612.070420516335
41050603,47905.70297676441
41996002,71930.28815919487
43850800,32916.63074517532
47712401,73171.87958406845
41817802,41673.86625018189
45882600,54016.27657125135
44991403,46070.04226638737
45236001,22267.665913284283
41339000,23198.110983243656
47577800,25510.41415422316
43764000,41285.180096618555
42317800,52443.5492523266
48981802,79319.24452940722
40913602,87386.88134929133
41602002,23460.695420170392
43631200,81798.28017298091
47279601,30675.946684492657
44970000,22729.70926786695
44096402,46975.50786259304
49496801,18642.27150722492
45913602,28490.389112343495
48144200,66058.51980424486
46435802,48798.76215092416
45758802,38203.353432088516
48019000,49633.92067770187
45318802,88198.84662054648
47825000,25716.5494728314
47531602,40865.05406477249
46186000,58152.99051303502
47233400,50026.01460599087
43325002,35523.22304209162
41023603,37866.67495987858
42665002,19661.05984126644
41001003,88444.42486926445
49212801,37416.24045357757
46243401,40952.054033891836
48362000,42513.76745971048
48795202,49138.06182703916
41216402,8952.8760921067
44862600,74258.32073910467
43448803,37517.83328670437
49024401,27484.15780790397
46467601,75961.36013104192
46564801,65940.65673557637
47558200,61153.7379686877
42057600,46596.2962702175
49216201,48742.03253778691
44569402,54877.3632984302
48495002,46456.88184542101
46508200,38834.45197610531
45534200,41663.30360614625
43370003,45230.260459205616
42202400,55796.22228809774
46555802,53580.614016465406
44816001,43741.71869932344
47524400,26042.462861470158
46787201,44537.36184851214
44416400,40293.301924528554
49978200,50939.02237329245
41580803,34646.54421910887
46981401,60888.15637160636
41661003,22329.043777845327
45765003,28742.609757066133
42813200,48957.567540865224
42026602,40107.51107124053
42900803,58200.40940975909
48192202,67991.80439343731
41819603,27484.29511037666
43722803,35913.832348766395
48833600,97525.65485891368
46038002,49712.3293013457
45296603,33295.71913726354
44716001,93696.13716710551
44771603,36347.43348580321
41528203,51527.81975222834
46500400,78422.36995871033
42847600,51769.86597138904
44134600,89344.48636551583
41101400,38925.11856159418
41908002,42093.74086671105
40914400,51673.343476462345
47294800,29596.021051253796
47435802,16252.604552276433
47713201,28097.335746776524
46890602,29339.19009325405
42148002,59600.94395430591
45290600,44150.89210869131
43112000,46799.162780942555
41233403,33425.26779021541
48461202,53738.693411223954
49107202,24119.946199475715
44523201,65715.59917900141
44654801,47421.25388496054
45846200,54779.04429933966
45127001,51863.992292121584
47752002,46241.22888588468
45478201,35534.10914586045
44877602,79206.54562362337
44624003,65249.56514507576
46288600,58234.495560865245
41489000,46874.69695489042
49943600,48755.27239856905
45486603,51777.39340961567
49843402,51104.028253557786
48317202,48948.56339965415
48114600,18026.847461272388
41541002,103325.13668206066
43972803,50834.53365284639
43712000,61594.36090981496
44111201,43304.978674429425
42887003,46498.0231491524
48539401,32083.435489475924
44345603,45856.54082747145
49222600,74370.0404783549
46313201,33153.49117061823
42431202,19363.374447656715
48023602,70485.53962062957
48432402,102947.13150082593
46269002,25406.980366862168
41037402,74335.2876618657
43818603,32232.18244365242
42367003,112898.50839866599
42887202,48904.124556663846
46746401,44078.21814151257
49519200,87471.23609858609
41888803,39533.21875786053
42966602,43682.479715270645
40931603,83293.50129755872
46546002,64701.57649793206
40894400,22317.025998072873
44347400,28633.585467894154
44395800,46100.51829144406
44008402,61482.2554554455
43934002,19770.807742961995
46078602,27842.262382434717
41220002,41790.83800804273
41061602,25591.505211344695
45177403,47743.14890655856
46963001,48763.42160975273
49635600,35645.619047898486
47059402,109046.85631576704
48525801,49840.4765507882
47398001,50167.826498622766
43959802,63275.280215497056
45757201,69714.90995934072
47600401,73794.55407744981
46987602,42912.786733687375
41292000,19159.84657207902
45217201,46440.066486935946
41930000,30679.07502053398
44323001,39656.13577089476
45078203,37562.20328401655
41849600,54180.20435081811
45918600,55177.77770545851
46837400,70183.44170358736
49441200,67576.10710376124
49809600,60578.78766601338
42459803,47717.99298755835
44856000,36893.90910839618
41247803,23314.607356063556
42576002,43089.45081350031
44660601,13135.802427259805
42860202,63702.18280407167
48441000,32063.873182728556
48438201,61031.61054868801
48336802,83012.89869563394
49080000,35942.113682687836
49652002,71052.59683227111
43301403,60504.646416777636
41622002,31010.890939283283
48176201,34200.617303830266
44200403,33317.524353560686
47362001,38675.46450464305
45288200,108305.56756352058
47495000,62473.72882421489
41223402,21356.055178954244
48992802,63990.75447722244
48381602,54256.76446155875
44249601,46889.17504762643
44170401,65685.20265230033
45684403,56932.799132355685
49016600,47971.01380439718
45333201,48454.70366621235
48882000,59309.57916246399
47376402,92443.04492136481
41467600,32131.503124056875
48940002,29521.400215139576
43934001,22434.526171411846
43380202,14489.404840127645
41653402,41180.4148891914
45078803,60736.1466772262
46668201,36976.8723163352
46206800,84252.78090285763
41949803,23493.678740168645
41461802,28722.511141498228
46503000,49069.50007989403
47432002,54708.111110553546
48443801,53009.046909548015
46152402,38519.02696059831
46641001,55941.67814952535
45321800,33928.472188652086
42657400,20828.57767692922
44762002,56889.49580580655
44047001,52958.53735412806
44452800,60738.47030501988
49674601,38398.1444898992
49169001,45965.536735186746
49978801,73877.97627320215
49744200,31337.528661341912
41461402,46865.24585664279
45068803,70814.7450563151
41882200,47193.60563250904
47173201,26267.26764668004
46548802,43146.191330229354
46574602,81574.73928993137
42622602,63638.3457299666
48227601,35773.466138059666
44292801,28442.11100416052
42617400,48187.47127826639
42877803,43991.747847341394
47707602,42344.0699460907
44969802,44870.88964523087
49738801,53754.58573627806
42088802,34887.57477790009
44275002,70824.37224576031
42531402,46908.96504581583
49457600,36413.8208339822
46765201,71412.76746734002
43811002,44458.90302024946
48217802,43659.387875136825
41868800,37325.691183239695
42710002,83337.61257434015
49561401,27066.101151014605
46158800,109565.07268785097
44609200,29461.501228235815
49624200,46721.75625419326
44746800,60014.563407561895
44189402,33895.57418786635
49214202,31902.033140843978
42597002,30081.008690415572
41342803,29011.994028653156
49845601,57621.50479613925
44644400,38856.91702632384
42502400,18638.856525571035
47947600,56023.717074768094
49324800,78254.1607727828
46814000,44438.56542849161
47082200,72208.82460237479
49892001,49704.64868108113
47010800,62713.510046495525
40961802,53525.0735630328
43806802,85840.27909231978
44040202,65878.54169185161
41266403,25626.511967234874
46048602,32468.26849990287
46874400,38589.46157508864
48547400,80956.86305151455
45934201,28726.360696501975
49304402,40278.95063202189
41708003,31655.182989792484
42664600,107173.84525999901
41164803,56274.366500593365
46936002,46365.90955987811
42204403,65584.60712078803
45599203,21395.187243164248
41640002,26901.594615028822
46847802,27662.700717869375
41942402,58888.27874318752
45096000,40105.358072013216
43687603,15382.296263110155
46617600,50142.870445984074
44857200,67507.83476597621
42962600,32181.34556951318
47954402,44995.7337505411
49336602,50276.40650939703
48331802,26948.515244295755
41043000,43558.732131992234
42422003,32335.184432079874
47794002,53081.907531980294
42781203,28850.305357482786
45372603,102810.33695837487
48888200,49052.97358535974
44477402,59276.17323548412
48269202,49596.606107600936
47888802,46054.0634826318
45800601,15239.94800853345
47191001,53193.96901852562
47789802,29186.121565346508
48601600,56393.69564762017
47273601,32486.408363743965
47107402,53361.24822783805
43712602,88615.29360078907
41284403,21743.78205188131
41291203,26192.80392782938
47031601,45374.56002392434
48372401,66641.24637724823
46640601,53139.52412907052
42980200,47957.894933274634
46074800,48827.540877198335
40951402,33637.43647675283
49571200,34906.98513945233
48201201,131110.59947256956
44553402,62101.97971091301
43511200,73229.9245259052
44496400,60436.68607225991
46241600,78670.07488001243
44471802,30224.66172454836
44744800,53834.36286079805
47058802,99657.78488120965
41903000,51145.35517383783
44009200,17694.4312499647
48361202,45965.072189468236
43851601,20613.41425512966
42775403,66879.22700090357
48534600,65085.78762590306
42202802,53721.23654917002
44333400,23115.17341478406
41628802,101358.56419634903
44476602,20606.26807229092
47499401,57649.66014333294
44393402,66543.30937392956
44745601,12272.120870298648
47723402,68202.17836703257
47466401,57668.69141827518
49651001,34323.65823155886
45459202,39067.745804190505
42420803,104947.02342673697
46188800,46156.175449401344
44626203,74215.88598203704
49059200,20787.76159557823
47345800,44838.29160039242
47984202,26734.740999280504
47941000,16118.540470131935
46887002,44654.34684694449
45736003,54947.165001541885
42789803,23089.0433403273
48970802,76914.44713154806
48371401,40436.16538372435
49043401,24338.681810089496
47271601,64507.849669660034
42738603,61861.91808934025
41630202,22748.832054001432
48787601,61818.745608719044
44558001,47107.60327937476
44950201,81687.47118010686
43851602,92723.11415203128
41679003,45339.92689677442
41235800,26003.508183491103
48547002,43384.487015343286
41224000,31903.694235699084
44808201,19751.01487318398
47304200,56693.43439277445
48914801,56482.30306757396
46005801,89376.92161122232
41208602,36034.849482872596
44266202,53531.49151210397
45148801,41547.87781205158
48080200,37522.02214451613
49248802,77470.28272588158
42187003,39529.23415881846
47339802,41840.572621630214
45475200,87645.99883565656
44420602,58688.299518597676
49808601,37383.35456340114
47669200,25525.082848293598
43261400,61566.100285492
43265800,17373.695037599566
48120800,48402.602483129805
43485202,47231.89319478679
46145600,47109.031735110475
46918402,46592.996828323056
45907402,26210.313880060443
43375600,34976.99999795911
48964600,38071.298755574164
45369801,28513.837120632386
42989203,71529.48413836899
42283803,28911.052683007852
48776402,38169.53514837613
45703601,66380.75493453075
45646803,27440.236639338924
44006000,60395.4253544426
48596001,42108.31979002778
41498602,43451.927602058255
44702801,22310.240635691058
48838800,36540.24991926875
46472801,52614.371716882
44010201,65501.77903192487
44558203,34531.30237128113
45879001,25411.8051494904
49207000,29946.672447379395
47094600,46077.09467887059
41392402,44795.2567735046
43532003,97194.38979284023
45089202,74733.50338422872
45171001,28369.523951568648
46573201,37178.98627643753
47576800,40933.86318657783
41214000,17030.29067152487
47745201,34337.30855126324
45380800,114076.40816950753
42128402,29962.47263786439
48709801,63832.66896258134
42810000,74309.65814541809
45181603,45742.78172610731
43984403,34548.16754913086
43349200,75544.92202877013
42802400,76086.43890724516
43690802,79753.34231366322
44827001,58296.33024443518
46414601,45826.63429307552
46454202,49325.4334117854
42618802,60993.9989596548
42448200,20234.208956605136
41265403,24504.042015751947
43540202,75932.83378622451
45906402,41065.88936155612
42225800,27644.435083364428
44347201,48269.50284940499
42453600,63705.33571875535
43367600,61913.12178047997
47770600,27175.52248641935
47591602,25097.302717192935
47932402,97010.3195632477
45787801,37899.87076831599
49447400,51130.92101399769
45417401,60317.82249034448
49966400,27285.76710498405
42485203,67925.18641556008
46803200,36071.02605738533
45938400,64364.908298720635
43640803,69495.86011385871
47119200,27808.325205198817
44714200,52416.4823222771
49719602,52416.48720342608
41173602,87496.65975281599
47614601,50634.55111232182
47488202,69829.8697636764
49524601,31062.90850777067
43725802,25561.80238281357
45120001,96376.19530000372
47733800,26892.856449370476
41409202,38871.9537272399
42694600,70144.20516706198
42502603,47965.793171850804
44296403,50380.53098742802
43883202,61834.89663626529
45604403,30712.366074153982
42829400,41791.31163437397
44455400,47558.9833684835
43470003,47059.180533033265
42807603,44073.995783505125
45209803,54183.115792294615
43783203,54955.56603638106
44093402,34063.83991224693
49407600,32336.047096163897
49851601,43711.136343502956
42227600,43665.99901730055
48186202,78857.00710150819
42171402,27221.888541184344
48484800,29040.18205114003
46170402,44733.22713131348
43375402,44985.978903997835
41146602,109113.85760058017
48643202,34436.314815264326
47887000,17675.852872452124
43175803,74537.94301841024
49366002,31915.216789074108
47447601,69412.39945213664
46193001,24480.731576277736
42333400,35366.40929034224
41347603,17211.884840829814
48799602,49205.81546536247
44369603,61082.35380753972
44793002,47413.37976567106
44324001,51571.86112177925
49710201,48165.56108014218
46263402,45797.239133207404
41446003,53505.37016755573
46807201,29417.40358876987
46335400,76440.25928968392
46712402,58251.31189058839
44772602,56613.379156649884
46693601,14501.908460945626
45567801,93683.25620360608
48839801,62541.24785564124
47511201,29886.560126031167
43451403,43841.675662268564
48095602,92752.82475506954
49665201,48709.39102346027
48152401,36205.78883727552
48198602,13403.162612889631
48239001,95742.62866819985
44773800,57986.207047981086
47269401,63042.515758267495
45446402,27179.768612199485
46741002,51342.2201954131
42543202,88065.80080696326
47557402,16077.13828413315
47992601,27419.79644763992
41382002,45534.2107129675
42958802,47570.990854343276
49598801,61326.98254444712
42400603,60185.14129469084
44425401,27613.76071640614
44899403,61212.71998319176
41812402,59258.017487494915
47773600,74490.23239133583
45150603,24676.292518078095
48107000,81603.42645408679
47060202,22317.49500211781
44323800,24927.31501089588
46361002,51583.9493809298
46522000,23146.129167766958
49197400,33780.00306423193
43960800,21962.665721186328
47075202,46013.2614472392
44595203,21477.55177400996
41462000,29144.346890645542
46974400,68676.76280848382
48280600,86177.14824159251
44745800,47643.14289067244
49164202,25335.813958906852
43771600,96014.5982710404
48478401,52784.14011109475
47959802,68540.77683008215
47568002,29337.815386941747
43329202,22986.28361048291
46383400,57530.8524815396
46529001,46281.81013564288
43485000,90609.47180648308
49576001,45397.82417362404
48420602,40199.27423740874
41336202,35701.76342703607
42420800,109955.57962566704
45204803,32727.002233854506
44641200,49499.650775256625
49011601,11794.16358519379
49262202,48962.53942374352
45023403,29377.85376562836
49734001,31000.068021907005
42334602,74218.26091908797
46804401,43817.32818694127
43924603,62645.93714503455
48458802,78165.71517059748
43046403,99155.74966278189
49457400,54351.230028317514
41882002,60224.59788634681
48454201,77510.22788913568
49882200,31011.074960506987
49644201,43621.18759294011
45734402,61834.9749426689
46547601,20733.762141493607
47647200,55997.685800616804
41129600,63108.985636566984
42497602,18162.241781276076
44386202,54703.8561643877
49823601,39610.89653631179
48956200,47192.96796125007
41031203,12106.927988990588
45500203,71887.08055010435
42002203,43999.42165423559
47174002,75208.03994562321
42145003,14826.465321214826
44202402,104937.8503790324
41555200,91648.70511414434
41961803,44277.07242790882
47783001,34173.01589825644
44230801,30926.090699472086
48809200,53964.47922973005
41467200,91325.32364297361
48023002,54598.95984007315
44764400,16311.490098657574
49517802,44827.26407008992
45902600,33523.81686855755
43798000,47577.102500108755
42897803,36220.7726884986
44164001,38427.35334254885
48980800,41655.433797576945
41287000,26609.508285314594
46767201,60778.52830734079
42542403,95768.2249830613
43956203,49051.9794461909
49967000,78044.59424670064
48807600,39773.37221098482
44581601,71427.93074810537
42053202,68416.48973651408
45112402,32885.7691116761
47145002,58031.88131238705
43884602,59389.82726726534
48211800,59435.46339829212
42102202,76569.93555893916
48226600,50846.70672352269
46570602,32955.662447916715
49321801,22896.961702852852
42059003,15832.954339879201
46072601,57871.868228365915
42351602,86040.8693443329
43448003,21530.2005519671
44504203,25372.45258713481
41003800,63297.03059689738
49430200,27306.363978869667
41052000,85281.52331786111
42414403,50770.61174808556
49447600,44760.20348127892
49689800,53713.14401954085
44013602,67602.258588923
41010800,40217.33542290473
49635202,51787.48777887666
43878401,31177.073662960982
49753200,57473.62425201222
48456602,35805.77609491078
44158201,40716.88564300029
45427002,81953.2625477452
47641402,54090.59547757362
48753400,52088.88801598729
41876003,42638.73054621727
42919603,88689.89299031164
41480000,19331.35822749431
48595800,46962.249007910556
42808403,40378.89841487536
45482603,71206.1631498577
43869003,98557.35363726757
49046400,82198.00342032124
41855803,11374.675088049662
48197400,64935.45195621392
44534400,36251.11955936974
48734200,22337.476865460674
49107401,14773.137334437808
48159001,32035.788235468222
41994403,23244.968823841315
42736203,43180.15152203542
44046003,27200.27491854931
46288801,34765.02823747838
48291800,73768.84766196988
46591801,54906.29902636067
43154200,47826.251171785916
48401801,43607.18408437674
45701600,92419.36453670097
44040803,47630.489823282755
42016400,60710.99809295409
49399601,67917.52835360395
43432600,54416.65829190413
45620003,27715.12257237151
49882402,47854.32145960728
42665202,19205.790778549002
48259002,27416.07690719064
45656800,48913.80902717715
42514202,41720.22277581092
42146403,17950.32160936064
49117800,55088.79348930996
48563002,28947.449744591093
43049203,44609.09213706867
46201000,23538.883521745534
42887600,32353.053407317846
45199202,83494.7712221342
45864802,52394.15335844763
48474400,44403.90295590523
48624400,69231.3901576432
46583002,84765.97168613695
47813802,10357.310192519806
46226201,28618.217615289585
46295402,53912.85311671343
45449600,75482.3954208055
44150200,50814.20140464456
41628803,64357.21469746463
43925003,77445.9234383363
43853200,21978.711322203897
49714600,50523.44403596174
47118802,99238.8253419885
44008002,33925.31179793919
48503802,51810.565709439776
45781602,65470.5930963723
41374603,28806.888203148283
41420603,84567.4086137824
43260000,36963.047178741865
49983002,53188.82751211387
45448603,53509.85027377138
43015202,48103.21746170211
49000600,8113.708690443622
49292002,51878.42574170774
44572203,64838.9612994556
45321200,39681.22403954565
44608000,58364.821556517345
42503003,30202.15780483375
46467602,37462.116774527916
41688000,58300.061608334625
47907801,53650.004387274355
43983202,84480.67488183483
47587602,80716.89537565791
42945600,93826.25716102464
44182402,56564.03264604434
42297202,34343.75696557142
42931400,67911.25401130252
41297402,13618.156573221837
44378003,23006.170683474673
43422402,76806.63627459508
48350602,47876.427880350224
49816200,43070.01332863253
48729002,46516.85483333077
40885203,115698.77250843501
44359203,61366.51753810495
44012002,38484.370054864536
49669202,35777.031117164464
48387202,45559.096525298126
45491200,66701.93426388275
44644200,47395.51933506438
41864402,22969.713654483836
46948800,42531.97927834935
48191402,48094.864928224706
48691802,29558.558284815917
45243802,30518.51479352922
45728800,26418.46673541569
49510602,47884.304641314346
46057400,23215.536009229487
45744402,60883.513480456095
44982603,62541.9367409241
47832601,24763.356474323773
47591400,57981.55871157715
49824801,65807.17351702476
49401201,44863.0675540083
48214800,38455.95164783725
42667002,22674.65754027503
41698002,65001.87292134085
47075800,48077.0683071009
49513202,39791.354653381495
44765200,40367.4735783239
43799802,61862.00067980335
41743802,59296.544949807634
42303800,38617.51558225109
48405001,31156.121400104803
49212400,38820.43874298661
42993802,40616.58618306642
41996403,46424.020319333074
42201803,30380.080053588656
44551202,88994.39320469183
46358802,44701.28902493402
43389403,60696.28476416106
48939002,87866.24012842344
45804802,49751.716854591315
46551202,57130.18432532728
41797800,29085.40960294174
46762600,80216.03392320516
44233803,49986.76806972034
49122000,23754.902043520568
47767800,42669.72436072082
44379002,60572.20425971435
43481602,65268.82681890845
45031802,71464.39047395044
47586602,29538.00852927054
48189400,37151.06889633396
45139602,38980.723611352456
45685600,38169.83780032874
42709400,50561.664834669216
49860600,66028.04191808047
47272200,17163.819455339275
48971000,21883.01453437061
41687803,57218.52809515523
48961201,20551.65907831034
45185003,69953.91444882308
41548000,14326.632290297137
43141802,39437.68643676689
46502402,49175.692751915674
45718401,25462.899880613935
48945802,59352.924923160084
42492203,50398.699039179424
44403601,52901.86843664197
46523601,66327.13471368977
44581401,46789.973760619665
44529400,34872.71894146536
44659802,81279.32775366279
44595400,32936.06955291881
48513601,46863.51313311726
45744801,21091.406437853213
41752000,57042.36988624379
46718200,29668.481650768543
41314602,30257.797653227422
46504400,34981.375589826544
49655201,45340.65934378917
41130800,72502.90336287001
43872403,67036.49142314518
48254800,79135.70235681851
45142802,30160.684903289988
48557201,34166.03492177163
45134800,38688.26506984144
44823801,33621.351900715046
42266603,92450.35481869132
41412200,29914.407269970772
45782001,76761.11040734657
46791800,69555.23534672677
45600800,19370.77973924751
48033402,48708.46640704006
46136200,34568.02387007799
43525802,65215.54840134938
47836800,17982.985865043476
41931800,59689.06035407798
45424801,50186.44601202616
47503800,108070.47266101134
43813802,77268.26513162589
45351801,18804.190914910505
43861602,57728.569246769155
45684401,56587.02069703527
46035401,44973.6749690836
43367402,48510.974259772614
41592403,70004.25053898098
46110402,71789.52688748887
42804603,48521.705321410125
48546402,65075.83670136242
43955000,36678.55287382469
41749603,48360.07486033504
46080601,48378.876102312
41577803,18874.83055461369
49148601,83104.12105138661
43246202,36337.45819628738
42258400,42476.83584552718
45208801,48063.57412046235
44913400,84726.0260338992
47532602,66484.59557414836
46749002,52758.317777641874
46237001,56826.769738274765
44570003,57848.545140333445
47203001,78353.6946285126
43877203,24645.736417277163
41337603,20214.395279040436
43266000,47245.39944092856
48000802,43500.60356385418
48139202,25205.34157269024
44264600,44894.84784103664
45164201,66611.06595162144
42389600,25282.71336912945
45863800,70418.02219657715
44885402,19866.66609204735
44125800,57890.856299138686
41349402,23279.234659929403
42641802,75965.71239205965
49563402,42676.47920050255
46800402,62999.079829540875
49074002,73708.7721694466
43149002,27804.917307673473
42985603,39999.13635193414
44022003,39826.005296506715
43108202,20296.932613324847
47440602,42810.44766315193
45829200,19466.958685047917
43810400,60460.844471587196
43850603,51380.8431611744
48325201,42774.645005168495
41737000,57028.22707732805
43657800,56352.346552307994
44693402,30500.468502135493
46251801,32147.364726544853
41667200,55364.362073445634
44866402,65881.7347668834
41254602,18556.590136376362
44644800,22449.506139618163
49306401,27926.27130535613
44859202,39712.074849681994
43076000,47377.88592468783
48041002,59323.85629968167
41740400,73699.7916673774
44359603,47055.79323677961
41252003,61627.06520799309
44128603,62667.0537096209
43013603,47007.16658240475
41529203,52336.15984945259
46899001,45968.66423111252
45227402,31513.654277794234
45942601,50383.7437072716
42121203,27847.29998404564
42737603,18324.763477967463
45097801,70389.93103945784
47637602,45125.37976239987
48444801,84297.48457479896
48368800,81688.24178506457
41977400,74417.56908766029
44243002,52720.108765521865
45954600,33355.439509860604
43212402,53253.43774498651
46111200,48914.031821070384
42637400,55057.34990283741
49122402,79366.64149961661
45383403,45355.197138577845
49510800,37760.590738141815
45960800,35159.328692802876
45531800,48681.39209339556
42741800,37999.854585168076
46360000,36417.35680338466
46088001,74614.32871242479
43626200,53774.273584225266
41804603,50833.39635759425
42850802,40420.02221204179
44201400,34512.573979260895
46830602,54995.18990244806
42742602,17213.350171452694
43687000,36453.0277050526
41845203,14452.482192766729
45470000,87578.07488764415
44976400,52122.84366512123
42768800,56411.84382070366
44625202,31335.66194969408
49062401,88616.43395450526
41789003,36631.04471906897
46933402,99090.6000632004
46841200,45608.19388246424
44919400,107520.00651158462
44673800,61894.15629380947
42016603,34003.94713060459
41770202,67457.52948935416
45355800,58926.59154556253
42942802,28036.19238773174
49495402,50444.36711196523
45658401,42911.83691036045
48719601,39625.765290885545
44749001,40924.04672910327
44712400,51400.65070643726
44162003,45675.96712714835
41344803,22161.29784978387
41389202,29140.799963161386
47668200,42012.59247396735
49243601,60323.23207600002
44204802,34830.61127493128
40839202,47988.94702402106
45764801,56802.28154008535
46088200,71171.86216988483
47966801,48362.18297256257
47172600,102785.99942702451
49105401,52025.742383269135
45933200,52310.114069952586
44763600,45276.572745576705
45116003,80665.34989115148
49647402,50147.623708864674
42052803,89125.66436784144
48138001,87039.59308561674
45549403,31360.15593048075
46421602,72946.90489180351
42453200,54853.17171809639
48040402,105590.15480369267
41319400,29524.79316356835
44606802,44756.76752709898
41168403,39451.406698373845
41214802,23146.35269935111
49470200,55920.36446768959
44031203,35763.41486177113
44733203,27870.32853742493
43689602,37694.92811410733
48870802,26249.497610983315
41568000,17731.144069882088
46782201,31952.700638860697
45521802,31791.04985126283
49064802,60925.56532627142
41472200,25858.33964654045
46559801,41570.114377480066
46525202,49026.67588224761
43493603,44069.448839726574
42446003,26573.079421547496
48389602,41013.46259839677
45506002,58956.23527301268
43576602,135803.05005727953
47309201,35729.22250534152
49174201,71395.15122014537
48523202,70192.64589631058
46837801,44636.55934581372
47219002,48523.54124217093
49122801,57031.928981774385
44857001,61290.22363265384
44650201,19571.46850704793
41267600,31946.600937626645
42146202,42812.07686690484
47333002,64056.38968116107
48514201,15716.009727187244
42514802,66660.21166336871
41422402,34073.27699321517
43236003,68562.88281846313
42182403,20929.00575876196
45649800,34960.1005642348
47228802,14362.403327671389
41379400,16077.466435167262
41948203,15151.031491679722
49908401,33594.10689417428
49054802,81865.05454086087
46435600,70173.03657394396
42414600,36986.83151862168
46554601,27833.806343065364
44664402,97947.65425248878
49833001,109958.68770346271
46796402,38047.09813196951
47096802,70775.08836231903
47888400,68597.26850735508
41909603,41287.266163825145
49182000,51988.913863189475
42765200,48673.463561920704
44183600,47363.03285298513
41476203,37808.467280199926
41747603,50995.66554145058
44268202,87558.41215781882
43883802,51998.826787891834
44252802,47317.6289126467
47519602,69105.41733531351
43444200,39849.431679157206
41026000,50175.22834905087
41580402,60789.37103838588
43145403,83775.78232230534
46788001,29579.467792072945
45747003,51038.25883956735
47222801,36172.62796317484
49363200,54188.8606588154
48397402,40922.82128018745
42299600,83353.60380765238
48576402,46866.93510003873
40964603,74247.62319413284
44277402,28617.03752751241
44591201,51361.28313426192
41434002,41030.132166849806
43282402,45932.035963057795
44350401,50254.505853686176
43709402,54639.26119032727
45355601,43713.12495903592
43329602,30546.541811305782
42040200,95106.05333228139
41410802,60195.74767586738
46737800,33030.544887953656
45741400,52987.40132339517
47357600,38747.42991496636
44689800,71109.20708185964
49457001,39232.06755710355
43911600,64825.425063713
44680603,56698.51316657386
48479002,90698.0971125994
46612002,35753.84036860573
46582602,84961.92665596574
41503200,43390.22921407277
48086402,99491.15396958234
48966000,34366.26108406771
45541602,49833.97322456786
48618602,57161.5604985669
47315401,45681.715695219886
45191401,41127.339478194735
45344402,54207.57219203682
42814603,100979.98401743424
43223400,142844.62362637927
41819800,65335.88650234953
46586800,61461.18793910784
43942202,28499.299265009286
41836400,45574.40439058477
41394803,48206.16143548753
41803602,91765.18379343027
43660600,50626.96789736604
47917200,67977.11730504278
44864400,64871.25150082316
46463400,58455.66725951704
46638201,36100.5417156411
41038203,84187.06620121477
41024003,12418.1119255167
41342003,72956.86079939907
46420200,86650.63965601654
45779000,48383.24071738533
41656602,32729.505491355645
47688800,36605.72717053241
45326200,60706.4635185283
43662403,65404.53874876187
47545802,37018.419704819564
44702000,22812.24881379748
42421802,53465.58516697649
48217800,29382.556462163273
49286602,31192.9925374533
43726403,69843.63220303463
43937003,54308.794214024936
41577003,38404.60634883655
44418402,41339.27621045758
44818401,62410.66685876061
47058200,40183.8113820859
49574000,18032.08929836755
47437402,20520.322450546933
43776803,34245.31728664541
43864801,43741.7058325494
48894602,80434.90200747868
46986802,52272.37243028435
47941402,30977.893935734104
45712802,26324.324124132276
41930003,30465.340962017646
47827402,35088.06824622448
41358202,36834.29259945884
41211000,25726.929380579866
44742001,33174.092527876375
46933202,26092.502767413353
48777001,46017.07633154665
43760003,52497.98415823513
47777001,40715.53358181807
45847603,39249.24142526451
43978603,39503.06003712271
42138402,22808.167880026056
48056000,48167.83820636609
49747002,65977.02605384612
47639601,21313.465384328643
44549401,55718.310845512024
44085402,44193.82933938733
42417402,53035.63624567091
42287802,25920.64937656906
48623402,16780.087405647762
48541201,38837.67004051519
45367202,46930.022285538274
45099200,72502.30224226922
48291200,59552.30662213171
43477003,30313.230787368662
45060200,93781.95747414217
46858600,54209.918364960366
41427403,59556.66041907435
41301603,38026.81591160853
40852400,54688.55932456037
46302002,37988.2182884857
46617401,19967.625263523107
44652802,68969.93140348294
44205203,48112.40416230151
45452403,35971.472681093896
42764403,17453.16239217957
49420401,41387.74323993162
44862002,37358.65360417257
45552000,108568.9513445801
49763000,55292.55255682125
48489802,74951.64518237175
48996401,54176.25795616481
44850600,71341.61231317988
45419601,69436.2489865465
46877201,45215.74501372161
45642603,50622.94564005904
49838001,89883.10378374426
41981400,69603.28387342693
42980203,50877.05416419472
42132200,75554.51982660645
44634401,78931.91943390545
44702403,50560.1544846038
49326401,49579.74995446211
44274802,37059.50699437715
42059200,44108.3051605833
48951402,53873.30065716795
43885202,70353.65139058126
45893802,50493.29259728214
43632402,62900.07015110379
41509003,55531.719064719095
43889603,61156.43570393332
41298402,15697.346816133904
49193002,55858.45661069376
43319000,56744.313431617826
43653803,46060.142290252144
48259601,61189.12646360276
42902200,62969.21785572278
44282602,21883.32909028326
49704802,81058.63909938758
46098202,24344.169363684057
46149402,69429.24554893324
48929600,70072.29481861144
46943800,67609.78786547924
47538802,34046.45067537011
44748601,23566.811429168076
41708802,30672.683214739074
46068802,39653.834461944396
43619003,25723.437153162384
42309803,39053.27908650731
43218803,75676.40733249053
49579600,68567.57476249021
48908402,33741.480704463225
42921400,87685.26984899475
42750200,51748.17018687752
42698602,54968.12664221861
41501203,45886.342869706874
47992202,112364.23144483031
41126002,36893.66885079057
47468602,27008.21148570255
44718201,23821.6431787161
41405002,63259.06731218126
41184000,61441.38456705617
41682603,65056.6004762082
46592601,29474.35543029419
45683203,52468.01465077412
46072200,45853.110119088684
45595200,61495.92721664954
44362203,50803.73334847318
43747600,67942.85691921599
42986003,26976.881769353502
48905802,47172.08195126561
43320403,32591.0780021267
46719202,38308.593945141256
48002001,74743.90016450922
49052600,106476.68664386729
42095400,47232.50394869154
41569602,24978.203453652495
46255802,47040.57098790149
45670202,67646.79097163276
44217402,43530.818916617725
43507603,55440.55410007242
48915401,42615.87933965023
40974203,83801.41922898438
46596400,39834.39827347765
47778600,81799.39406110146
41737602,98891.8150164198
44301202,30584.877638844904
42846803,26320.656510511362
43634803,66581.41188139695
45602002,31442.607821990412
47104802,40353.70155606659
48857401,57424.95106613175
44267001,59437.147276283715
47693601,33545.631226844904
49236201,24987.31711832688
45589801,131513.7621422214
48316002,41006.54630561359
42699200,110363.34902302145
44488003,26286.055855937833
43678003,80469.43461254596
42642802,50031.74309718596
47832002,45972.34707122107
44856001,60877.34202289865
41976200,43308.304622933465
45008400,42427.362641994056
41252000,34118.10901957461
45356402,60563.14134417051
43868600,36558.30268273363
46170001,89625.74753664545
43332803,57471.62050280554
44468202,31378.7123883492
47832602,24763.356474323773
48324001,61427.468231983985
41200202,65425.648350748714
45992800,25674.739663550128
49704800,77365.26568757763
48145402,74272.25823763153
48219402,50717.48938224001
45466203,42763.43935930851
48869801,77118.39557976318
43257603,67821.62935051303
45287001,8295.788837822853
43798002,44091.22127046502
41704202,54355.47907734404
43907401,29266.520157081737
49144400,33883.819248037355
47632002,65266.446432991084
47812200,15218.661109534849
45603203,75579.6690291631
47725400,50452.27768233578
41075802,52400.085904597436
46784801,44894.35396579804
46202800,50971.999711586366
45172202,59928.786417193005
41788200,23761.043148343182
44904401,45380.74169328426
47495800,28923.173758767945
45815002,82679.97834033625
41161802,29188.240163598744
41208803,12282.015101104385
41329603,26915.631366468915
47054202,61469.236838817866
43826601,81888.02935216555
41758000,89871.99636205035
44014003,64305.932293412385
42853400,102883.3999044867
48932602,26669.574793541957
46928002,42619.66015220125
46427800,81669.5742743258
46150201,100708.99777499837
49170000,35059.68513625671
46831202,57485.7324181796
45901802,55103.37499916945
42752202,23944.283578639624
44663000,54027.26277124106
49395202,44124.259565383414
41364403,24556.17473627009
42419800,52452.32951554279
45960402,55031.45737506664
44500803,86022.45145570046
42344803,40187.22532147805
47403802,41405.09793757863
44605800,25501.477163823445
43075000,75725.46710130089
42113202,48905.87890060433
46031802,37691.3335920487
44250401,54691.805537900465
45928001,115915.16481668182
44247001,30029.59465539735
48533201,42058.41684709332
42251403,29131.92206984732
45967002,55510.889668523756
43141203,65434.63730734416
49941600,31958.87788808723
42232002,28089.270404125935
47795600,51534.09218546679
44803603,47112.93703701303
49155201,59095.48260518584
48171600,73240.59031762258
45917402,24654.26381351071
43800600,31292.486471213335
49006401,43563.226552264736
41329802,33873.58890121948
43708803,81205.16279430316
44118401,31875.11824471359
47154601,29897.397455760212
45692400,35913.86564207019
48289002,64843.16367461016
41413203,18427.222195337665
43792003,87648.81385882125
46157801,62126.952014316346
46551802,39763.988746166215
45112602,58417.99039206426
49035401,26518.901043967497
46320601,38798.99577820323
47992802,58809.5763164453
45809400,39138.1253304497
49820001,26681.351725106477
48993602,43419.034872483804
47390601,94111.54798245567
43929601,78327.87461595853
46036400,68406.68796142563
48235002,12971.877162656849
48227600,96199.21520481762
48771801,23160.040707768778
45976800,74556.91172587244
43229402,51166.57521621384
49630800,37913.88959643315
47054402,29224.497215661624
45812403,47824.497750998344
43751602,33102.22708648078
40961603,47247.064968669605
49359802,50648.738815002114
48435801,38776.21840398342
46852000,16985.81698405531
46563602,35751.9456507185
41090400,45933.51493972946
48879002,46687.756464638005
44888401,28893.588796634805
42143402,44962.5723495327
48163401,23328.102536705752
42900400,44358.96951158448
47834002,29296.646749854986
49324200,43728.13025943277
49791602,103210.0677606272
42335002,28555.12367625058
46318001,95815.11839103891
41089203,48301.64299172571
42106403,65101.63191584646
47246000,50880.42407676029
45802000,87811.84162843302
46412200,38012.19379374223
41452802,89808.16005901952
46710402,34379.083273900054
41538603,70219.81990712324
48997600,60753.843506022175
46761200,28438.203445908868
44121202,92294.94537281222
43848803,56543.811402086714
48134401,44521.505338632815
47786801,34172.903491816745
49489001,70587.35997284346
43803200,81808.28492049649
47922800,70996.31149440134
42858603,23740.73108068759
45065403,57257.84228269862
45704802,86741.96289070976
41582602,55956.32291712038
48375200,44521.39990761578
42024602,47556.78279687587
48813802,102682.97941541215
49873800,29122.46796383415
49638400,29697.741917328392
42436800,30804.033471898932
49354000,22644.32314868689
42789202,25512.37461057061
49022202,17490.686628080497
41506603,20052.886027663342
43609602,39230.27490732357
42391002,42349.00422534892
43496600,69710.46411828561
49239401,23553.52650946292
46531602,48154.19109533639
47753002,59318.962985409875
44497002,51991.35543042
47080601,31179.42553662471
45094002,32996.151422251896
49897802,72324.50184157414
47335600,47439.668195598075
41330603,30400.93963873302
47823402,19668.985733385998
44139200,27617.706424523923
48482602,40244.74574445687
43318603,62020.321689190016
46419800,41404.52543235081
48691002,28956.238794050656
42371400,19189.20978497911
41734602,72516.06853507145
47130402,32349.34601784846
45104603,58419.64654582274
47437001,48328.01255468462
43710400,79150.2565901754
43181602,30872.895933456377
44805803,85410.01247981092
44570802,54048.65900938468
49096600,37234.15472521403
44903401,28691.318551326804
46297400,54127.58244641362
44439800,53890.8246019168
44613203,32401.767018017654
43620002,52507.46841663608
41208203,10304.28613117188
47519601,51328.68112695431
42310203,50892.33513236345
43109800,59289.721167012496
42769803,88617.31621750825
42301402,45019.91318426894
42175800,60585.52335872545
42502802,67759.54997916966
45705002,35891.57068033646
45597401,57806.51538385395
45178601,57498.348652501554
48690602,48705.47145869318
46112401,69770.13048323331
49001202,53397.76854650518
47402601,27307.135298094283
49079400,35303.06243822734
43678002,71284.34980101591
42159202,52615.74117395861
42435803,103541.0650628488
45266402,32185.524812031326
49625402,38713.84720301047
48861000,70191.14452190655
48862801,49964.67900460829
45138202,53120.66131079581
46756002,63738.139073850405
42994200,79691.09556058332
44061000,25944.851060528854
47180600,17857.00152008843
46122401,67850.99519993589
46018002,23968.82013838669
49185600,64640.00612664229
42888002,42702.00551950464
48039802,60540.661692198235
45158601,37175.70212357677
48389201,29660.325561481324
46886600,65074.59453566879
46506601,26252.38399420443
47697201,70414.59686162973
41234203,24225.21014086019
45596402,67446.86045015739
47744001,89378.65918331685
48160800,62605.64731375999
48456001,25999.318278770814
48557802,59731.82615243004
47826800,33482.47025013553
44071202,49314.665120287114
44521203,55965.394948862
48462001,22777.232104343733
41607002,81659.94094658227
45391002,37609.60079605693
48634201,51080.64888806221
42478400,27130.427508157976
44035600,66497.09665475602
49028200,36734.402632421254
49257200,68095.45744649954
41381403,60341.510158060824
48908200,31074.16610987692
44431201,48104.636701860276
41682602,67672.2560201
44225200,17715.238406067343
45100200,22914.80878872652
43563003,34267.73464903266
46708201,103027.1723599259
40994600,37134.79843739059
42518002,88572.6213051909
45871002,76611.73867547234
47370001,39417.763796707266
43220403,32519.85000189903
44771802,35113.139323202515
44232801,59030.22482338863
41960603,61472.88026667104
41200200,47999.09654510589
43960202,40561.11665995402
42440402,70695.08065653579
44426002,50372.170694499786
42134200,75139.5228773263
45888200,62112.082122348904
44218801,51065.1629383402
44770002,34814.22887789517
41242003,29925.354123670713
48756600,71406.86541258727
46857600,48534.546442063714
45278801,71394.44451401918
45491603,22238.334929848817
45104401,47044.42676477226
49275402,50061.54999644756
47211602,31520.54448143482
49159401,35459.7588926708
47758801,38893.42905149332
41912600,35690.72144792491
41845402,32948.52777371797
46365802,65792.07574922386
49869600,74083.34050348561
46404600,63976.730516865195
42367802,53637.19343531579
44088201,74412.40722407603
41297803,5675.481476806817
46028602,51179.07337146195
45442400,108746.41463488695
49230801,41083.525362098284
45395403,28122.541954541426
47788800,60256.15841616982
43702600,34660.978902869596
41092402,63947.74376472409
47322202,109115.09256333872
49934002,82865.42736547049
43256203,26009.431987132506
48215600,46886.441214224185
44696602,78920.12179893529
44554403,42950.60899307838
44880402,49440.59258863299
44827402,31614.5296308866
44912003,42333.89769427342
44659601,59793.639732725875
43829200,39172.28671228363
41439200,49043.92932872262
46323001,32605.024839265538
45310002,68314.67850110008
47855200,51589.94018776614
49603600,72931.03985284881
48807602,17082.117058597978
41609200,42469.90740807426
48298402,17455.110496545145
42934603,52224.296869743295
49671600,40870.127172644854
46220000,94964.77970832217
45127403,37443.75427057996
41054200,77364.61195655145
43836403,25992.442843927558
44850403,34057.93050620856
44517603,77969.79775323247
46705801,54665.777572578125
42278002,42787.29734990327
48002602,108947.94253452982
44302403,40992.778228534
41444200,42587.17259110285
44122802,46316.484190255294
47553200,76445.29556191052
45489603,61813.0672634225
48694601,32880.61613424169
42418002,49553.31192814571
46026202,77548.58261648506
41037003,31651.6471660168
47959800,62733.75577398973
45722803,39468.20096387915
47566002,63662.97149881497
44474001,27654.488191329125
48196602,52439.102569501
47741600,102037.92287617538
41314802,30263.89733916827
49397201,85610.23484740194
44135002,38047.73492769818
41631402,29837.257707720437
44718600,83306.97873659394
47230802,46842.56459555136
45327002,72717.4480269835
48419202,10947.732843225487
48799002,74960.49112944695
47053400,57317.73902472124
48792800,57459.805325331174
45747400,64588.98832125798
48168401,45654.060720666406
47419002,46502.57348669723
47406200,41968.133110766285
46788000,43457.12283192045
47647402,25466.10979865377
45225403,55663.17506318839
45417200,85168.27990988654
47349202,47861.08124744617
42091602,102136.81000940196
45083403,49071.34108470806
43982201,46031.880714088824
48249000,33784.00077535545
43879003,62512.77887802421
45737402,51812.133448679175
47313200,28472.468949754657
48540002,46141.30592582645
44807603,84177.24705603471
45852800,54373.036308431954
48508401,53697.90736440256
47710001,33573.69188926273
46385602,53934.606090673224
48569201,42615.25429235367
48891601,26653.495956670027
40801202,51210.820832084755
46263400,23961.572621705207
47886802,106318.85384907629
42682203,51693.15753069659
47327000,88148.82022804287
47560001,72327.6890763745
47131202,53783.784417135226
45020801,34872.324348974034
43997803,56406.72457379499
43648003,24574.671899931906
47563802,14892.281926804615
47531002,74390.30384433173
49857401,50830.972744504325
41307802,17153.889993201243
48156200,38749.14748893787
43783200,56217.821250550085
42789403,50956.90768318967
49410400,93389.62592518759
45739201,29697.886175270116
44026201,44601.140306572925
44345801,23910.15490612061
46433402,64528.3787484625
45686200,39711.15826906634
41282003,23893.019269032236
49744400,49866.12577647169
43162000,27472.852690201114
48289400,52376.199397002856
48140202,74330.88166942069
43339400,38438.204077659
43411000,113416.9358900803
46703600,23532.69018793475
46071202,53343.55632409361
46062401,49367.86549240185
49212002,70671.41967418976
45304202,51785.151816120626
49844202,39216.71172468139
41544200,64312.34564001518
45803602,42071.936566299715
45124601,21770.379286881733
47388802,32952.84830361948
47122600,56280.46771793665
45413800,39375.14679756353
42476200,70257.17771954364
45481401,40647.647899677606
40956203,34044.885080650696
45301601,95409.22523299753
43671200,27678.77399495492
44584000,33769.22204500428
43962201,63960.616804855774
47699600,52264.221460126195
46985200,34217.321587105806
43747602,18637.11694733728
47238602,55912.084425080306
44075800,98429.54032487363
41462803,38112.726816774164
42241403,64114.31575969513
44110202,40978.99100842183
40911000,18820.755335323185
42634002,86750.03349294123
47176201,71786.66515329038
45846201,57992.57132440958
48457800,36293.03458216573
46941202,77843.59737992284
46154800,48003.14785851876
48538000,37814.837434247485
44956402,74756.61177552085
45340203,52033.05478457712
44633000,48505.033054129584
42478803,32915.29816816437
48781001,40463.62186099932
42454202,64003.88971187112
42435402,42716.38119194667
43751402,68678.98870940579
41126400,46600.68816808399
43900002,99965.43888413082
40834200,25055.47816011111
41523600,89928.72500676711
49864600,39734.15928784263
48966001,22491.07519443013
41493202,74187.21230725099
49379602,29889.281868110975
43815202,64976.691912275666
46742000,91866.55343411083
43430803,41158.749405805735
48323802,54711.85913058086
42293603,44322.80284458545
49778800,44116.16075253358
49359200,49424.88515416533
43424003,47066.16949308091
41373002,14798.988848131157
40813600,72719.15733118293
48201401,23382.09869140727
41630403,43093.53758238417
44746403,74321.32600076102
44695803,63814.35596994226
41332400,30834.934343052082
45221602,50658.52078386699
43606800,51785.036583632565
44181801,65904.8977891695
45105603,27127.29037364813
44839401,48807.026275613054
46167800,37359.81260288059
42846603,27031.007909741238
46914201,28348.56377108262
41854000,44433.48538003888
49816401,48981.21041821481
46697800,66182.07312293416
45523401,47789.71668448715
44642000,24720.603744636544
49403800,17504.68333727202
45711203,29324.627164123358
45394602,88686.29920010584
49902001,68423.94463569051
44055202,54753.95840306629
49840202,73718.7799186447
42948400,25410.913250097314
49292801,32018.13556645049
41820003,25530.816600398357
46536000,19646.228340931477
46615200,85984.80976990069
45111603,44337.26004457702
45382800,21287.510692280768
43858002,38706.817181247534
41590603,47289.1035051671
48954400,30562.838406723826
41263400,31532.674367055304
49096601,71002.28205004426
42744202,34539.17079839077
49025201,73895.29821660763
46264801,39827.90413813814
48768802,69399.30818477225
48676800,32949.872673349266
46282602,66017.05013568525
44708203,47795.252251937214
46178400,52314.88599977882
40817802,43999.13287709524
44308001,31824.027445276883
45072400,32806.40556776437
45648200,37390.144411766414
43279800,38616.61019419334
47036402,41641.0362783749
42952803,28871.94563896128
44974601,58742.18363449515
48749600,50743.94474269794
41144202,89591.91471373505
43278200,73399.77903161041
44320002,57877.680565637726
44022803,57188.330445636006
47084402,62706.3660346894
43158602,37700.36611390099
44923003,30005.114134264168
48373002,82594.43020079029
48100200,26257.016606491474
41545002,48577.86692652275
45075601,39390.20416747338
46442802,44921.49669795044
48492002,41627.5282095592
48339402,54497.42747982916
46280402,30692.49383356209
49119402,24142.129138961784
41733203,62118.55497272922
44852000,68356.71250772792
44005002,34035.790972755756
43252003,55600.18818770673
45849800,44183.8055711918
41504403,47813.389805478735
44132000,97696.73073263699
44912802,25954.979391609573
41275402,34762.95964213091
41564000,51353.14031248621
42798000,39709.19652132268
47384401,73183.98420428767
47118001,65325.88726331202
45404600,35905.81980505053
47692600,36862.7464917585
45227603,84658.330858394
48438602,43834.159065551015
41875203,29617.04096471938
46184000,36577.44458901594
48406400,27747.68089468292
45345803,37080.763049090834
45761802,84091.12189837052
48936201,46926.34334956017
46257200,26715.651720839734
49008400,80778.96781594212
48466402,78016.46671378761
47798601,62322.138341617436
45845202,88326.32384602429
41511803,28759.968044523677
41317603,35160.29119852741
