id,salary_mean_net
46224201,42920.0
42119402,42920.0
45716401,42920.0
43716203,42920.0
47109602,42920.0
45507200,42920.0
41123802,42920.0
49155602,42920.0
41169603,42920.0
48041400,42920.0
44627400,42920.0
41904800,42920.0
49037402,42920.0
46778401,42920.0
49970601,42920.0
46875401,42920.0
43416200,42920.0
41717000,42920.0
47784201,42920.0
48823400,42920.0
46711002,42920.0
45307201,42920.0
44298402,42920.0
46487402,42920.0
47184800,42920.0
44145003,42920.0
49904402,42920.0
44032600,42920.0
44374402,42920.0
44402003,42920.0
42970002,42920.0
43892802,42920.0
49155400,42920.0
48131602,42920.0
47830601,42920.0
40956402,42920.0
41839203,42920.0
43643803,42920.0
48574401,42920.0
45808400,42920.0
45119403,42920.0
44271402,42920.0
44880601,42920.0
42208202,42920.0
44322800,42920.0
42892600,42920.0
46480801,42920.0
49197202,42920.0
46631001,42920.0
41294803,42920.0
48400801,42920.0
49960000,42920.0
44190402,42920.0
47235200,42920.0
49190402,42920.0
48081202,42920.0
45428802,42920.0
49733402,42920.0
47551801,42920.0
49141202,42920.0
46583000,42920.0
44898201,42920.0
44255802,42920.0
44659000,42920.0
40826602,42920.0
41268203,42920.0
45078001,42920.0
41368002,42920.0
46702600,42920.0
48921201,42920.0
42480800,42920.0
41982003,42920.0
49052200,42920.0
47522802,42920.0
45581000,42920.0
45919600,42920.0
44522603,42920.0
41337402,42920.0
45155202,42920.0
41238800,42920.0
45261402,42920.0
44986003,42920.0
42474603,42920.0
41699802,42920.0
45672802,42920.0
49818601,42920.0
47142202,42920.0
46217400,42920.0
44279201,42920.0
49418400,42920.0
42452603,42920.0
46243002,42920.0
43363403,42920.0
44945201,42920.0
43750202,42920.0
48944200,42920.0
41822202,42920.0
43997600,42920.0
48834200,42920.0
47010601,42920.0
45556602,42920.0
49398201,42920.0
41385400,42920.0
45586802,42920.0
45942801,42920.0
44666203,42920.0
45663201,42920.0
44327002,42920.0
44225603,42920.0
41747002,42920.0
42447202,42920.0
41094202,42920.0
46445202,42920.0
43980600,42920.0
47902401,42920.0
42464202,42920.0
44950601,42920.0
48139402,42920.0
45203603,42920.0
46815002,42920.0
42797000,42920.0
42130800,42920.0
43836402,42920.0
42298200,42920.0
42293203,42920.0
44361002,42920.0
44638600,42920.0
49456000,42920.0
44419601,42920.0
43997601,42920.0
40927202,42920.0
41503802,42920.0
47476801,42920.0
45488203,42920.0
44266801,42920.0
48837000,42920.0
43807800,42920.0
47106802,42920.0
41391802,42920.0
44343000,42920.0
42489602,42920.0
47035800,42920.0
46356201,42920.0
49235401,42920.0
43106603,42920.0
48584002,42920.0
45466402,42920.0
42252403,42920.0
47639000,42920.0
45906001,42920.0
49722200,42920.0
41518003,42920.0
42385403,42920.0
45510201,42920.0
49860200,42920.0
47748201,42920.0
43503002,42920.0
49121201,42920.0
41278802,42920.0
46488201,42920.0
44357601,42920.0
45329003,42920.0
46121201,42920.0
44534403,42920.0
47439200,42920.0
41439802,42920.0
43174802,42920.0
46571201,42920.0
44396601,42920.0
42916803,42920.0
46556402,42920.0
49299802,42920.0
46320401,42920.0
41349003,42920.0
44385800,42920.0
46565000,42920.0
49856402,42920.0
47026802,42920.0
47281400,42920.0
43571000,42920.0
47264400,42920.0
49762201,42920.0
49539601,42920.0
47023001,42920.0
47805400,42920.0
42503802,42920.0
44903800,42920.0
45184201,42920.0
46244802,42920.0
44987603,42920.0
48334202,42920.0
46710602,42920.0
46103000,42920.0
49332202,42920.0
49018201,42920.0
46759001,42920.0
43486802,42920.0
47335801,42920.0
45229202,42920.0
42649803,42920.0
49143000,42920.0
48893000,42920.0
46859202,42920.0
42136803,42920.0
41181002,42920.0
44475001,42920.0
44348603,42920.0
47003402,42920.0
43618002,42920.0
48296600,42920.0
47038401,42920.0
49145602,42920.0
45244600,42920.0
47963001,42920.0
49631202,42920.0
42867802,42920.0
46826401,42920.0
49336801,42920.0
41301202,42920.0
45697401,42920.0
46021400,42920.0
44352203,42920.0
43840000,42920.0
41874200,42920.0
45129202,42920.0
43415203,42920.0
45648801,42920.0
43103800,42920.0
46788401,42920.0
42085403,42920.0
45373603,42920.0
43082003,42920.0
46171601,42920.0
42831203,42920.0
46689201,42920.0
44785201,42920.0
46367001,42920.0
44117600,42920.0
45338002,42920.0
47507602,42920.0
43644400,42920.0
41405403,42920.0
45093403,42920.0
45870402,42920.0
49833800,42920.0
48925600,42920.0
42474402,42920.0
45784603,42920.0
49955802,42920.0
42199400,42920.0
49847402,42920.0
45968402,42920.0
42683200,42920.0
47870200,42920.0
44719001,42920.0
45330402,42920.0
47201802,42920.0
49925802,42920.0
40996602,42920.0
49929802,42920.0
47711002,42920.0
46575200,42920.0
41815802,42920.0
45048400,42920.0
47075802,42920.0
46943401,42920.0
47565000,42920.0
45462803,42920.0
49623200,42920.0
45962201,42920.0
45931001,42920.0
43517803,42920.0
43553400,42920.0
48184802,42920.0
46683802,42920.0
44930800,42920.0
44074202,42920.0
48191602,42920.0
45958800,42920.0
48842400,42920.0
45414801,42920.0
45767602,42920.0
41082600,42920.0
49807800,42920.0
42515600,42920.0
47980600,42920.0
48467400,42920.0
44733603,42920.0
49775800,42920.0
45906601,42920.0
48172401,42920.0
46388400,42920.0
48566601,42920.0
43549203,42920.0
47680001,42920.0
49464600,42920.0
46357200,42920.0
41941600,42920.0
47069602,42920.0
48789002,42920.0
42849403,42920.0
42421000,42920.0
45538402,42920.0
47932802,42920.0
46972800,42920.0
42018803,42920.0
44280401,42920.0
47428400,42920.0
46006402,42920.0
46784202,42920.0
48568000,42920.0
44073803,42920.0
43262800,42920.0
49901800,42920.0
45261202,42920.0
49168400,42920.0
49770601,42920.0
45477602,42920.0
47297802,42920.0
46899401,42920.0
45612003,42920.0
48756602,42920.0
42776803,42920.0
49858600,42920.0
49174401,42920.0
42772402,42920.0
43129802,42920.0
49519001,42920.0
43622800,42920.0
49482602,42920.0
49972202,42920.0
42459600,42920.0
43603602,42920.0
41775400,42920.0
42630203,42920.0
45166601,42920.0
43040403,42920.0
43630403,42920.0
44806001,42920.0
44696202,42920.0
43512202,42920.0
41634202,42920.0
42960803,42920.0
46327600,42920.0
45595800,42920.0
46498200,42920.0
42406803,42920.0
41110200,42920.0
45393001,42920.0
42895403,42920.0
49837601,42920.0
40857003,42920.0
42935402,42920.0
41923002,42920.0
42208402,42920.0
46974201,42920.0
43269800,42920.0
40997000,42920.0
46979200,42920.0
47270400,42920.0
45927400,42920.0
48557001,42920.0
44972200,42920.0
41119602,42920.0
47353000,42920.0
46813602,42920.0
47997201,42920.0
46946601,42920.0
46387800,42920.0
48712201,42920.0
48221002,42920.0
41053403,42920.0
42243003,42920.0
44636400,42920.0
49100802,42920.0
47920600,42920.0
48827002,42920.0
45698201,42920.0
45879600,42920.0
43425000,42920.0
47525202,42920.0
41924200,42920.0
48105401,42920.0
41100603,42920.0
46949600,42920.0
41726802,42920.0
49039600,42920.0
49592600,42920.0
45134402,42920.0
41508200,42920.0
49893200,42920.0
45114200,42920.0
44794003,42920.0
44670402,42920.0
48034601,42920.0
43512000,42920.0
44770200,42920.0
43404200,42920.0
49891801,42920.0
46197002,42920.0
48430400,42920.0
45153002,42920.0
49878400,42920.0
41876403,42920.0
41257200,42920.0
41403402,42920.0
43593803,42920.0
49852200,42920.0
48647001,42920.0
42543003,42920.0
45240801,42920.0
41310003,42920.0
42596000,42920.0
45554201,42920.0
46384401,42920.0
42649602,42920.0
49974000,42920.0
47498802,42920.0
41617200,42920.0
44663201,42920.0
46568402,42920.0
43820000,42920.0
47515200,42920.0
48349800,42920.0
47560400,42920.0
46774201,42920.0
48445000,42920.0
47955400,42920.0
45667002,42920.0
44907201,42920.0
47835802,42920.0
41844603,42920.0
48019001,42920.0
42241200,42920.0
46798201,42920.0
46867800,42920.0
49782401,42920.0
41250603,42920.0
48238801,42920.0
49831001,42920.0
44175601,42920.0
46667601,42920.0
46697000,42920.0
41899403,42920.0
47280002,42920.0
45433000,42920.0
44357202,42920.0
44313203,42920.0
43894800,42920.0
47863202,42920.0
43935203,42920.0
43069600,42920.0
42568202,42920.0
49973400,42920.0
44006200,42920.0
46531201,42920.0
43988802,42920.0
44991003,42920.0
46315801,42920.0
45611401,42920.0
45983200,42920.0
49894800,42920.0
41254600,42920.0
45797803,42920.0
43599603,42920.0
42079800,42920.0
45481000,42920.0
46734201,42920.0
43726402,42920.0
49077401,42920.0
43064200,42920.0
46705400,42920.0
44253800,42920.0
46599200,42920.0
45723401,42920.0
48338000,42920.0
41681203,42920.0
42197600,42920.0
41713202,42920.0
44136801,42920.0
40885603,42920.0
43643600,42920.0
44897401,42920.0
45800002,42920.0
46858601,42920.0
44228800,42920.0
47747800,42920.0
49766802,42920.0
48276802,42920.0
44972602,42920.0
46142800,42920.0
41561803,42920.0
45886602,42920.0
49359602,42920.0
45062002,42920.0
47485402,42920.0
48614002,42920.0
45887000,42920.0
46830001,42920.0
47032201,42920.0
44652002,42920.0
48781000,42920.0
46265800,42920.0
41408802,42920.0
46269400,42920.0
49027002,42920.0
48777802,42920.0
49095402,42920.0
42455803,42920.0
45099203,42920.0
44972801,42920.0
46798601,42920.0
49685401,42920.0
45298401,42920.0
44207203,42920.0
44020803,42920.0
43347800,42920.0
48842001,42920.0
47034201,42920.0
41771403,42920.0
42797803,42920.0
45625802,42920.0
41526600,42920.0
45397003,42920.0
42679802,42920.0
44974800,42920.0
49884200,42920.0
45406802,42920.0
41286203,42920.0
49211002,42920.0
47718402,42920.0
45161402,42920.0
46942800,42920.0
46194800,42920.0
41640803,42920.0
48859602,42920.0
44882401,42920.0
42448603,42920.0
46715200,42920.0
44656800,42920.0
49129600,42920.0
48133602,42920.0
45639803,42920.0
44116200,42920.0
40980802,42920.0
46394000,42920.0
45708002,42920.0
45033403,42920.0
42260200,42920.0
49251202,42920.0
45283001,42920.0
47012400,42920.0
42827203,42920.0
49633602,42920.0
46699402,42920.0
47166402,42920.0
45770403,42920.0
48768202,42920.0
49316200,42920.0
45117002,42920.0
47899001,42920.0
40923600,42920.0
44942403,42920.0
44572003,42920.0
49758801,42920.0
46076200,42920.0
43220003,42920.0
42229003,42920.0
43815402,42920.0
46833201,42920.0
41043802,42920.0
40862200,42920.0
43330800,42920.0
44864200,42920.0
45662600,42920.0
46196000,42920.0
42740200,42920.0
46670600,42920.0
48132400,42920.0
48445002,42920.0
46667202,42920.0
42547800,42920.0
45013402,42920.0
41186003,42920.0
44603601,42920.0
44326001,42920.0
41390603,42920.0
42696002,42920.0
40863000,42920.0
48898401,42920.0
44251200,42920.0
49927000,42920.0
47307601,42920.0
46382402,42920.0
47713800,42920.0
41177803,42920.0
46083802,42920.0
45404003,42920.0
49572201,42920.0
45703203,42920.0
48645600,42920.0
42866602,42920.0
42968402,42920.0
48734400,42920.0
47279602,42920.0
45585603,42920.0
44665001,42920.0
46262802,42920.0
46574401,42920.0
48900801,42920.0
47072400,42920.0
41145003,42920.0
45486001,42920.0
45427402,42920.0
42317200,42920.0
45294403,42920.0
49324402,42920.0
43509003,42920.0
45988400,42920.0
46888201,42920.0
42311403,42920.0
48167402,42920.0
46678001,42920.0
46414201,42920.0
42248602,42920.0
43523202,42920.0
47160200,42920.0
45732600,42920.0
47102400,42920.0
43377402,42920.0
41163800,42920.0
46040002,42920.0
46022800,42920.0
46607202,42920.0
41000402,42920.0
41253003,42920.0
45796002,42920.0
45144003,42920.0
47704600,42920.0
47753201,42920.0
45664802,42920.0
40929602,42920.0
44968403,42920.0
43822403,42920.0
46825200,42920.0
45883801,42920.0
45137002,42920.0
45167601,42920.0
46581401,42920.0
44931202,42920.0
48246402,42920.0
49285602,42920.0
45497600,42920.0
47760402,42920.0
42606403,42920.0
49527000,42920.0
48161600,42920.0
46903200,42920.0
49915001,42920.0
43992003,42920.0
46250401,42920.0
46418600,42920.0
41710203,42920.0
42495803,42920.0
46955201,42920.0
48209600,42920.0
45196801,42920.0
43508002,42920.0
43489603,42920.0
45733203,42920.0
44572801,42920.0
44925000,42920.0
44506802,42920.0
42947402,42920.0
43970800,42920.0
44176600,42920.0
41178600,42920.0
42627202,42920.0
42629600,42920.0
48501802,42920.0
49517002,42920.0
41589200,42920.0
41725602,42920.0
49675201,42920.0
47546201,42920.0
49823000,42920.0
48242602,42920.0
42241203,42920.0
42259203,42920.0
42445600,42920.0
41267603,42920.0
47808400,42920.0
46390800,42920.0
43826401,42920.0
41837803,42920.0
42959402,42920.0
47284402,42920.0
45448401,42920.0
44605803,42920.0
48264401,42920.0
41130003,42920.0
49036601,42920.0
42499403,42920.0
49741400,42920.0
45539403,42920.0
41424203,42920.0
41046202,42920.0
49188001,42920.0
40890003,42920.0
43129200,42920.0
48212800,42920.0
42644002,42920.0
44136603,42920.0
45628802,42920.0
45919400,42920.0
45300603,42920.0
46883401,42920.0
48569002,42920.0
42019003,42920.0
47617600,42920.0
45497403,42920.0
42698402,42920.0
49192601,42920.0
47320000,42920.0
47534400,42920.0
49945000,42920.0
49997402,42920.0
47616400,42920.0
44827600,42920.0
46955800,42920.0
43684802,42920.0
45120802,42920.0
43338402,42920.0
44974203,42920.0
47147400,42920.0
45644201,42920.0
45864801,42920.0
48713200,42920.0
44391201,42920.0
48501201,42920.0
46869601,42920.0
49709200,42920.0
47687402,42920.0
47090200,42920.0
46103401,42920.0
44782400,42920.0
43758003,42920.0
45005601,42920.0
48629602,42920.0
41904400,42920.0
41209800,42920.0
44292000,42920.0
44936601,42920.0
49657201,42920.0
48127401,42920.0
46344800,42920.0
47757001,42920.0
44046802,42920.0
44134002,42920.0
48867401,42920.0
44100003,42920.0
45627801,42920.0
41580600,42920.0
46415601,42920.0
45308600,42920.0
44188003,42920.0
45173202,42920.0
45138203,42920.0
41549802,42920.0
40912403,42920.0
45220203,42920.0
42392403,42920.0
44730003,42920.0
47550400,42920.0
48794402,42920.0
41738803,42920.0
42416203,42920.0
43123202,42920.0
44532402,42920.0
47891202,42920.0
41353003,42920.0
47081801,42920.0
46793800,42920.0
42794202,42920.0
49430202,42920.0
45806000,42920.0
43474003,42920.0
48226401,42920.0
46697802,42920.0
47896400,42920.0
43648203,42920.0
46820401,42920.0
44588000,42920.0
45542400,42920.0
41302003,42920.0
48323402,42920.0
41221403,42920.0
48795601,42920.0
40816803,42920.0
44353403,42920.0
45492203,42920.0
43145003,42920.0
41285400,42920.0
44522003,42920.0
44636800,42920.0
43719002,42920.0
47288000,42920.0
43879603,42920.0
44743201,42920.0
45438801,42920.0
45360400,42920.0
49265600,42920.0
49484402,42920.0
47297402,42920.0
42513603,42920.0
46776002,42920.0
44142602,42920.0
45136603,42920.0
43355802,42920.0
45052601,42920.0
46098400,42920.0
49290401,42920.0
42104400,42920.0
45067801,42920.0
45695401,42920.0
45815402,42920.0
47391200,42920.0
48750602,42920.0
45406801,42920.0
45140600,42920.0
46732001,42920.0
42286203,42920.0
46713401,42920.0
44132602,42920.0
49411600,42920.0
47822400,42920.0
45203803,42920.0
41958800,42920.0
42942803,42920.0
49453400,42920.0
40949402,42920.0
41343802,42920.0
44935801,42920.0
41436400,42920.0
44545801,42920.0
47184402,42920.0
48363800,42920.0
42736802,42920.0
45455002,42920.0
41260002,42920.0
43306800,42920.0
49524001,42920.0
49257202,42920.0
45850401,42920.0
47278202,42920.0
46545800,42920.0
49629000,42920.0
47588000,42920.0
49859200,42920.0
44058001,42920.0
48181602,42920.0
46620402,42920.0
48764400,42920.0
44786603,42920.0
48293201,42920.0
42609003,42920.0
47758601,42920.0
44581201,42920.0
48861202,42920.0
42629402,42920.0
43781202,42920.0
48263602,42920.0
44236802,42920.0
45311002,42920.0
46323800,42920.0
43843000,42920.0
47123002,42920.0
44839603,42920.0
46551200,42920.0
42659202,42920.0
42903003,42920.0
46286001,42920.0
47406802,42920.0
49747200,42920.0
48512001,42920.0
49915802,42920.0
44305602,42920.0
41192400,42920.0
49971402,42920.0
47676800,42920.0
44261600,42920.0
46523800,42920.0
42539002,42920.0
45673401,42920.0
41587402,42920.0
41135600,42920.0
49868000,42920.0
41634203,42920.0
46978801,42920.0
41659803,42920.0
44954603,42920.0
44439001,42920.0
42804602,42920.0
45692002,42920.0
44091200,42920.0
49860402,42920.0
49359002,42920.0
44632603,42920.0
41738600,42920.0
47476000,42920.0
44176801,42920.0
42801403,42920.0
47077802,42920.0
46097002,42920.0
41651800,42920.0
42165203,42920.0
47272202,42920.0
49814200,42920.0
42521403,42920.0
45303600,42920.0
42265000,42920.0
41938402,42920.0
49604400,42920.0
43055000,42920.0
45209203,42920.0
43341603,42920.0
48083601,42920.0
47216000,42920.0
41192603,42920.0
48447601,42920.0
46755402,42920.0
43656403,42920.0
43609600,42920.0
47011000,42920.0
40966400,42920.0
45806803,42920.0
49394202,42920.0
44796801,42920.0
41722000,42920.0
49311602,42920.0
48840600,42920.0
44083001,42920.0
41299003,42920.0
45519600,42920.0
47868400,42920.0
43960802,42920.0
41426800,42920.0
44648600,42920.0
48433000,42920.0
46100002,42920.0
47094602,42920.0
42811203,42920.0
49834600,42920.0
48392400,42920.0
43720002,42920.0
46525600,42920.0
44558201,42920.0
48369402,42920.0
44450603,42920.0
47441000,42920.0
42151600,42920.0
45652801,42920.0
49834202,42920.0
45543400,42920.0
42621003,42920.0
43296202,42920.0
42313803,42920.0
49888200,42920.0
41082003,42920.0
44379603,42920.0
46671200,42920.0
42666802,42920.0
42185002,42920.0
48317602,42920.0
41288600,42920.0
48605200,42920.0
47986200,42920.0
44869602,42920.0
46924400,42920.0
46461401,42920.0
41007200,42920.0
47041002,42920.0
41257600,42920.0
47690401,42920.0
43915401,42920.0
43058000,42920.0
42151000,42920.0
46215801,42920.0
45145802,42920.0
47817400,42920.0
48035801,42920.0
45351200,42920.0
44244202,42920.0
44296602,42920.0
46474802,42920.0
45086802,42920.0
42443402,42920.0
41371800,42920.0
42999403,42920.0
45403802,42920.0
45805403,42920.0
41585602,42920.0
49161002,42920.0
49780200,42920.0
49707602,42920.0
44141203,42920.0
42437600,42920.0
44621002,42920.0
45091600,42920.0
48147002,42920.0
42484200,42920.0
48081001,42920.0
49552200,42920.0
43887000,42920.0
45885601,42920.0
46352800,42920.0
48846200,42920.0
42476000,42920.0
45538800,42920.0
47471600,42920.0
44948600,42920.0
46787802,42920.0
44071001,42920.0
45837002,42920.0
47187401,42920.0
49802200,42920.0
44084202,42920.0
45631602,42920.0
46323802,42920.0
45582002,42920.0
49771801,42920.0
44842400,42920.0
47196800,42920.0
48404401,42920.0
46258400,42920.0
41781400,42920.0
43798202,42920.0
46289201,42920.0
45811802,42920.0
42029600,42920.0
42161803,42920.0
43686803,42920.0
47435001,42920.0
42821202,42920.0
44460402,42920.0
44378201,42920.0
41088003,42920.0
46041201,42920.0
41939802,42920.0
45515602,42920.0
48263800,42920.0
49884400,42920.0
42690803,42920.0
42437802,42920.0
43186600,42920.0
49528200,42920.0
45637601,42920.0
41769000,42920.0
41043002,42920.0
49619600,42920.0
47736801,42920.0
48920802,42920.0
46738001,42920.0
41973003,42920.0
46663601,42920.0
48690802,42920.0
49120401,42920.0
47028202,42920.0
49897001,42920.0
48527800,42920.0
48058202,42920.0
41107402,42920.0
41478203,42920.0
48448602,42920.0
45528800,42920.0
48765002,42920.0
47360602,42920.0
42985403,42920.0
48613402,42920.0
41403400,42920.0
42380000,42920.0
40962803,42920.0
43676603,42920.0
45718802,42920.0
42941400,42920.0
41956800,42920.0
43834603,42920.0
42806000,42920.0
42500800,42920.0
48240800,42920.0
43132200,42920.0
48911202,42920.0
41394802,42920.0
47927202,42920.0
44614802,42920.0
45363403,42920.0
43284200,42920.0
49863202,42920.0
45478402,42920.0
43462003,42920.0
42714200,42920.0
41723203,42920.0
49447402,42920.0
40970202,42920.0
47445200,42920.0
49946401,42920.0
43524403,42920.0
47511800,42920.0
44564202,42920.0
42545200,42920.0
43090402,42920.0
40957403,42920.0
41046000,42920.0
47478400,42920.0
49897200,42920.0
46425401,42920.0
47759202,42920.0
44208202,42920.0
49207600,42920.0
42943200,42920.0
47425800,42920.0
48028802,42920.0
46154202,42920.0
46294602,42920.0
49041200,42920.0
49039000,42920.0
46415402,42920.0
47245802,42920.0
43217000,42920.0
47508601,42920.0
49674001,42920.0
47332802,42920.0
43885402,42920.0
44309603,42920.0
48337402,42920.0
46687602,42920.0
47076202,42920.0
46997000,42920.0
43275803,42920.0
41349600,42920.0
41222400,42920.0
42442400,42920.0
49844801,42920.0
42300400,42920.0
41856400,42920.0
49540400,42920.0
42224200,42920.0
47603801,42920.0
43105400,42920.0
49739202,42920.0
43086803,42920.0
44114400,42920.0
48034401,42920.0
42032400,42920.0
48493002,42920.0
43072400,42920.0
44942001,42920.0
44282202,42920.0
47009402,42920.0
45510603,42920.0
45811401,42920.0
46072402,42920.0
43883003,42920.0
47169600,42920.0
45779001,42920.0
45692201,42920.0
43936800,42920.0
45670402,42920.0
44566800,42920.0
43697600,42920.0
47004001,42920.0
46221000,42920.0
47482000,42920.0
42433200,42920.0
41080602,42920.0
43986802,42920.0
42234602,42920.0
44839802,42920.0
48326200,42920.0
48391402,42920.0
44757200,42920.0
47845401,42920.0
48062802,42920.0
47086002,42920.0
45502203,42920.0
46389602,42920.0
42378002,42920.0
45131203,42920.0
46006802,42920.0
44883801,42920.0
43968202,42920.0
44782200,42920.0
41637603,42920.0
44882203,42920.0
43261803,42920.0
48691602,42920.0
46940801,42920.0
49288200,42920.0
41057603,42920.0
46588600,42920.0
42417003,42920.0
45328402,42920.0
49124402,42920.0
44152003,42920.0
44871002,42920.0
46598801,42920.0
43636403,42920.0
43542800,42920.0
41656403,42920.0
47095000,42920.0
45997800,42920.0
45226802,42920.0
43872002,42920.0
45050803,42920.0
46410602,42920.0
47920000,42920.0
41123003,42920.0
45829803,42920.0
44698400,42920.0
43228202,42920.0
46856800,42920.0
44983402,42920.0
44769400,42920.0
42119203,42920.0
48104402,42920.0
45674800,42920.0
42699802,42920.0
42599400,42920.0
48310802,42920.0
42812400,42920.0
44243600,42920.0
41651803,42920.0
41764800,42920.0
47646802,42920.0
45598000,42920.0
45669403,42920.0
46071000,42920.0
43304202,42920.0
45800800,42920.0
44912403,42920.0
45955601,42920.0
48142600,42920.0
45142002,42920.0
41177000,42920.0
43462200,42920.0
49956402,42920.0
47468800,42920.0
42057800,42920.0
46722601,42920.0
46228201,42920.0
46308402,42920.0
45663202,42920.0
47209402,42920.0
48127201,42920.0
44274000,42920.0
45581803,42920.0
42159002,42920.0
49694601,42920.0
45226202,42920.0
42249202,42920.0
49796000,42920.0
49902401,42920.0
44705603,42920.0
45043403,42920.0
44392403,42920.0
43874602,42920.0
45744800,42920.0
42958002,42920.0
46268201,42920.0
44740401,42920.0
41557203,42920.0
47534600,42920.0
44314802,42920.0
47088401,42920.0
46641002,42920.0
40953203,42920.0
44286202,42920.0
47892601,42920.0
47574400,42920.0
46620802,42920.0
48202601,42920.0
43754003,42920.0
41895203,42920.0
43147203,42920.0
42735002,42920.0
48142402,42920.0
42811002,42920.0
41642803,42920.0
44418602,42920.0
44915802,42920.0
47088002,42920.0
46370601,42920.0
44715600,42920.0
46313001,42920.0
46118400,42920.0
49058001,42920.0
48008002,42920.0
49677400,42920.0
46323202,42920.0
45614402,42920.0
42669402,42920.0
48780400,42920.0
49069801,42920.0
45538603,42920.0
41765600,42920.0
49448200,42920.0
46203802,42920.0
46248602,42920.0
45170801,42920.0
41110003,42920.0
48817001,42920.0
42430002,42920.0
45586202,42920.0
42235602,42920.0
45429203,42920.0
45745200,42920.0
44731403,42920.0
43272400,42920.0
47350402,42920.0
45564400,42920.0
49550201,42920.0
49240602,42920.0
47875400,42920.0
44313002,42920.0
43028002,42920.0
49952602,42920.0
45782602,42920.0
49017600,42920.0
47900602,42920.0
45712200,42920.0
44214801,42920.0
46116602,42920.0
46651601,42920.0
42858003,42920.0
42338403,42920.0
45606401,42920.0
46585400,42920.0
49569002,42920.0
48177600,42920.0
46505000,42920.0
44597802,42920.0
47561600,42920.0
49942802,42920.0
42261400,42920.0
42684200,42920.0
44967802,42920.0
41604803,42920.0
44702401,42920.0
46404402,42920.0
47145202,42920.0
42966200,42920.0
42364002,42920.0
41571003,42920.0
45100000,42920.0
45500400,42920.0
41711000,42920.0
42384802,42920.0
47203002,42920.0
45829600,42920.0
47791801,42920.0
46624800,42920.0
48183002,42920.0
48831600,42920.0
47360802,42920.0
47856400,42920.0
43925203,42920.0
47227401,42920.0
47931401,42920.0
46158601,42920.0
45468003,42920.0
46121401,42920.0
44352201,42920.0
48212802,42920.0
41759602,42920.0
44158400,42920.0
41563403,42920.0
49208002,42920.0
45470603,42920.0
45697603,42920.0
44908001,42920.0
44813602,42920.0
46787400,42920.0
46240200,42920.0
45146200,42920.0
49715001,42920.0
42746800,42920.0
40948400,42920.0
45281001,42920.0
45049003,42920.0
44858801,42920.0
44487203,42920.0
41157003,42920.0
46591400,42920.0
41836402,42920.0
45223601,42920.0
49539201,42920.0
49954002,42920.0
45292200,42920.0
42930600,42920.0
49171600,42920.0
45970201,42920.0
46897402,42920.0
46350001,42920.0
49835801,42920.0
44517003,42920.0
44597803,42920.0
42884603,42920.0
47740002,42920.0
47797802,42920.0
44381203,42920.0
47110002,42920.0
45059801,42920.0
45997801,42920.0
46039400,42920.0
43887203,42920.0
43127400,42920.0
46639001,42920.0
42979803,42920.0
44326002,42920.0
43454403,42920.0
42445802,42920.0
46178801,42920.0
42896802,42920.0
44543200,42920.0
46472602,42920.0
44176601,42920.0
48368801,42920.0
48321402,42920.0
49660002,42920.0
42065003,42920.0
48558800,42920.0
42293000,42920.0
49640000,42920.0
43246602,42920.0
47521600,42920.0
42858203,42920.0
49439801,42920.0
43155400,42920.0
42717800,42920.0
44941401,42920.0
46151200,42920.0
44074000,42920.0
45231202,42920.0
41636002,42920.0
44474801,42920.0
44243402,42920.0
48450400,42920.0
49013800,42920.0
42551800,42920.0
43829602,42920.0
46752801,42920.0
45887202,42920.0
41437803,42920.0
40967002,42920.0
49767002,42920.0
41839603,42920.0
42371200,42920.0
45328000,42920.0
49099802,42920.0
49739800,42920.0
42041603,42920.0
47377800,42920.0
49789200,42920.0
43001800,42920.0
46740200,42920.0
45372203,42920.0
48133200,42920.0
43753802,42920.0
48357400,42920.0
48835602,42920.0
46754600,42920.0
45587801,42920.0
49957402,42920.0
41341200,42920.0
49678801,42920.0
45050202,42920.0
44673200,42920.0
45602601,42920.0
42657402,42920.0
40839403,42920.0
45089200,42920.0
44009403,42920.0
42954800,42920.0
44037602,42920.0
49592801,42920.0
48277802,42920.0
47038000,42920.0
43775003,42920.0
40806002,42920.0
47721602,42920.0
49564601,42920.0
48059002,42920.0
45871601,42920.0
46069800,42920.0
44226602,42920.0
42707802,42920.0
45414802,42920.0
44458601,42920.0
41345602,42920.0
40992202,42920.0
42214002,42920.0
45487401,42920.0
41134403,42920.0
45215000,42920.0
44906400,42920.0
47257801,42920.0
49189001,42920.0
46535600,42920.0
46795401,42920.0
44626400,42920.0
43524402,42920.0
42605602,42920.0
43833203,42920.0
40821802,42920.0
44854402,42920.0
43936600,42920.0
44430802,42920.0
48303200,42920.0
49425802,42920.0
42331400,42920.0
41051800,42920.0
41562402,42920.0
44597000,42920.0
48403000,42920.0
46816200,42920.0
46020801,42920.0
42355002,42920.0
48574802,42920.0
42594600,42920.0
41441600,42920.0
41108000,42920.0
41158202,42920.0
49857801,42920.0
42984200,42920.0
41963602,42920.0
42872602,42920.0
49773202,42920.0
45878802,42920.0
45390203,42920.0
41307400,42920.0
43945603,42920.0
43894000,42920.0
44428002,42920.0
42318803,42920.0
44572601,42920.0
47498202,42920.0
48228600,42920.0
47004801,42920.0
49550002,42920.0
47102002,42920.0
48333002,42920.0
47292202,42920.0
48603602,42920.0
44334000,42920.0
45589402,42920.0
45575801,42920.0
46786402,42920.0
49522001,42920.0
44028401,42920.0
45770802,42920.0
45356003,42920.0
45170003,42920.0
43569003,42920.0
43865000,42920.0
40951403,42920.0
49959601,42920.0
45331202,42920.0
45206400,42920.0
46758602,42920.0
49206800,42920.0
41370600,42920.0
47612402,42920.0
49555402,42920.0
46266801,42920.0
44084403,42920.0
47429600,42920.0
49363402,42920.0
47530002,42920.0
48417602,42920.0
49049601,42920.0
41857600,42920.0
41966603,42920.0
44058200,42920.0
49761800,42920.0
45123200,42920.0
46112802,42920.0
48247600,42920.0
46774002,42920.0
43426000,42920.0
48092202,42920.0
47020602,42920.0
43186602,42920.0
45696601,42920.0
49123401,42920.0
46764600,42920.0
42750600,42920.0
48568002,42920.0
45487000,42920.0
43141600,42920.0
46477002,42920.0
42074403,42920.0
45969401,42920.0
49278801,42920.0
47238601,42920.0
46171802,42920.0
49678401,42920.0
40966000,42920.0
41067003,42920.0
41295400,42920.0
49081400,42920.0
45505400,42920.0
47435801,42920.0
45449203,42920.0
44869800,42920.0
42764000,42920.0
41898400,42920.0
48019800,42920.0
46173001,42920.0
45526001,42920.0
41284003,42920.0
44322600,42920.0
44431802,42920.0
48564201,42920.0
47018002,42920.0
46740602,42920.0
48034802,42920.0
47796602,42920.0
49159202,42920.0
42187002,42920.0
45391600,42920.0
46782601,42920.0
48254401,42920.0
44532003,42920.0
49084800,42920.0
46285000,42920.0
44139203,42920.0
45534203,42920.0
43679603,42920.0
41319603,42920.0
43241002,42920.0
44853803,42920.0
49161802,42920.0
41336000,42920.0
43786403,42920.0
46850400,42920.0
43850203,42920.0
49952200,42920.0
45813402,42920.0
48163001,42920.0
45486802,42920.0
47444602,42920.0
43802600,42920.0
41412602,42920.0
43819403,42920.0
41597402,42920.0
49324802,42920.0
43723803,42920.0
41937000,42920.0
43735200,42920.0
42146602,42920.0
47408401,42920.0
49404802,42920.0
49440202,42920.0
44237603,42920.0
49834601,42920.0
42890403,42920.0
48475602,42920.0
42265403,42920.0
42894203,42920.0
41372003,42920.0
44613001,42920.0
49429400,42920.0
49633400,42920.0
48962801,42920.0
42584003,42920.0
46337201,42920.0
47949202,42920.0
45674601,42920.0
49793000,42920.0
48963802,42920.0
41681603,42920.0
41267800,42920.0
42632003,42920.0
41475000,42920.0
43248800,42920.0
44110201,42920.0
49536001,42920.0
44962402,42920.0
41940203,42920.0
42723200,42920.0
49639600,42920.0
41433802,42920.0
48403201,42920.0
47416200,42920.0
47079602,42920.0
46700200,42920.0
45269201,42920.0
44176400,42920.0
46924600,42920.0
41599800,42920.0
45991601,42920.0
41476002,42920.0
42588403,42920.0
42911400,42920.0
47411600,42920.0
48314602,42920.0
43244802,42920.0
44495601,42920.0
48502600,42920.0
45722200,42920.0
49470400,42920.0
46253802,42920.0
44784002,42920.0
49067602,42920.0
43190603,42920.0
41286400,42920.0
47625402,42920.0
47449002,42920.0
44341402,42920.0
48917600,42920.0
41917403,42920.0
47652401,42920.0
47449801,42920.0
48017202,42920.0
46588800,42920.0
44234203,42920.0
45411203,42920.0
45493800,42920.0
45248600,42920.0
44841203,42920.0
46578202,42920.0
43563200,42920.0
46989202,42920.0
45357002,42920.0
46783200,42920.0
45839802,42920.0
48615001,42920.0
41060803,42920.0
44311600,42920.0
46043600,42920.0
43851403,42920.0
41244603,42920.0
48033001,42920.0
41388402,42920.0
48660602,42920.0
45112603,42920.0
41144602,42920.0
45100401,42920.0
47838200,42920.0
47476001,42920.0
49624601,42920.0
44630401,42920.0
45963002,42920.0
45411002,42920.0
45573603,42920.0
47117201,42920.0
44179003,42920.0
43445803,42920.0
49699401,42920.0
49841402,42920.0
45318402,42920.0
48500802,42920.0
47146000,42920.0
46852602,42920.0
44657402,42920.0
40988000,42920.0
45557400,42920.0
47250600,42920.0
45776803,42920.0
43911003,42920.0
45650400,42920.0
44363202,42920.0
49066000,42920.0
47335401,42920.0
44982402,42920.0
41599402,42920.0
41109202,42920.0
41984802,42920.0
47658600,42920.0
45970401,42920.0
42645402,42920.0
49778000,42920.0
49078402,42920.0
47939402,42920.0
47314402,42920.0
49219400,42920.0
41944002,42920.0
42025803,42920.0
45380801,42920.0
48727602,42920.0
41165203,42920.0
45877602,42920.0
44886400,42920.0
44075600,42920.0
41897803,42920.0
45467000,42920.0
45992201,42920.0
43027402,42920.0
44508401,42920.0
49030000,42920.0
49290200,42920.0
46998201,42920.0
48176802,42920.0
43486203,42920.0
43265803,42920.0
43117000,42920.0
44221201,42920.0
41376802,42920.0
44247602,42920.0
46652402,42920.0
41171800,42920.0
46548600,42920.0
42970203,42920.0
45838601,42920.0
48747802,42920.0
49231800,42920.0
45823202,42920.0
41229202,42920.0
45267402,42920.0
42795403,42920.0
42543002,42920.0
44109202,42920.0
46290602,42920.0
48545200,42920.0
45735200,42920.0
41644003,42920.0
45846603,42920.0
47809002,42920.0
43957202,42920.0
41570200,42920.0
45854602,42920.0
43741400,42920.0
41788602,42920.0
43983001,42920.0
44822403,42920.0
41530602,42920.0
42379200,42920.0
43121002,42920.0
44983001,42920.0
42582603,42920.0
48283801,42920.0
44146203,42920.0
49695600,42920.0
49151600,42920.0
46360800,42920.0
42638400,42920.0
44077002,42920.0
49650000,42920.0
43612200,42920.0
48624202,42920.0
41626200,42920.0
44098000,42920.0
49190401,42920.0
45073802,42920.0
47277200,42920.0
41082603,42920.0
42762200,42920.0
42248003,42920.0
44101801,42920.0
46757402,42920.0
46448400,42920.0
42001002,42920.0
43841203,42920.0
49749800,42920.0
43211000,42920.0
44525001,42920.0
43611402,42920.0
48751202,42920.0
44355802,42920.0
44287602,42920.0
46898202,42920.0
45369400,42920.0
41321803,42920.0
45785601,42920.0
42898800,42920.0
49574001,42920.0
41146200,42920.0
46484002,42920.0
44587000,42920.0
48395600,42920.0
42893402,42920.0
46109000,42920.0
42323800,42920.0
43165003,42920.0
47036802,42920.0
46043602,42920.0
42500203,42920.0
43166203,42920.0
46979402,42920.0
44998400,42920.0
44243401,42920.0
45255602,42920.0
45219603,42920.0
48018802,42920.0
48369600,42920.0
43752600,42920.0
44411402,42920.0
42015402,42920.0
48612402,42920.0
48331001,42920.0
41353002,42920.0
43423202,42920.0
40831200,42920.0
48348001,42920.0
41466600,42920.0
47462001,42920.0
47756402,42920.0
49273400,42920.0
47728402,42920.0
47673801,42920.0
47966200,42920.0
40899803,42920.0
45219402,42920.0
47083200,42920.0
42420002,42920.0
44811003,42920.0
44576202,42920.0
44721402,42920.0
49976802,42920.0
48795401,42920.0
48446201,42920.0
43576403,42920.0
42434602,42920.0
48972000,42920.0
47933001,42920.0
43218802,42920.0
49244202,42920.0
43290802,42920.0
42883003,42920.0
42965400,42920.0
41978403,42920.0
46984601,42920.0
43885003,42920.0
45455200,42920.0
44145400,42920.0
45109203,42920.0
49800800,42920.0
47839202,42920.0
41321800,42920.0
46510600,42920.0
45771001,42920.0
44412601,42920.0
44814403,42920.0
41949202,42920.0
49534402,42920.0
48312402,42920.0
44273000,42920.0
45233201,42920.0
43343403,42920.0
48304200,42920.0
48704200,42920.0
49317602,42920.0
48410400,42920.0
49314800,42920.0
46686801,42920.0
42071400,42920.0
42087002,42920.0
46823602,42920.0
41891000,42920.0
45144401,42920.0
47598401,42920.0
42260000,42920.0
43370200,42920.0
42167802,42920.0
40902403,42920.0
46645202,42920.0
49241201,42920.0
46692001,42920.0
44920203,42920.0
49256000,42920.0
45710002,42920.0
48012202,42920.0
49542001,42920.0
49278800,42920.0
45792803,42920.0
45772600,42920.0
44741600,42920.0
47553601,42920.0
42183803,42920.0
46905602,42920.0
41613000,42920.0
41367603,42920.0
45581201,42920.0
40889400,42920.0
49159402,42920.0
41681400,42920.0
43297400,42920.0
43615002,42920.0
41851402,42920.0
45501200,42920.0
42039003,42920.0
44071000,42920.0
45923200,42920.0
44885401,42920.0
48797400,42920.0
41134803,42920.0
42514003,42920.0
44820201,42920.0
41793202,42920.0
45270600,42920.0
46756201,42920.0
44539002,42920.0
43869203,42920.0
45207200,42920.0
42747002,42920.0
42178603,42920.0
42860000,42920.0
41011800,42920.0
43340203,42920.0
42589400,42920.0
41957802,42920.0
44183803,42920.0
43747400,42920.0
48685202,42920.0
45223001,42920.0
43928000,42920.0
46148600,42920.0
45115603,42920.0
45336603,42920.0
46061202,42920.0
41866400,42920.0
48205602,42920.0
44040000,42920.0
48599600,42920.0
40854800,42920.0
44784602,42920.0
42110200,42920.0
49938002,42920.0
42403602,42920.0
40812602,42920.0
47841402,42920.0
43895001,42920.0
49315400,42920.0
42281202,42920.0
45999201,42920.0
47967400,42920.0
44390200,42920.0
47239402,42920.0
45675000,42920.0
42930002,42920.0
41025000,42920.0
45780603,42920.0
44789801,42920.0
49932201,42920.0
41249202,42920.0
45709801,42920.0
42264802,42920.0
44266200,42920.0
44508801,42920.0
44901602,42920.0
41249802,42920.0
43541200,42920.0
43449000,42920.0
41332002,42920.0
46589802,42920.0
44285801,42920.0
47028001,42920.0
47021402,42920.0
41672803,42920.0
45130200,42920.0
48315000,42920.0
47016200,42920.0
43339003,42920.0
48511002,42920.0
49460801,42920.0
48207201,42920.0
48791601,42920.0
49856201,42920.0
41669403,42920.0
45085601,42920.0
46770802,42920.0
43468600,42920.0
45688800,42920.0
44416401,42920.0
40829000,42920.0
43317803,42920.0
49291202,42920.0
48130401,42920.0
42610600,42920.0
46938800,42920.0
48446401,42920.0
43225200,42920.0
42116800,42920.0
45872202,42920.0
46444800,42920.0
48872201,42920.0
45644403,42920.0
49512401,42920.0
48073800,42920.0
47641201,42920.0
46330200,42920.0
45622001,42920.0
49334601,42920.0
42093000,42920.0
42932800,42920.0
44411603,42920.0
44532403,42920.0
41194200,42920.0
45800001,42920.0
41005600,42920.0
49796201,42920.0
45424201,42920.0
44287001,42920.0
44008403,42920.0
43198603,42920.0
45766202,42920.0
45839602,42920.0
49180402,42920.0
44875203,42920.0
41479003,42920.0
47423601,42920.0
44702003,42920.0
44110801,42920.0
49072801,42920.0
48449001,42920.0
48427802,42920.0
43183600,42920.0
41459003,42920.0
48086400,42920.0
41151602,42920.0
43125600,42920.0
42671600,42920.0
45224201,42920.0
47583601,42920.0
44272001,42920.0
49918601,42920.0
46388401,42920.0
48264800,42920.0
41315600,42920.0
40891002,42920.0
41210202,42920.0
49056002,42920.0
41067802,42920.0
43655400,42920.0
45290400,42920.0
41955000,42920.0
48695200,42920.0
48940601,42920.0
46014202,42920.0
43518600,42920.0
48367402,42920.0
45584400,42920.0
48469001,42920.0
49072401,42920.0
46025202,42920.0
41718800,42920.0
42687602,42920.0
41573600,42920.0
44219401,42920.0
45570201,42920.0
41090200,42920.0
42092800,42920.0
47024801,42920.0
41625203,42920.0
49913000,42920.0
41301002,42920.0
45377202,42920.0
49763001,42920.0
46450601,42920.0
45340403,42920.0
47774400,42920.0
49093801,42920.0
42808203,42920.0
43837202,42920.0
44477403,42920.0
47520802,42920.0
41111403,42920.0
41441400,42920.0
43764603,42920.0
46946402,42920.0
44343400,42920.0
42965802,42920.0
42233800,42920.0
42459802,42920.0
49928201,42920.0
45132203,42920.0
44461601,42920.0
45782200,42920.0
46385201,42920.0
43854602,42920.0
46675002,42920.0
44994203,42920.0
48524401,42920.0
41527203,42920.0
46981802,42920.0
43620402,42920.0
44846400,42920.0
43997003,42920.0
49867400,42920.0
44538601,42920.0
41287203,42920.0
48064001,42920.0
46304401,42920.0
40843002,42920.0
46503800,42920.0
45247401,42920.0
48011801,42920.0
48136801,42920.0
45435801,42920.0
46080200,42920.0
45181602,42920.0
49932002,42920.0
43903800,42920.0
42465003,42920.0
41501003,42920.0
48827001,42920.0
41340402,42920.0
44880803,42920.0
42373602,42920.0
42299603,42920.0
41196400,42920.0
48953202,42920.0
41056000,42920.0
48464801,42920.0
42805003,42920.0
41177002,42920.0
46921001,42920.0
43015203,42920.0
49194802,42920.0
42695403,42920.0
42472402,42920.0
43546002,42920.0
45415201,42920.0
49464000,42920.0
47105002,42920.0
47579201,42920.0
44738800,42920.0
41964803,42920.0
43932402,42920.0
42349203,42920.0
45792402,42920.0
41138202,42920.0
42215000,42920.0
48977002,42920.0
46278002,42920.0
49272602,42920.0
44374801,42920.0
46374802,42920.0
41496003,42920.0
45880200,42920.0
49774602,42920.0
47978600,42920.0
48106202,42920.0
49938600,42920.0
49860000,42920.0
48092600,42920.0
45311603,42920.0
47050000,42920.0
44551402,42920.0
46939000,42920.0
45445802,42920.0
42198802,42920.0
46580400,42920.0
47899801,42920.0
42693000,42920.0
49815001,42920.0
44739600,42920.0
41722202,42920.0
47546600,42920.0
47252400,42920.0
42763802,42920.0
43176003,42920.0
45380202,42920.0
42448800,42920.0
48983801,42920.0
41462400,42920.0
41520800,42920.0
48877202,42920.0
41975203,42920.0
48260600,42920.0
45630402,42920.0
48217201,42920.0
43598403,42920.0
42785400,42920.0
49292200,42920.0
44126800,42920.0
45374600,42920.0
44624400,42920.0
49352600,42920.0
42106802,42920.0
45804601,42920.0
46711001,42920.0
47427800,42920.0
46680401,42920.0
48081002,42920.0
49775401,42920.0
43744200,42920.0
49070601,42920.0
40953002,42920.0
46740202,42920.0
46936401,42920.0
49602000,42920.0
46274402,42920.0
42767602,42920.0
46801600,42920.0
42270203,42920.0
44410000,42920.0
49431400,42920.0
47311400,42920.0
44609203,42920.0
41497003,42920.0
48127002,42920.0
42801002,42920.0
49135200,42920.0
48685201,42920.0
46240801,42920.0
43929202,42920.0
48696401,42920.0
43536600,42920.0
48714401,42920.0
44064002,42920.0
41296803,42920.0
48137400,42920.0
44265202,42920.0
49917400,42920.0
48787600,42920.0
49124200,42920.0
44636801,42920.0
47372802,42920.0
44692603,42920.0
47172602,42920.0
41967403,42920.0
49244402,42920.0
46319402,42920.0
48968201,42920.0
48186400,42920.0
45708000,42920.0
49034802,42920.0
42201403,42920.0
43082400,42920.0
45859400,42920.0
47089802,42920.0
40863002,42920.0
47886200,42920.0
42123802,42920.0
42235603,42920.0
47089400,42920.0
41073403,42920.0
47246202,42920.0
48091200,42920.0
45145803,42920.0
49531600,42920.0
47579002,42920.0
42384403,42920.0
44686203,42920.0
41391202,42920.0
47147802,42920.0
44817000,42920.0
46420600,42920.0
41565200,42920.0
40994002,42920.0
45718000,42920.0
47620401,42920.0
47529600,42920.0
47150202,42920.0
41379202,42920.0
42624802,42920.0
48201602,42920.0
47619801,42920.0
41722203,42920.0
43750200,42920.0
44666200,42920.0
47615000,42920.0
41018202,42920.0
45104003,42920.0
49257002,42920.0
44122400,42920.0
42551602,42920.0
44433002,42920.0
43010002,42920.0
45134403,42920.0
47713401,42920.0
41494602,42920.0
43631600,42920.0
47484000,42920.0
43816800,42920.0
41791800,42920.0
46792202,42920.0
43879000,42920.0
46396800,42920.0
45581603,42920.0
48576001,42920.0
49319800,42920.0
44502601,42920.0
43622803,42920.0
46593800,42920.0
49738000,42920.0
44212800,42920.0
46314202,42920.0
44723603,42920.0
44033401,42920.0
44130000,42920.0
45252401,42920.0
42158200,42920.0
45096003,42920.0
49729802,42920.0
42219602,42920.0
42594803,42920.0
44715402,42920.0
47378801,42920.0
42940802,42920.0
45804203,42920.0
48251402,42920.0
42723600,42920.0
45890600,42920.0
46272000,42920.0
48219601,42920.0
42314603,42920.0
45837203,42920.0
49391800,42920.0
47654001,42920.0
40889603,42920.0
46044200,42920.0
42869802,42920.0
45112800,42920.0
48185800,42920.0
45591801,42920.0
42208200,42920.0
42542802,42920.0
41965403,42920.0
49403400,42920.0
44407802,42920.0
47821202,42920.0
44092403,42920.0
44018203,42920.0
43300000,42920.0
43320203,42920.0
49480800,42920.0
48562802,42920.0
48102800,42920.0
47791800,42920.0
41919202,42920.0
48020400,42920.0
46960000,42920.0
46395200,42920.0
45682801,42920.0
45597003,42920.0
47910000,42920.0
46826001,42920.0
45738600,42920.0
47537002,42920.0
41865202,42920.0
46162401,42920.0
49219600,42920.0
45491201,42920.0
41912400,42920.0
46497002,42920.0
44836202,42920.0
43673800,42920.0
42899400,42920.0
41075200,42920.0
44857601,42920.0
49535602,42920.0
45441601,42920.0
43277402,42920.0
49052202,42920.0
45760600,42920.0
44328403,42920.0
46849202,42920.0
41491603,42920.0
47784402,42920.0
44711601,42920.0
41351400,42920.0
49950602,42920.0
42670202,42920.0
41746200,42920.0
45832003,42920.0
43662402,42920.0
48706601,42920.0
43795603,42920.0
42709203,42920.0
46082401,42920.0
47781602,42920.0
48463001,42920.0
49460601,42920.0
49268202,42920.0
45433803,42920.0
41678803,42920.0
47385201,42920.0
46353400,42920.0
49485402,42920.0
46042800,42920.0
49950200,42920.0
42664400,42920.0
45692001,42920.0
46078600,42920.0
46240400,42920.0
45330400,42920.0
49786400,42920.0
43832203,42920.0
48324800,42920.0
41955203,42920.0
44112403,42920.0
44208801,42920.0
46796802,42920.0
45154203,42920.0
45166201,42920.0
45120003,42920.0
41479402,42920.0
42001800,42920.0
44235400,42920.0
41987202,42920.0
43179202,42920.0
47564000,42920.0
44369600,42920.0
41769003,42920.0
49081401,42920.0
46982000,42920.0
44953003,42920.0
44844403,42920.0
47951401,42920.0
44833200,42920.0
41227602,42920.0
49185202,42920.0
45569803,42920.0
41598803,42920.0
44450803,42920.0
45227403,42920.0
41295200,42920.0
42071600,42920.0
47644202,42920.0
43722202,42920.0
42151200,42920.0
47632401,42920.0
46120000,42920.0
43386400,42920.0
46757001,42920.0
41702000,42920.0
44794602,42920.0
44287401,42920.0
46139402,42920.0
49468202,42920.0
44893800,42920.0
46911202,42920.0
44074800,42920.0
42392800,42920.0
42201802,42920.0
44135803,42920.0
43722203,42920.0
43413003,42920.0
48285000,42920.0
44118403,42920.0
41325400,42920.0
45431000,42920.0
45109401,42920.0
45497203,42920.0
48470202,42920.0
44342202,42920.0
46757201,42920.0
44068203,42920.0
48547402,42920.0
46384601,42920.0
41088200,42920.0
43528400,42920.0
45500603,42920.0
47160202,42920.0
48836801,42920.0
41100202,42920.0
48151200,42920.0
43683800,42920.0
43714200,42920.0
47681400,42920.0
45292400,42920.0
47270602,42920.0
44994401,42920.0
49684202,42920.0
46011201,42920.0
45340401,42920.0
41876203,42920.0
40966003,42920.0
45430200,42920.0
45402002,42920.0
45250800,42920.0
47648400,42920.0
49562002,42920.0
47095001,42920.0
46998000,42920.0
49402200,42920.0
44879400,42920.0
46159601,42920.0
49091400,42920.0
46558401,42920.0
43304803,42920.0
46634202,42920.0
46635401,42920.0
44344201,42920.0
48600001,42920.0
41927603,42920.0
41829600,42920.0
45920400,42920.0
42053000,42920.0
49016202,42920.0
47493800,42920.0
47528600,42920.0
45658000,42920.0
42619000,42920.0
47080402,42920.0
45837202,42920.0
45560203,42920.0
46892201,42920.0
41895600,42920.0
43890600,42920.0
45347602,42920.0
44540803,42920.0
45951200,42920.0
42942603,42920.0
49033801,42920.0
41963603,42920.0
49877601,42920.0
43583600,42920.0
42427602,42920.0
42085603,42920.0
42450800,42920.0
43107403,42920.0
45727802,42920.0
44124001,42920.0
45365002,42920.0
49268001,42920.0
49832602,42920.0
45112403,42920.0
48540400,42920.0
49420602,42920.0
40841000,42920.0
46785002,42920.0
41420800,42920.0
43865402,42920.0
43016200,42920.0
44550401,42920.0
44599203,42920.0
48304802,42920.0
45805802,42920.0
45995401,42920.0
41083200,42920.0
45337202,42920.0
44127400,42920.0
45748202,42920.0
43070402,42920.0
49199600,42920.0
46345800,42920.0
48743001,42920.0
47955402,42920.0
44264202,42920.0
49582601,42920.0
43259203,42920.0
47470000,42920.0
42353003,42920.0
47475201,42920.0
49725802,42920.0
42619400,42920.0
46386600,42920.0
42900802,42920.0
41041002,42920.0
49983000,42920.0
43455602,42920.0
49623001,42920.0
41660202,42920.0
42003603,42920.0
42773802,42920.0
44172401,42920.0
48305602,42920.0
44913801,42920.0
48250201,42920.0
43881800,42920.0
46143001,42920.0
49065202,42920.0
45600401,42920.0
45189001,42920.0
49752600,42920.0
48875202,42920.0
42691800,42920.0
42038200,42920.0
48728602,42920.0
45533600,42920.0
47290000,42920.0
45575403,42920.0
47508600,42920.0
48497000,42920.0
44460400,42920.0
49936202,42920.0
42179203,42920.0
41232802,42920.0
44940803,42920.0
49689400,42920.0
49882801,42920.0
44262803,42920.0
47143002,42920.0
47214802,42920.0
42824602,42920.0
41131603,42920.0
44254002,42920.0
40800803,42920.0
45419203,42920.0
44775402,42920.0
48499401,42920.0
49590201,42920.0
45478202,42920.0
42956802,42920.0
42927200,42920.0
43334202,42920.0
43517602,42920.0
47441401,42920.0
43339403,42920.0
46917802,42920.0
44126003,42920.0
43427202,42920.0
44814200,42920.0
44686801,42920.0
48515802,42920.0
40843200,42920.0
40887003,42920.0
42665003,42920.0
44290002,42920.0
46730802,42920.0
45717403,42920.0
49204800,42920.0
47981800,42920.0
46224400,42920.0
42820000,42920.0
45771600,42920.0
46444401,42920.0
44739400,42920.0
48752400,42920.0
44929802,42920.0
41228002,42920.0
46579801,42920.0
41867602,42920.0
41531603,42920.0
46516801,42920.0
46985800,42920.0
44072400,42920.0
43870200,42920.0
41277002,42920.0
48336002,42920.0
48854400,42920.0
42402000,42920.0
44005003,42920.0
42542803,42920.0
41074802,42920.0
48483201,42920.0
46952801,42920.0
44509002,42920.0
47802202,42920.0
46821602,42920.0
49048402,42920.0
47781601,42920.0
41342203,42920.0
46168000,42920.0
46018402,42920.0
43178802,42920.0
41493003,42920.0
40998802,42920.0
46174802,42920.0
49094800,42920.0
43383400,42920.0
44831403,42920.0
42210002,42920.0
48516602,42920.0
45522801,42920.0
44722201,42920.0
49006200,42920.0
43771403,42920.0
48951201,42920.0
47746401,42920.0
44482003,42920.0
45616603,42920.0
47032401,42920.0
45661603,42920.0
48576601,42920.0
45025001,42920.0
45740601,42920.0
46247402,42920.0
46096602,42920.0
43523200,42920.0
45050402,42920.0
43180200,42920.0
42544603,42920.0
41805400,42920.0
45817201,42920.0
45459803,42920.0
44847001,42920.0
42732400,42920.0
46410802,42920.0
43865403,42920.0
49890601,42920.0
44225802,42920.0
48343801,42920.0
46013402,42920.0
44067202,42920.0
43269603,42920.0
44665201,42920.0
46982202,42920.0
49530800,42920.0
49639802,42920.0
42176200,42920.0
47043001,42920.0
42342600,42920.0
42306603,42920.0
45391403,42920.0
45148602,42920.0
46371801,42920.0
41993403,42920.0
43502200,42920.0
48844801,42920.0
46634802,42920.0
49063801,42920.0
47338801,42920.0
49145200,42920.0
43789002,42920.0
48576401,42920.0
43935600,42920.0
49254401,42920.0
41202800,42920.0
44275803,42920.0
44661401,42920.0
42680603,42920.0
44521401,42920.0
44075402,42920.0
42918800,42920.0
44731203,42920.0
48893200,42920.0
41386003,42920.0
43884401,42920.0
47687802,42920.0
46857400,42920.0
46671401,42920.0
47205800,42920.0
42304403,42920.0
48181800,42920.0
42301803,42920.0
44095401,42920.0
44551002,42920.0
41254002,42920.0
45157200,42920.0
49028400,42920.0
43779403,42920.0
49620802,42920.0
44322801,42920.0
49750800,42920.0
46962000,42920.0
42911802,42920.0
45584001,42920.0
41329400,42920.0
41591800,42920.0
44839002,42920.0
41017202,42920.0
45698401,42920.0
46605602,42920.0
47147600,42920.0
40875000,42920.0
41903800,42920.0
45566602,42920.0
48100002,42920.0
45035402,42920.0
42473603,42920.0
48448601,42920.0
46788802,42920.0
44897203,42920.0
42032803,42920.0
45236602,42920.0
44215201,42920.0
46371601,42920.0
49147401,42920.0
41344602,42920.0
46485600,42920.0
44659001,42920.0
45957601,42920.0
43573400,42920.0
42014803,42920.0
43857600,42920.0
41579203,42920.0
42898403,42920.0
43651402,42920.0
45887401,42920.0
43983201,42920.0
48656401,42920.0
49918802,42920.0
42333602,42920.0
40805602,42920.0
42423003,42920.0
41325202,42920.0
43344400,42920.0
48174400,42920.0
47743800,42920.0
47100402,42920.0
45486002,42920.0
41499602,42920.0
45859802,42920.0
42875002,42920.0
41680603,42920.0
45773002,42920.0
42608400,42920.0
47454401,42920.0
45580600,42920.0
44711202,42920.0
48507601,42920.0
45138602,42920.0
47042001,42920.0
43832202,42920.0
42869402,42920.0
48990602,42920.0
49109201,42920.0
41208202,42920.0
45148401,42920.0
41059800,42920.0
44202003,42920.0
49507000,42920.0
43853403,42920.0
41427600,42920.0
45674602,42920.0
41815400,42920.0
41619002,42920.0
43372203,42920.0
46505202,42920.0
46795602,42920.0
49868602,42920.0
46565002,42920.0
46648602,42920.0
46423201,42920.0
45984202,42920.0
43998200,42920.0
43810003,42920.0
48171401,42920.0
44313001,42920.0
44142601,42920.0
49793200,42920.0
44745003,42920.0
42599803,42920.0
48194602,42920.0
41239402,42920.0
40813402,42920.0
45301803,42920.0
42731800,42920.0
49095201,42920.0
46974402,42920.0
47600000,42920.0
44292201,42920.0
48968200,42920.0
41462203,42920.0
44550200,42920.0
45761600,42920.0
44167803,42920.0
42259002,42920.0
49962401,42920.0
44253602,42920.0
46588602,42920.0
44740603,42920.0
46169600,42920.0
44288803,42920.0
48194000,42920.0
41488603,42920.0
47923402,42920.0
44987602,42920.0
48006400,42920.0
49705602,42920.0
45087802,42920.0
47983001,42920.0
44520000,42920.0
46731001,42920.0
45403601,42920.0
47064202,42920.0
42474802,42920.0
48867602,42920.0
41209600,42920.0
41880403,42920.0
43996002,42920.0
42328803,42920.0
47862000,42920.0
48062402,42920.0
49969801,42920.0
41070602,42920.0
41925003,42920.0
49756402,42920.0
46780601,42920.0
45563000,42920.0
48998200,42920.0
44878800,42920.0
46941602,42920.0
48126202,42920.0
47659402,42920.0
44712403,42920.0
47812801,42920.0
45254800,42920.0
48260601,42920.0
44445803,42920.0
45165802,42920.0
44471803,42920.0
41856602,42920.0
49112801,42920.0
41638602,42920.0
45801801,42920.0
44557400,42920.0
43684603,42920.0
46525000,42920.0
44524202,42920.0
46141400,42920.0
49533000,42920.0
42636603,42920.0
43012402,42920.0
47493801,42920.0
49382801,42920.0
43824203,42920.0
42373203,42920.0
48883200,42920.0
44471600,42920.0
41590600,42920.0
47056002,42920.0
42436002,42920.0
48786200,42920.0
49219800,42920.0
44066203,42920.0
43338202,42920.0
49727802,42920.0
45544803,42920.0
44895401,42920.0
47172201,42920.0
44780001,42920.0
42576203,42920.0
48261600,42920.0
46358200,42920.0
46884002,42920.0
43104603,42920.0
48755402,42920.0
44895601,42920.0
49729400,42920.0
41626600,42920.0
45416003,42920.0
49169602,42920.0
49814201,42920.0
45860003,42920.0
44719000,42920.0
47455400,42920.0
44171001,42920.0
44595600,42920.0
49536401,42920.0
47378000,42920.0
49970001,42920.0
49896600,42920.0
44131400,42920.0
44303403,42920.0
45184800,42920.0
43239402,42920.0
49628602,42920.0
48479401,42920.0
44146200,42920.0
48505201,42920.0
44935600,42920.0
45160002,42920.0
48995602,42920.0
42471002,42920.0
49693600,42920.0
41529600,42920.0
46047800,42920.0
45051200,42920.0
42690400,42920.0
42978403,42920.0
45407000,42920.0
47937202,42920.0
44176803,42920.0
43742200,42920.0
45634601,42920.0
44824201,42920.0
45548400,42920.0
46508001,42920.0
45957402,42920.0
41452603,42920.0
47357400,42920.0
45554203,42920.0
41564603,42920.0
49731601,42920.0
44881603,42920.0
44504600,42920.0
41057400,42920.0
46471802,42920.0
46553600,42920.0
44671600,42920.0
42672402,42920.0
46108202,42920.0
43843003,42920.0
49366802,42920.0
45303800,42920.0
46044600,42920.0
47418401,42920.0
40981202,42920.0
46294200,42920.0
45855402,42920.0
46590802,42920.0
46317001,42920.0
43227403,42920.0
45756400,42920.0
47143800,42920.0
45469000,42920.0
41276202,42920.0
41574402,42920.0
48268000,42920.0
44479403,42920.0
45132601,42920.0
48131400,42920.0
46937202,42920.0
43636800,42920.0
42115803,42920.0
48301400,42920.0
42411003,42920.0
47332402,42920.0
42689003,42920.0
48076201,42920.0
45613602,42920.0
43241000,42920.0
49863401,42920.0
43865600,42920.0
43784402,42920.0
46099000,42920.0
49117402,42920.0
46188801,42920.0
48847001,42920.0
43418000,42920.0
48419802,42920.0
41470000,42920.0
43218602,42920.0
49987801,42920.0
46007401,42920.0
46261001,42920.0
46467002,42920.0
42348000,42920.0
41873600,42920.0
48322602,42920.0
44121603,42920.0
45519801,42920.0
42269803,42920.0
49404002,42920.0
49804002,42920.0
43005203,42920.0
43172600,42920.0
45579801,42920.0
48090402,42920.0
43538003,42920.0
42904402,42920.0
48145601,42920.0
41616602,42920.0
47845201,42920.0
49196602,42920.0
46145601,42920.0
42345003,42920.0
45154401,42920.0
45351602,42920.0
45565600,42920.0
44717602,42920.0
47794802,42920.0
46599800,42920.0
46188401,42920.0
46867601,42920.0
41403203,42920.0
44688601,42920.0
46954602,42920.0
45479802,42920.0
43377000,42920.0
42193803,42920.0
44919000,42920.0
43330000,42920.0
49618200,42920.0
41053803,42920.0
49629400,42920.0
44264800,42920.0
41349802,42920.0
45154403,42920.0
43836802,42920.0
43083002,42920.0
42621403,42920.0
42737600,42920.0
48708002,42920.0
46447802,42920.0
45756800,42920.0
45298400,42920.0
49259801,42920.0
49456202,42920.0
46571601,42920.0
47157802,42920.0
44746601,42920.0
44681601,42920.0
41841403,42920.0
46042601,42920.0
42186803,42920.0
41000000,42920.0
43078802,42920.0
41836803,42920.0
49053002,42920.0
49337800,42920.0
46053201,42920.0
42911602,42920.0
41304400,42920.0
45444802,42920.0
44773603,42920.0
49639002,42920.0
48578802,42920.0
45595602,42920.0
47903202,42920.0
46300001,42920.0
43870603,42920.0
44647600,42920.0
44665003,42920.0
43336603,42920.0
47838401,42920.0
41572803,42920.0
45774401,42920.0
41194203,42920.0
43380003,42920.0
46538000,42920.0
48825002,42920.0
41808800,42920.0
42305800,42920.0
44868201,42920.0
42010602,42920.0
46673401,42920.0
46384002,42920.0
44860600,42920.0
46234602,42920.0
41224003,42920.0
43360003,42920.0
47046002,42920.0
42003002,42920.0
47236001,42920.0
48648602,42920.0
46934602,42920.0
47839600,42920.0
41448800,42920.0
45723001,42920.0
45616803,42920.0
45174602,42920.0
41392802,42920.0
47779202,42920.0
42968000,42920.0
46661800,42920.0
46211600,42920.0
43640802,42920.0
49309202,42920.0
48611001,42920.0
47823400,42920.0
45249800,42920.0
44883602,42920.0
41368003,42920.0
42797400,42920.0
47545800,42920.0
49546600,42920.0
41928403,42920.0
43443802,42920.0
46624801,42920.0
48200601,42920.0
49274602,42920.0
46391400,42920.0
49276802,42920.0
44843600,42920.0
45477800,42920.0
44527401,42920.0
47636602,42920.0
46190201,42920.0
48484400,42920.0
45860400,42920.0
42350203,42920.0
48844600,42920.0
46830201,42920.0
45796003,42920.0
44554003,42920.0
49858001,42920.0
41236803,42920.0
46468200,42920.0
49502002,42920.0
44767603,42920.0
48826601,42920.0
43432602,42920.0
46961801,42920.0
43026603,42920.0
43952003,42920.0
48197401,42920.0
40840802,42920.0
41762800,42920.0
42061000,42920.0
42402603,42920.0
49285800,42920.0
42341600,42920.0
48083802,42920.0
49911202,42920.0
41478200,42920.0
45482001,42920.0
48133401,42920.0
49906801,42920.0
42846200,42920.0
46323200,42920.0
43378200,42920.0
46877400,42920.0
44165802,42920.0
43580002,42920.0
46801001,42920.0
45569401,42920.0
44743801,42920.0
46643801,42920.0
45586200,42920.0
49547802,42920.0
47583402,42920.0
41795002,42920.0
42597402,42920.0
42193400,42920.0
45150801,42920.0
46728601,42920.0
40998002,42920.0
43416202,42920.0
41259602,42920.0
47173801,42920.0
45347200,42920.0
46665800,42920.0
44134001,42920.0
41457003,42920.0
44386802,42920.0
47481201,42920.0
44562802,42920.0
49725800,42920.0
47508200,42920.0
40915602,42920.0
45768401,42920.0
44928202,42920.0
42555603,42920.0
45859200,42920.0
48764002,42920.0
44666600,42920.0
41972200,42920.0
43124203,42920.0
44891202,42920.0
46817401,42920.0
45891401,42920.0
44951802,42920.0
48101202,42920.0
45722602,42920.0
49252401,42920.0
45051802,42920.0
40955000,42920.0
44298002,42920.0
42664403,42920.0
48635400,42920.0
45897602,42920.0
41863403,42920.0
44589600,42920.0
46972200,42920.0
45789200,42920.0
47123401,42920.0
42675400,42920.0
47903201,42920.0
46115600,42920.0
42368202,42920.0
48476402,42920.0
44406800,42920.0
48074002,42920.0
45428400,42920.0
48925201,42920.0
45802403,42920.0
47142400,42920.0
44726202,42920.0
47422000,42920.0
47588601,42920.0
42668800,42920.0
43922402,42920.0
41218802,42920.0
43593202,42920.0
41293602,42920.0
46695002,42920.0
49951600,42920.0
47856800,42920.0
44693803,42920.0
45302000,42920.0
41841202,42920.0
48685001,42920.0
49025801,42920.0
41695200,42920.0
49656401,42920.0
42726403,42920.0
41918602,42920.0
42989000,42920.0
49688202,42920.0
49294601,42920.0
46747602,42920.0
46787401,42920.0
44995000,42920.0
42403202,42920.0
42043402,42920.0
46086000,42920.0
49611200,42920.0
47517401,42920.0
49150401,42920.0
45187600,42920.0
46092801,42920.0
45323003,42920.0
43654803,42920.0
47264402,42920.0
44695003,42920.0
48918801,42920.0
48285801,42920.0
48950001,42920.0
46281001,42920.0
45269803,42920.0
45746200,42920.0
46007600,42920.0
47988602,42920.0
40819802,42920.0
41847402,42920.0
41683600,42920.0
47822202,42920.0
47980801,42920.0
48855200,42920.0
49913800,42920.0
40965403,42920.0
49477801,42920.0
45662001,42920.0
43985600,42920.0
43893201,42920.0
44732201,42920.0
44032202,42920.0
40841003,42920.0
43679200,42920.0
44141401,42920.0
46878202,42920.0
45106600,42920.0
42920603,42920.0
42760802,42920.0
42140002,42920.0
42714202,42920.0
41647200,42920.0
41599000,42920.0
47876800,42920.0
49495202,42920.0
49942602,42920.0
43071802,42920.0
48752201,42920.0
44100000,42920.0
47445800,42920.0
48820401,42920.0
46635402,42920.0
41961802,42920.0
49314000,42920.0
49113202,42920.0
42598203,42920.0
40928600,42920.0
49651601,42920.0
45866000,42920.0
43551603,42920.0
47340601,42920.0
45355001,42920.0
49981002,42920.0
47552001,42920.0
47061002,42920.0
44706402,42920.0
45657200,42920.0
49071202,42920.0
46276202,42920.0
45369402,42920.0
48958800,42920.0
44425202,42920.0
45166801,42920.0
46343802,42920.0
45376203,42920.0
41016803,42920.0
41475002,42920.0
47098200,42920.0
45529803,42920.0
45250600,42920.0
48485600,42920.0
43372802,42920.0
45804402,42920.0
40859000,42920.0
45992202,42920.0
48346001,42920.0
46995201,42920.0
48464402,42920.0
46839202,42920.0
41194403,42920.0
48344200,42920.0
45165803,42920.0
43936803,42920.0
43580402,42920.0
44598202,42920.0
44948803,42920.0
41151002,42920.0
45181600,42920.0
48369401,42920.0
42180602,42920.0
44324600,42920.0
43686802,42920.0
47861002,42920.0
42186200,42920.0
44742603,42920.0
41244003,42920.0
44320203,42920.0
44137002,42920.0
49011401,42920.0
47578601,42920.0
43755400,42920.0
48781200,42920.0
44141803,42920.0
43379803,42920.0
46581400,42920.0
43091002,42920.0
43883601,42920.0
45239603,42920.0
47486401,42920.0
47541602,42920.0
49227600,42920.0
44943603,42920.0
46379400,42920.0
44082800,42920.0
41258602,42920.0
42261802,42920.0
47973400,42920.0
47098800,42920.0
41143600,42920.0
45456600,42920.0
47337001,42920.0
49135800,42920.0
43498802,42920.0
43251200,42920.0
49275001,42920.0
49504600,42920.0
40916802,42920.0
43243602,42920.0
46444202,42920.0
44489600,42920.0
44609000,42920.0
41771603,42920.0
45939400,42920.0
43927602,42920.0
43918403,42920.0
41055603,42920.0
41252402,42920.0
45440800,42920.0
49118800,42920.0
47788000,42920.0
41645803,42920.0
46438402,42920.0
46449402,42920.0
45143403,42920.0
49449200,42920.0
49847601,42920.0
44035602,42920.0
48335801,42920.0
46085000,42920.0
46711401,42920.0
42991200,42920.0
41888800,42920.0
43524600,42920.0
41939602,42920.0
46503402,42920.0
48255400,42920.0
42417403,42920.0
48044001,42920.0
47953801,42920.0
49914200,42920.0
42634003,42920.0
49028202,42920.0
49922002,42920.0
45346601,42920.0
48577000,42920.0
44693002,42920.0
48502802,42920.0
49033802,42920.0
45563003,42920.0
41789803,42920.0
45795400,42920.0
46784602,42920.0
48377202,42920.0
46777802,42920.0
45064600,42920.0
48941202,42920.0
49215400,42920.0
40892803,42920.0
45913801,42920.0
47055200,42920.0
43061803,42920.0
42799800,42920.0
45773401,42920.0
41252600,42920.0
41599203,42920.0
43623602,42920.0
44861603,42920.0
44334802,42920.0
47605400,42920.0
48337600,42920.0
44192800,42920.0
47251802,42920.0
42228603,42920.0
44209602,42920.0
43053602,42920.0
47653801,42920.0
49745802,42920.0
45561402,42920.0
49530001,42920.0
42796000,42920.0
45516000,42920.0
42733800,42920.0
45873002,42920.0
44607801,42920.0
45381401,42920.0
41019403,42920.0
49473601,42920.0
45566603,42920.0
42166802,42920.0
48699600,42920.0
43570202,42920.0
49059201,42920.0
43512803,42920.0
43081202,42920.0
44041001,42920.0
41726803,42920.0
47322600,42920.0
47348601,42920.0
45840400,42920.0
44486001,42920.0
44649400,42920.0
41627000,42920.0
42640803,42920.0
41897200,42920.0
41940200,42920.0
48558202,42920.0
45087201,42920.0
46495602,42920.0
49355001,42920.0
41205800,42920.0
48805202,42920.0
47292000,42920.0
41576200,42920.0
42118400,42920.0
47052602,42920.0
46147800,42920.0
44743200,42920.0
45304003,42920.0
48859601,42920.0
42069203,42920.0
45981401,42920.0
44010802,42920.0
48992001,42920.0
41931202,42920.0
46944602,42920.0
47691800,42920.0
43405002,42920.0
44252200,42920.0
42289400,42920.0
49972402,42920.0
49566201,42920.0
42143602,42920.0
45933602,42920.0
46144600,42920.0
47912602,42920.0
45589400,42920.0
45234402,42920.0
41734002,42920.0
49346801,42920.0
45629601,42920.0
41605803,42920.0
41365200,42920.0
42389602,42920.0
45640801,42920.0
41564803,42920.0
45976000,42920.0
42876802,42920.0
42600203,42920.0
44169402,42920.0
47042201,42920.0
48685002,42920.0
41866003,42920.0
44689402,42920.0
48530201,42920.0
44467201,42920.0
41162602,42920.0
44791201,42920.0
44186400,42920.0
45381202,42920.0
48735802,42920.0
45085401,42920.0
47611001,42920.0
45512002,42920.0
46950002,42920.0
48993400,42920.0
46954801,42920.0
45505803,42920.0
45142602,42920.0
44801002,42920.0
41537000,42920.0
49390602,42920.0
48413402,42920.0
44194603,42920.0
44125003,42920.0
43877603,42920.0
48792602,42920.0
41007802,42920.0
46569000,42920.0
46021201,42920.0
43228000,42920.0
42283003,42920.0
47917600,42920.0
47620400,42920.0
44592802,42920.0
48077602,42920.0
42414203,42920.0
41590802,42920.0
46952601,42920.0
42678202,42920.0
47773002,42920.0
41363003,42920.0
46389402,42920.0
42873003,42920.0
44952801,42920.0
49195200,42920.0
43268003,42920.0
49575400,42920.0
41464403,42920.0
48762200,42920.0
48185602,42920.0
41229603,42920.0
49579200,42920.0
44106000,42920.0
48088801,42920.0
42908400,42920.0
41232800,42920.0
45749002,42920.0
40963803,42920.0
46881400,42920.0
42313003,42920.0
42677602,42920.0
42756802,42920.0
42600002,42920.0
41505000,42920.0
46926601,42920.0
42587202,42920.0
47757602,42920.0
45307003,42920.0
47043202,42920.0
45059001,42920.0
48486000,42920.0
41504002,42920.0
47694602,42920.0
47879401,42920.0
49913602,42920.0
41329402,42920.0
46055000,42920.0
41112603,42920.0
47484802,42920.0
42626002,42920.0
40973600,42920.0
42629603,42920.0
41603003,42920.0
48831002,42920.0
42654402,42920.0
49903601,42920.0
43992802,42920.0
45285600,42920.0
40828803,42920.0
45932802,42920.0
47597800,42920.0
47763000,42920.0
46574402,42920.0
44733201,42920.0
47966002,42920.0
44343602,42920.0
45752200,42920.0
43133602,42920.0
45725202,42920.0
41708000,42920.0
44194802,42920.0
48240601,42920.0
47525201,42920.0
40845202,42920.0
43534003,42920.0
45689801,42920.0
49313400,42920.0
47282201,42920.0
48576400,42920.0
42388600,42920.0
42494600,42920.0
46154600,42920.0
45592200,42920.0
47970200,42920.0
46372801,42920.0
42599602,42920.0
42135003,42920.0
47193001,42920.0
42761002,42920.0
49760602,42920.0
45208200,42920.0
48489602,42920.0
43991202,42920.0
44312802,42920.0
41456603,42920.0
46036601,42920.0
49056202,42920.0
49887601,42920.0
46639602,42920.0
41433400,42920.0
44857401,42920.0
43258203,42920.0
43861001,42920.0
44973603,42920.0
41706200,42920.0
44969603,42920.0
48884802,42920.0
43517000,42920.0
46599600,42920.0
46397200,42920.0
47630800,42920.0
41140602,42920.0
44140600,42920.0
44239803,42920.0
41828003,42920.0
49829801,42920.0
48346802,42920.0
44688600,42920.0
41558600,42920.0
49912000,42920.0
46374800,42920.0
48349801,42920.0
42112800,42920.0
42752603,42920.0
45777200,42920.0
47533001,42920.0
49186600,42920.0
45470801,42920.0
48116202,42920.0
42801402,42920.0
49617401,42920.0
48422600,42920.0
42193403,42920.0
42439600,42920.0
44721802,42920.0
49019602,42920.0
45487200,42920.0
48145000,42920.0
42183603,42920.0
45857001,42920.0
47547800,42920.0
42704803,42920.0
44195002,42920.0
47876402,42920.0
41114803,42920.0
47056400,42920.0
48416002,42920.0
49247602,42920.0
49971802,42920.0
41408603,42920.0
45408802,42920.0
40886402,42920.0
48637600,42920.0
41187202,42920.0
42805803,42920.0
44956200,42920.0
44848000,42920.0
49130601,42920.0
48046400,42920.0
44685001,42920.0
46575801,42920.0
48054000,42920.0
49257000,42920.0
48110400,42920.0
40806203,42920.0
43168803,42920.0
48355401,42920.0
48382801,42920.0
44251800,42920.0
46346001,42920.0
44190400,42920.0
45042403,42920.0
49039202,42920.0
47861201,42920.0
44632803,42920.0
47969801,42920.0
44783402,42920.0
48501200,42920.0
49860202,42920.0
46688401,42920.0
47003800,42920.0
45348603,42920.0
45332000,42920.0
44696003,42920.0
46911601,42920.0
47010602,42920.0
46532000,42920.0
45536403,42920.0
42961000,42920.0
44488400,42920.0
46321602,42920.0
42595603,42920.0
47424600,42920.0
42341002,42920.0
44889200,42920.0
48176001,42920.0
43964803,42920.0
43021400,42920.0
46680202,42920.0
43911002,42920.0
45624601,42920.0
48907400,42920.0
48529201,42920.0
42276802,42920.0
41281403,42920.0
45820003,42920.0
44094601,42920.0
45484200,42920.0
43440602,42920.0
41935400,42920.0
45415200,42920.0
47460602,42920.0
43028203,42920.0
41542002,42920.0
43937203,42920.0
41725403,42920.0
45950202,42920.0
45442403,42920.0
49803000,42920.0
47824602,42920.0
45767001,42920.0
48728800,42920.0
48407600,42920.0
45282002,42920.0
41114403,42920.0
48535601,42920.0
45561400,42920.0
42777800,42920.0
46677602,42920.0
44606603,42920.0
48269001,42920.0
42184802,42920.0
45516800,42920.0
43382200,42920.0
42175403,42920.0
45103600,42920.0
43464403,42920.0
44240802,42920.0
47305600,42920.0
45639801,42920.0
44166003,42920.0
44920600,42920.0
43921400,42920.0
47025402,42920.0
43412203,42920.0
46571602,42920.0
47612602,42920.0
46790801,42920.0
43929803,42920.0
46088801,42920.0
43979602,42920.0
41465802,42920.0
44985402,42920.0
41360402,42920.0
43182202,42920.0
48928601,42920.0
46206400,42920.0
47129801,42920.0
49538002,42920.0
44307403,42920.0
40837800,42920.0
44268203,42920.0
47570602,42920.0
48695402,42920.0
41794203,42920.0
47746200,42920.0
45134000,42920.0
44105201,42920.0
44335200,42920.0
41484600,42920.0
45312002,42920.0
44701003,42920.0
42968602,42920.0
44407601,42920.0
43846200,42920.0
47498201,42920.0
41749400,42920.0
45910602,42920.0
41256803,42920.0
48423202,42920.0
45626201,42920.0
46722400,42920.0
44920602,42920.0
44904003,42920.0
44281600,42920.0
42012202,42920.0
47146602,42920.0
43904402,42920.0
48507001,42920.0
43279402,42920.0
42182002,42920.0
44427602,42920.0
41251403,42920.0
46571600,42920.0
44869401,42920.0
49528800,42920.0
42337603,42920.0
45152003,42920.0
47676601,42920.0
45421800,42920.0
42046403,42920.0
44580002,42920.0
45130003,42920.0
48109801,42920.0
49786600,42920.0
40952402,42920.0
45617802,42920.0
42071603,42920.0
42796802,42920.0
41368602,42920.0
48293200,42920.0
41524000,42920.0
46665200,42920.0
41351800,42920.0
48600800,42920.0
41170600,42920.0
41117403,42920.0
45742003,42920.0
48180602,42920.0
42663802,42920.0
49820201,42920.0
42521202,42920.0
45827402,42920.0
46619400,42920.0
42104403,42920.0
43186003,42920.0
43489202,42920.0
45859402,42920.0
47717001,42920.0
42864800,42920.0
44041201,42920.0
44100600,42920.0
43009000,42920.0
44220401,42920.0
47347401,42920.0
42635802,42920.0
48524002,42920.0
41344402,42920.0
43573603,42920.0
44905600,42920.0
47880201,42920.0
49521400,42920.0
45810001,42920.0
49098602,42920.0
44881203,42920.0
48377201,42920.0
46482602,42920.0
48943601,42920.0
46406802,42920.0
44477800,42920.0
41803403,42920.0
40947402,42920.0
48993001,42920.0
45358800,42920.0
49813600,42920.0
44033802,42920.0
48437001,42920.0
41082002,42920.0
47807001,42920.0
43030403,42920.0
41308803,42920.0
45325203,42920.0
48810200,42920.0
49667200,42920.0
45173601,42920.0
47122401,42920.0
44410203,42920.0
41433203,42920.0
47092602,42920.0
46146802,42920.0
47241400,42920.0
49494800,42920.0
47717402,42920.0
44473600,42920.0
48971001,42920.0
45557403,42920.0
44427803,42920.0
45537803,42920.0
45544003,42920.0
49965602,42920.0
41257403,42920.0
47256400,42920.0
41826602,42920.0
44302000,42920.0
41806803,42920.0
41017000,42920.0
41042200,42920.0
47683400,42920.0
45348600,42920.0
45422600,42920.0
44573801,42920.0
45710200,42920.0
47768201,42920.0
42329400,42920.0
49930402,42920.0
46308202,42920.0
40856000,42920.0
42651803,42920.0
47437600,42920.0
48179600,42920.0
48045400,42920.0
44622603,42920.0
43678800,42920.0
48138401,42920.0
41548200,42920.0
45428002,42920.0
41163002,42920.0
47481600,42920.0
44244602,42920.0
42331202,42920.0
48716402,42920.0
45472803,42920.0
44208400,42920.0
43674000,42920.0
42842603,42920.0
44701402,42920.0
44235601,42920.0
43450802,42920.0
44545200,42920.0
45375003,42920.0
46374601,42920.0
44399200,42920.0
45227001,42920.0
43524000,42920.0
41384802,42920.0
41920603,42920.0
44070001,42920.0
40842403,42920.0
45194201,42920.0
41103202,42920.0
42123002,42920.0
43795403,42920.0
44955203,42920.0
48714001,42920.0
48564600,42920.0
43830603,42920.0
47379001,42920.0
47257802,42920.0
46560400,42920.0
42446002,42920.0
41635202,42920.0
43242800,42920.0
45356002,42920.0
49159801,42920.0
45699003,42920.0
44912601,42920.0
42946603,42920.0
44588600,42920.0
44708003,42920.0
41969602,42920.0
42027600,42920.0
45830000,42920.0
47565400,42920.0
46497800,42920.0
46270802,42920.0
45974200,42920.0
43903403,42920.0
48109800,42920.0
45448602,42920.0
45803603,42920.0
44144400,42920.0
48488401,42920.0
43062202,42920.0
47609802,42920.0
43426202,42920.0
41723400,42920.0
45250201,42920.0
47571002,42920.0
45071401,42920.0
44694002,42920.0
43903001,42920.0
48453201,42920.0
45803402,42920.0
48351602,42920.0
49806002,42920.0
46323402,42920.0
43423000,42920.0
41464602,42920.0
46668601,42920.0
41989802,42920.0
41794800,42920.0
47672200,42920.0
42880400,42920.0
42925602,42920.0
44097601,42920.0
44171203,42920.0
40911402,42920.0
49242801,42920.0
46650401,42920.0
44367803,42920.0
42590000,42920.0
42292400,42920.0
48109400,42920.0
44753600,42920.0
44868802,42920.0
44969401,42920.0
40916602,42920.0
47978801,42920.0
44477801,42920.0
43837403,42920.0
46332802,42920.0
48981001,42920.0
46182002,42920.0
44269401,42920.0
45311601,42920.0
46753400,42920.0
47417602,42920.0
44073400,42920.0
47706202,42920.0
42907002,42920.0
49681201,42920.0
43799202,42920.0
41448402,42920.0
42773803,42920.0
46396000,42920.0
41928600,42920.0
45722400,42920.0
44670602,42920.0
48505601,42920.0
45744400,42920.0
42846600,42920.0
42465200,42920.0
44016402,42920.0
46198800,42920.0
41237603,42920.0
49388800,42920.0
44543602,42920.0
42251200,42920.0
43389400,42920.0
42526000,42920.0
42869003,42920.0
48218400,42920.0
47314202,42920.0
42983800,42920.0
47243200,42920.0
47681602,42920.0
46121601,42920.0
42597802,42920.0
45230001,42920.0
49959200,42920.0
40807003,42920.0
45957200,42920.0
46065202,42920.0
45197203,42920.0
44548603,42920.0
42039403,42920.0
43956201,42920.0
41291802,42920.0
43142403,42920.0
49491800,42920.0
43888003,42920.0
48783402,42920.0
40885003,42920.0
43507602,42920.0
41376803,42920.0
41340400,42920.0
40994400,42920.0
42436003,42920.0
49825600,42920.0
45581202,42920.0
49772002,42920.0
46272201,42920.0
47298402,42920.0
45315802,42920.0
44365801,42920.0
44567401,42920.0
47166001,42920.0
45579002,42920.0
47750600,42920.0
44390602,42920.0
41564802,42920.0
43811202,42920.0
45697803,42920.0
48717601,42920.0
48649002,42920.0
44563602,42920.0
49492202,42920.0
45938601,42920.0
48424402,42920.0
42148603,42920.0
44647403,42920.0
45887601,42920.0
43889801,42920.0
45290603,42920.0
44337200,42920.0
48508602,42920.0
46588402,42920.0
45890800,42920.0
48448002,42920.0
44921803,42920.0
45996001,42920.0
44802603,42920.0
46360001,42920.0
41589202,42920.0
41951400,42920.0
44121602,42920.0
47866402,42920.0
48304000,42920.0
45881402,42920.0
42484603,42920.0
45444402,42920.0
48371001,42920.0
49187201,42920.0
48223402,42920.0
40950603,42920.0
46001002,42920.0
44716201,42920.0
48713000,42920.0
47959401,42920.0
44263603,42920.0
43420202,42920.0
48780001,42920.0
41064400,42920.0
43774602,42920.0
42708803,42920.0
41752603,42920.0
49459601,42920.0
44330201,42920.0
47873001,42920.0
46626801,42920.0
48717800,42920.0
41241202,42920.0
43697603,42920.0
49317402,42920.0
40815200,42920.0
44766000,42920.0
49463402,42920.0
46217401,42920.0
42975003,42920.0
42177202,42920.0
47373602,42920.0
48621400,42920.0
45628602,42920.0
49094001,42920.0
43262203,42920.0
44598802,42920.0
46493001,42920.0
40931802,42920.0
46132602,42920.0
47425200,42920.0
48064202,42920.0
40985403,42920.0
49496002,42920.0
43100002,42920.0
46917402,42920.0
44879202,42920.0
45171603,42920.0
42263000,42920.0
45436601,42920.0
45298801,42920.0
40982600,42920.0
45237203,42920.0
49927401,42920.0
48282800,42920.0
44390000,42920.0
41369800,42920.0
48812202,42920.0
44284401,42920.0
47546001,42920.0
42778203,42920.0
45355403,42920.0
46916001,42920.0
45786803,42920.0
44781603,42920.0
49656000,42920.0
47217801,42920.0
47266802,42920.0
41291602,42920.0
46205802,42920.0
43564002,42920.0
47814802,42920.0
46512202,42920.0
49889201,42920.0
48290602,42920.0
49420002,42920.0
49491000,42920.0
47585202,42920.0
42551202,42920.0
47687200,42920.0
44992001,42920.0
41519803,42920.0
46856001,42920.0
41646400,42920.0
41284202,42920.0
40842602,42920.0
43078602,42920.0
42248202,42920.0
40974602,42920.0
48211202,42920.0
49926401,42920.0
41838402,42920.0
41937802,42920.0
49535600,42920.0
42187802,42920.0
42470003,42920.0
47764400,42920.0
46959202,42920.0
41084803,42920.0
45810201,42920.0
49713600,42920.0
41459002,42920.0
44546602,42920.0
41125000,42920.0
42357403,42920.0
44028601,42920.0
42382200,42920.0
44807000,42920.0
49329400,42920.0
48327801,42920.0
48358400,42920.0
48809600,42920.0
42940400,42920.0
47318001,42920.0
47082601,42920.0
42241803,42920.0
45408602,42920.0
45691802,42920.0
47460002,42920.0
45590200,42920.0
49418802,42920.0
46954601,42920.0
49780001,42920.0
45919602,42920.0
48364401,42920.0
42110000,42920.0
44700000,42920.0
46508002,42920.0
45339801,42920.0
45394801,42920.0
46622801,42920.0
43974000,42920.0
49340600,42920.0
44707600,42920.0
45520203,42920.0
42286002,42920.0
46584402,42920.0
43225203,42920.0
44930601,42920.0
48063002,42920.0
42587402,42920.0
44358803,42920.0
46228401,42920.0
42344200,42920.0
47878801,42920.0
42847003,42920.0
48916800,42920.0
48045201,42920.0
46671000,42920.0
45620803,42920.0
46001202,42920.0
48865202,42920.0
49752002,42920.0
41587802,42920.0
46934201,42920.0
49556002,42920.0
47491001,42920.0
42712603,42920.0
42286003,42920.0
46964801,42920.0
44890403,42920.0
48328401,42920.0
44400200,42920.0
44770802,42920.0
47118401,42920.0
44394801,42920.0
44209802,42920.0
41742000,42920.0
49816801,42920.0
46387001,42920.0
48342202,42920.0
49442800,42920.0
43161600,42920.0
42469203,42920.0
47865602,42920.0
40892003,42920.0
44926001,42920.0
41540402,42920.0
44218403,42920.0
43276203,42920.0
41253002,42920.0
41570802,42920.0
41345402,42920.0
45720400,42920.0
43647200,42920.0
42556400,42920.0
46293401,42920.0
49848201,42920.0
46963402,42920.0
41737002,42920.0
41282400,42920.0
45913000,42920.0
43332800,42920.0
41450803,42920.0
49035600,42920.0
47950801,42920.0
48845401,42920.0
42986802,42920.0
40994602,42920.0
42884402,42920.0
44045800,42920.0
45430201,42920.0
44381200,42920.0
43653402,42920.0
43891401,42920.0
47805800,42920.0
45305402,42920.0
46423602,42920.0
43846600,42920.0
43416802,42920.0
46234600,42920.0
45090402,42920.0
44167601,42920.0
41549803,42920.0
43261600,42920.0
41153603,42920.0
44864003,42920.0
46040201,42920.0
41470803,42920.0
46628602,42920.0
49685001,42920.0
41375400,42920.0
46257402,42920.0
48681600,42920.0
48596201,42920.0
42798400,42920.0
46312000,42920.0
43230803,42920.0
45777402,42920.0
46103602,42920.0
44804800,42920.0
47241601,42920.0
43788803,42920.0
41113002,42920.0
49217402,42920.0
49353602,42920.0
49180801,42920.0
41619403,42920.0
41359003,42920.0
48596401,42920.0
45239002,42920.0
44415802,42920.0
45514800,42920.0
49623201,42920.0
46177000,42920.0
44649601,42920.0
45681400,42920.0
46072802,42920.0
47676602,42920.0
46509802,42920.0
44138402,42920.0
42092803,42920.0
45514600,42920.0
49613402,42920.0
45406602,42920.0
49183802,42920.0
41230202,42920.0
47861600,42920.0
46606400,42920.0
43562403,42920.0
47521400,42920.0
46737401,42920.0
44926801,42920.0
44919001,42920.0
44574603,42920.0
44787401,42920.0
41866600,42920.0
48306802,42920.0
49305202,42920.0
43793402,42920.0
48603401,42920.0
46239802,42920.0
45833601,42920.0
44061400,42920.0
41365802,42920.0
42031003,42920.0
42034403,42920.0
47544402,42920.0
44753802,42920.0
47833001,42920.0
48247000,42920.0
44961200,42920.0
47483201,42920.0
41723403,42920.0
45411401,42920.0
44689203,42920.0
45820401,42920.0
47987201,42920.0
45583201,42920.0
44988402,42920.0
42144203,42920.0
47353200,42920.0
45612803,42920.0
42056200,42920.0
49202402,42920.0
45973202,42920.0
48410602,42920.0
49490801,42920.0
46294402,42920.0
44224802,42920.0
45524402,42920.0
43378003,42920.0
43143403,42920.0
49264200,42920.0
45593200,42920.0
42982403,42920.0
41670600,42920.0
47049000,42920.0
43654202,42920.0
44747800,42920.0
43021600,42920.0
45721400,42920.0
43534202,42920.0
41460602,42920.0
45079000,42920.0
44627601,42920.0
44212202,42920.0
42765403,42920.0
41666000,42920.0
46401000,42920.0
45604603,42920.0
42243400,42920.0
47898202,42920.0
44891602,42920.0
48186002,42920.0
49474800,42920.0
45608202,42920.0
44789403,42920.0
47762201,42920.0
48350202,42920.0
47625801,42920.0
43581402,42920.0
48496400,42920.0
45364003,42920.0
48371802,42920.0
45961401,42920.0
48593400,42920.0
46922400,42920.0
43904201,42920.0
43820003,42920.0
49251602,42920.0
42635203,42920.0
41338000,42920.0
48206000,42920.0
46868202,42920.0
44453600,42920.0
49014400,42920.0
46584400,42920.0
48786202,42920.0
42906002,42920.0
47597000,42920.0
43335003,42920.0
41504600,42920.0
47875600,42920.0
41009800,42920.0
47887002,42920.0
48918601,42920.0
41284802,42920.0
42028202,42920.0
42470203,42920.0
41851803,42920.0
41214203,42920.0
43103202,42920.0
45252202,42920.0
45338403,42920.0
45981002,42920.0
49329401,42920.0
46344801,42920.0
43746003,42920.0
43938602,42920.0
47420200,42920.0
43041000,42920.0
41986402,42920.0
47089800,42920.0
41264602,42920.0
44834203,42920.0
42868002,42920.0
43992600,42920.0
43726000,42920.0
45875002,42920.0
41981602,42920.0
48911400,42920.0
44678600,42920.0
45250202,42920.0
45437003,42920.0
41042400,42920.0
47025802,42920.0
48720200,42920.0
48009201,42920.0
44023201,42920.0
44884001,42920.0
44221003,42920.0
41649603,42920.0
47691401,42920.0
43862001,42920.0
47465600,42920.0
42608003,42920.0
47837401,42920.0
46734800,42920.0
45674003,42920.0
42485602,42920.0
41957603,42920.0
44571001,42920.0
44746400,42920.0
41436002,42920.0
47345400,42920.0
44221200,42920.0
41198600,42920.0
43000803,42920.0
49139602,42920.0
43969602,42920.0
41301400,42920.0
41743800,42920.0
44080803,42920.0
46270801,42920.0
44528400,42920.0
42238802,42920.0
46519000,42920.0
43420400,42920.0
49845602,42920.0
48752802,42920.0
44500401,42920.0
49995400,42920.0
46064002,42920.0
45991001,42920.0
41172003,42920.0
46510400,42920.0
49907201,42920.0
48922400,42920.0
45396603,42920.0
41467802,42920.0
44012001,42920.0
48687000,42920.0
47138402,42920.0
45987001,42920.0
47523201,42920.0
48136602,42920.0
46520801,42920.0
49698601,42920.0
41026203,42920.0
45239400,42920.0
42661200,42920.0
46886402,42920.0
45991401,42920.0
43026003,42920.0
48201600,42920.0
45250402,42920.0
44012602,42920.0
43160402,42920.0
40899200,42920.0
46347202,42920.0
42168403,42920.0
46986201,42920.0
46924200,42920.0
40864602,42920.0
48150200,42920.0
41074200,42920.0
48098402,42920.0
43294203,42920.0
42405400,42920.0
43861002,42920.0
44945601,42920.0
43439202,42920.0
44926603,42920.0
43068203,42920.0
49635802,42920.0
47346602,42920.0
49547202,42920.0
42407603,42920.0
43750203,42920.0
48356201,42920.0
45927202,42920.0
47148400,42920.0
45789002,42920.0
46313402,42920.0
44775203,42920.0
47327200,42920.0
45201802,42920.0
49924400,42920.0
45076401,42920.0
44717400,42920.0
44877200,42920.0
44363201,42920.0
48617401,42920.0
41582402,42920.0
41167803,42920.0
46218801,42920.0
48160600,42920.0
44884203,42920.0
49454200,42920.0
45250603,42920.0
49718002,42920.0
44615401,42920.0
47294802,42920.0
42494202,42920.0
46690202,42920.0
49508602,42920.0
40993600,42920.0
44246602,42920.0
49041602,42920.0
42536600,42920.0
45064403,42920.0
44264201,42920.0
49382201,42920.0
43468202,42920.0
46710800,42920.0
48841201,42920.0
44380603,42920.0
45536602,42920.0
47893401,42920.0
43374202,42920.0
45610202,42920.0
46695801,42920.0
48443000,42920.0
42410400,42920.0
41082802,42920.0
43030000,42920.0
41697000,42920.0
44356603,42920.0
43301003,42920.0
44840000,42920.0
46340200,42920.0
43531800,42920.0
45163601,42920.0
46371600,42920.0
47387800,42920.0
43739803,42920.0
49842802,42920.0
42625402,42920.0
47654000,42920.0
47431200,42920.0
47020202,42920.0
44109000,42920.0
43369603,42920.0
46338801,42920.0
49824201,42920.0
45191800,42920.0
49502801,42920.0
48821401,42920.0
42788200,42920.0
44651001,42920.0
41419803,42920.0
41295602,42920.0
49599000,42920.0
49886402,42920.0
45568803,42920.0
43137403,42920.0
47194600,42920.0
47533201,42920.0
45862201,42920.0
45503601,42920.0
41498203,42920.0
46142000,42920.0
43120603,42920.0
47870401,42920.0
44591202,42920.0
44179401,42920.0
43258000,42920.0
45291200,42920.0
41499402,42920.0
44374603,42920.0
42045402,42920.0
47028602,42920.0
46265402,42920.0
44942800,42920.0
46677002,42920.0
47476802,42920.0
46986400,42920.0
44834201,42920.0
47551002,42920.0
49428602,42920.0
43654403,42920.0
42115800,42920.0
45878400,42920.0
48689602,42920.0
49056001,42920.0
44385203,42920.0
41354402,42920.0
44663801,42920.0
48767402,42920.0
41029202,42920.0
44004402,42920.0
44179400,42920.0
44204200,42920.0
45287600,42920.0
47227602,42920.0
47143001,42920.0
47734800,42920.0
46280600,42920.0
43077403,42920.0
45592601,42920.0
41521603,42920.0
45971802,42920.0
41943600,42920.0
41548802,42920.0
43975202,42920.0
40833600,42920.0
44854400,42920.0
45424200,42920.0
41247402,42920.0
41447002,42920.0
45884602,42920.0
45581600,42920.0
44799403,42920.0
41547002,42920.0
43286203,42920.0
46915601,42920.0
41044802,42920.0
49632000,42920.0
41584603,42920.0
43998802,42920.0
44198400,42920.0
48446400,42920.0
48023201,42920.0
45163803,42920.0
47409602,42920.0
40818003,42920.0
43351602,42920.0
49685000,42920.0
43596402,42920.0
47852800,42920.0
47363600,42920.0
47727600,42920.0
46748600,42920.0
47180800,42920.0
44618001,42920.0
45462003,42920.0
44864401,42920.0
44347401,42920.0
44789003,42920.0
43221602,42920.0
44644601,42920.0
42074200,42920.0
48229802,42920.0
44455402,42920.0
46853402,42920.0
41533200,42920.0
49160800,42920.0
48774601,42920.0
44811801,42920.0
45488200,42920.0
43678802,42920.0
45923001,42920.0
48131401,42920.0
48148200,42920.0
47946601,42920.0
49614401,42920.0
42149602,42920.0
46172002,42920.0
49871401,42920.0
45847800,42920.0
41695003,42920.0
49105400,42920.0
48276602,42920.0
42928800,42920.0
41549400,42920.0
46557401,42920.0
44975400,42920.0
41785800,42920.0
48215200,42920.0
45195003,42920.0
46994600,42920.0
43760402,42920.0
40859002,42920.0
44672600,42920.0
48781802,42920.0
42019802,42920.0
49104201,42920.0
47530402,42920.0
48110602,42920.0
44561602,42920.0
45722402,42920.0
44887202,42920.0
46107200,42920.0
41055202,42920.0
43140203,42920.0
48959600,42920.0
44637403,42920.0
46403202,42920.0
41149803,42920.0
41256402,42920.0
40843800,42920.0
49866001,42920.0
44711400,42920.0
44905200,42920.0
45319200,42920.0
47719201,42920.0
45090802,42920.0
46923002,42920.0
45840202,42920.0
46203200,42920.0
41757202,42920.0
43276000,42920.0
41434400,42920.0
44901203,42920.0
41322403,42920.0
43383800,42920.0
42392202,42920.0
48130802,42920.0
41047603,42920.0
49466201,42920.0
49230401,42920.0
42419402,42920.0
47274802,42920.0
44143203,42920.0
44219801,42920.0
49711800,42920.0
49537400,42920.0
42705200,42920.0
44544600,42920.0
41248802,42920.0
47817001,42920.0
40871602,42920.0
48578200,42920.0
45416601,42920.0
41933800,42920.0
41146600,42920.0
45218002,42920.0
44380001,42920.0
44545202,42920.0
47497802,42920.0
49422800,42920.0
49234601,42920.0
41498202,42920.0
43871200,42920.0
47712200,42920.0
44232800,42920.0
45317802,42920.0
43265002,42920.0
41256800,42920.0
46830801,42920.0
42556003,42920.0
47755600,42920.0
41359203,42920.0
43699202,42920.0
49535801,42920.0
45155403,42920.0
47559202,42920.0
48650201,42920.0
48200602,42920.0
42594802,42920.0
46033000,42920.0
47010802,42920.0
45005201,42920.0
49867802,42920.0
44908002,42920.0
42832800,42920.0
46279201,42920.0
41221800,42920.0
49433601,42920.0
41211600,42920.0
47642200,42920.0
42625800,42920.0
46359001,42920.0
43685603,42920.0
49868002,42920.0
41246602,42920.0
45065402,42920.0
41699600,42920.0
49101401,42920.0
48844601,42920.0
47863800,42920.0
41042203,42920.0
42148400,42920.0
41837603,42920.0
47638000,42920.0
48681202,42920.0
42716600,42920.0
46160601,42920.0
47351600,42920.0
45640201,42920.0
46380601,42920.0
42258802,42920.0
48906601,42920.0
43794600,42920.0
44934002,42920.0
49126802,42920.0
46778200,42920.0
45391203,42920.0
41364203,42920.0
44970200,42920.0
45937202,42920.0
48152002,42920.0
49578402,42920.0
48441202,42920.0
49887400,42920.0
41299402,42920.0
45161200,42920.0
43690203,42920.0
49191202,42920.0
45691601,42920.0
49687602,42920.0
41233602,42920.0
47040601,42920.0
43809202,42920.0
49700801,42920.0
48624002,42920.0
43155002,42920.0
45418403,42920.0
46608601,42920.0
48337200,42920.0
48508200,42920.0
48686200,42920.0
44421801,42920.0
43174000,42920.0
41870003,42920.0
41808200,42920.0
43905603,42920.0
49822401,42920.0
44486802,42920.0
47576202,42920.0
45532801,42920.0
42150402,42920.0
41358802,42920.0
46837401,42920.0
44163801,42920.0
42039402,42920.0
47694400,42920.0
45902602,42920.0
41297600,42920.0
43843800,42920.0
46876601,42920.0
47910601,42920.0
43277403,42920.0
43368403,42920.0
42474403,42920.0
42311602,42920.0
45014802,42920.0
44810800,42920.0
44641001,42920.0
48335401,42920.0
48340201,42920.0
49678802,42920.0
46705200,42920.0
42725600,42920.0
49792601,42920.0
47592400,42920.0
44487600,42920.0
49177402,42920.0
46009400,42920.0
41181402,42920.0
48683202,42920.0
46375602,42920.0
46068601,42920.0
45544400,42920.0
42472003,42920.0
45300202,42920.0
49968201,42920.0
42770602,42920.0
42677003,42920.0
45110801,42920.0
44525203,42920.0
44760001,42920.0
41026803,42920.0
45221802,42920.0
45841403,42920.0
47533402,42920.0
41482403,42920.0
41572602,42920.0
45194001,42920.0
44493001,42920.0
42283603,42920.0
44985600,42920.0
41555600,42920.0
49748602,42920.0
40808602,42920.0
47299200,42920.0
46759002,42920.0
45064802,42920.0
44633401,42920.0
46587601,42920.0
45212200,42920.0
47417402,42920.0
45370002,42920.0
46383200,42920.0
44172800,42920.0
48063601,42920.0
43155800,42920.0
46678400,42920.0
45310003,42920.0
49758402,42920.0
47760401,42920.0
43623803,42920.0
41812600,42920.0
41349000,42920.0
47207402,42920.0
44260801,42920.0
46104002,42920.0
44085400,42920.0
43687003,42920.0
41254203,42920.0
41893402,42920.0
45875000,42920.0
49930002,42920.0
44470203,42920.0
47856801,42920.0
49544201,42920.0
47735402,42920.0
43045602,42920.0
47723202,42920.0
46479000,42920.0
41319403,42920.0
42079202,42920.0
46612401,42920.0
40882002,42920.0
45357800,42920.0
48979200,42920.0
48576202,42920.0
45392801,42920.0
45167402,42920.0
44009402,42920.0
45091001,42920.0
43857003,42920.0
45537400,42920.0
45391401,42920.0
42518800,42920.0
42461003,42920.0
41569800,42920.0
49635800,42920.0
44454601,42920.0
46960002,42920.0
46310001,42920.0
49482201,42920.0
47624802,42920.0
44110200,42920.0
48193402,42920.0
42640400,42920.0
45055203,42920.0
47571202,42920.0
44579400,42920.0
44156003,42920.0
41969202,42920.0
44387602,42920.0
44047801,42920.0
41531800,42920.0
46956801,42920.0
46590202,42920.0
44324003,42920.0
45580202,42920.0
42824802,42920.0
43794803,42920.0
41535603,42920.0
49870400,42920.0
46194600,42920.0
43064203,42920.0
44664003,42920.0
45638200,42920.0
46517601,42920.0
42242802,42920.0
41088602,42920.0
47475802,42920.0
49411802,42920.0
44937600,42920.0
48618600,42920.0
49328200,42920.0
47712201,42920.0
49895602,42920.0
48614600,42920.0
49023802,42920.0
48824402,42920.0
45195401,42920.0
42418603,42920.0
46910000,42920.0
45645600,42920.0
46398000,42920.0
49327600,42920.0
42102600,42920.0
41037002,42920.0
47031002,42920.0
45849000,42920.0
45590000,42920.0
46747200,42920.0
48489200,42920.0
41494402,42920.0
42600003,42920.0
45055603,42920.0
44120402,42920.0
49006202,42920.0
46279600,42920.0
46998600,42920.0
46408802,42920.0
48466601,42920.0
43103600,42920.0
49378201,42920.0
48688201,42920.0
43194403,42920.0
40896202,42920.0
45622601,42920.0
42733402,42920.0
41047003,42920.0
48169202,42920.0
45087801,42920.0
45026400,42920.0
41794802,42920.0
47776002,42920.0
43549403,42920.0
42629803,42920.0
43863400,42920.0
41696803,42920.0
49211402,42920.0
48518602,42920.0
45937201,42920.0
47781800,42920.0
45804800,42920.0
43414402,42920.0
42640000,42920.0
43173800,42920.0
49629002,42920.0
44551403,42920.0
48318402,42920.0
43878201,42920.0
44556600,42920.0
46425202,42920.0
49361400,42920.0
41693402,42920.0
47485401,42920.0
44864403,42920.0
43614603,42920.0
41124403,42920.0
41997200,42920.0
44877001,42920.0
43082803,42920.0
44517602,42920.0
47463000,42920.0
43468200,42920.0
43307202,42920.0
42979800,42920.0
42537202,42920.0
48433600,42920.0
40826800,42920.0
49024802,42920.0
47218801,42920.0
47893200,42920.0
42403203,42920.0
44559203,42920.0
45123201,42920.0
42848802,42920.0
45623802,42920.0
46835002,42920.0
41792000,42920.0
44115803,42920.0
49642001,42920.0
47577802,42920.0
40861003,42920.0
44910203,42920.0
41374802,42920.0
43115200,42920.0
45996002,42920.0
49107402,42920.0
47896602,42920.0
44918203,42920.0
43639002,42920.0
44881201,42920.0
45651003,42920.0
41306003,42920.0
41239202,42920.0
41477000,42920.0
41049200,42920.0
40972800,42920.0
46349801,42920.0
43566000,42920.0
43940002,42920.0
46069600,42920.0
45773202,42920.0
45704003,42920.0
49030201,42920.0
44448000,42920.0
45175202,42920.0
46579800,42920.0
49540802,42920.0
43596602,42920.0
47077801,42920.0
41936400,42920.0
45906801,42920.0
45637401,42920.0
48078800,42920.0
43990403,42920.0
43658000,42920.0
42612803,42920.0
48829802,42920.0
45499801,42920.0
47257200,42920.0
43183400,42920.0
46935001,42920.0
44863602,42920.0
44012603,42920.0
47820002,42920.0
44158800,42920.0
44428403,42920.0
44118003,42920.0
49289201,42920.0
45666003,42920.0
44387402,42920.0
44451200,42920.0
46364600,42920.0
49859602,42920.0
41599802,42920.0
45298403,42920.0
45862200,42920.0
48155402,42920.0
44002002,42920.0
49489601,42920.0
47488201,42920.0
41086400,42920.0
42778000,42920.0
44032800,42920.0
42665803,42920.0
44151003,42920.0
48032602,42920.0
45456201,42920.0
40854603,42920.0
45686603,42920.0
41114003,42920.0
48047400,42920.0
42967200,42920.0
42307600,42920.0
46638800,42920.0
49529202,42920.0
46047401,42920.0
43668400,42920.0
42751003,42920.0
43027802,42920.0
47694402,42920.0
49683000,42920.0
45624801,42920.0
48234802,42920.0
44581202,42920.0
44632403,42920.0
41761402,42920.0
42645602,42920.0
42139403,42920.0
47809400,42920.0
49166002,42920.0
45502003,42920.0
45541003,42920.0
43180603,42920.0
47457000,42920.0
48650000,42920.0
43366803,42920.0
41897802,42920.0
42237203,42920.0
41338802,42920.0
43742403,42920.0
49732001,42920.0
42894002,42920.0
41624000,42920.0
42797403,42920.0
46371201,42920.0
47227601,42920.0
41984403,42920.0
45069601,42920.0
46166001,42920.0
44382003,42920.0
45100001,42920.0
42122200,42920.0
47134800,42920.0
43796600,42920.0
41979602,42920.0
45669802,42920.0
46474801,42920.0
44849800,42920.0
47021801,42920.0
45207800,42920.0
44950003,42920.0
46935600,42920.0
45439603,42920.0
41702400,42920.0
48029001,42920.0
46945001,42920.0
48616602,42920.0
46189801,42920.0
43558802,42920.0
44725800,42920.0
46633000,42920.0
44454200,42920.0
41045403,42920.0
45423401,42920.0
44107203,42920.0
43124202,42920.0
43627803,42920.0
42616603,42920.0
47923001,42920.0
49302801,42920.0
48277801,42920.0
45317000,42920.0
47167201,42920.0
46333802,42920.0
41849000,42920.0
45199003,42920.0
47347600,42920.0
47869600,42920.0
42538403,42920.0
42337800,42920.0
44988202,42920.0
49336001,42920.0
46003002,42920.0
43848000,42920.0
49907200,42920.0
42223003,42920.0
41303003,42920.0
47291400,42920.0
43935002,42920.0
43882003,42920.0
45915800,42920.0
41726200,42920.0
43002200,42920.0
41237803,42920.0
48938601,42920.0
43167202,42920.0
44102001,42920.0
45774002,42920.0
42634203,42920.0
43797800,42920.0
45697601,42920.0
44556403,42920.0
46707601,42920.0
45259602,42920.0
42338603,42920.0
48546602,42920.0
43377002,42920.0
45384001,42920.0
43234002,42920.0
42969400,42920.0
41119802,42920.0
47232602,42920.0
43815602,42920.0
48071801,42920.0
44303002,42920.0
43364603,42920.0
48634801,42920.0
48898402,42920.0
41255003,42920.0
49355601,42920.0
43757600,42920.0
43570802,42920.0
41377002,42920.0
41571203,42920.0
46665802,42920.0
46955601,42920.0
47873200,42920.0
42752002,42920.0
45309800,42920.0
47872402,42920.0
48097801,42920.0
41129603,42920.0
47776801,42920.0
43133600,42920.0
43306002,42920.0
49005001,42920.0
44438603,42920.0
43767200,42920.0
45711603,42920.0
43914201,42920.0
41307403,42920.0
42963203,42920.0
47371001,42920.0
43950603,42920.0
43868002,42920.0
46090601,42920.0
47713001,42920.0
49064001,42920.0
47629800,42920.0
44254803,42920.0
47700800,42920.0
41051600,42920.0
45170401,42920.0
43815603,42920.0
45489800,42920.0
42759203,42920.0
44681400,42920.0
47847202,42920.0
44020603,42920.0
43588800,42920.0
48858000,42920.0
48521000,42920.0
45483201,42920.0
42566602,42920.0
44942600,42920.0
41389803,42920.0
48888402,42920.0
43387803,42920.0
41702800,42920.0
49288800,42920.0
44353400,42920.0
46670400,42920.0
43262003,42920.0
45459801,42920.0
41649602,42920.0
42861602,42920.0
44201402,42920.0
44976202,42920.0
44583802,42920.0
41526602,42920.0
45674202,42920.0
47844601,42920.0
48283602,42920.0
41582003,42920.0
43552200,42920.0
46297600,42920.0
47128000,42920.0
44404801,42920.0
44532602,42920.0
41950403,42920.0
46937401,42920.0
47243201,42920.0
44689201,42920.0
45191400,42920.0
43788600,42920.0
44050200,42920.0
41364802,42920.0
48650400,42920.0
49700601,42920.0
45449802,42920.0
49700802,42920.0
45103601,42920.0
41890402,42920.0
48916200,42920.0
46717202,42920.0
41830402,42920.0
43544800,42920.0
41571400,42920.0
47788601,42920.0
46588802,42920.0
42732203,42920.0
45951000,42920.0
49759001,42920.0
46342601,42920.0
44016003,42920.0
45074403,42920.0
45721000,42920.0
43059200,42920.0
49245600,42920.0
49622600,42920.0
41013800,42920.0
44488200,42920.0
40916002,42920.0
43552003,42920.0
46175401,42920.0
45523800,42920.0
41230803,42920.0
47788402,42920.0
43028602,42920.0
41934800,42920.0
43728400,42920.0
45750602,42920.0
43189002,42920.0
44257003,42920.0
44873800,42920.0
47792402,42920.0
42081200,42920.0
45610201,42920.0
48613201,42920.0
41902200,42920.0
45898402,42920.0
47678201,42920.0
45386001,42920.0
47315202,42920.0
47793802,42920.0
44787201,42920.0
46001000,42920.0
44891403,42920.0
49242000,42920.0
45491601,42920.0
44536402,42920.0
46192800,42920.0
46076600,42920.0
47478201,42920.0
47003200,42920.0
45525803,42920.0
47914201,42920.0
46444602,42920.0
41370803,42920.0
41612203,42920.0
47256201,42920.0
42946400,42920.0
42543403,42920.0
46947801,42920.0
43723600,42920.0
47730400,42920.0
41942203,42920.0
46043601,42920.0
47740802,42920.0
44281601,42920.0
46436401,42920.0
44333603,42920.0
43881601,42920.0
44437403,42920.0
46146801,42920.0
46118402,42920.0
45227601,42920.0
44765002,42920.0
44985002,42920.0
43755402,42920.0
46351002,42920.0
41719003,42920.0
44843401,42920.0
42984403,42920.0
41338803,42920.0
48631401,42920.0
45850202,42920.0
48233000,42920.0
47281601,42920.0
42857800,42920.0
44821802,42920.0
49568602,42920.0
47692801,42920.0
40970003,42920.0
44529403,42920.0
46328402,42920.0
48830801,42920.0
47030002,42920.0
43531200,42920.0
48441002,42920.0
45051402,42920.0
47214002,42920.0
46721401,42920.0
47590601,42920.0
49110201,42920.0
45191600,42920.0
42311003,42920.0
48410402,42920.0
49721602,42920.0
44830402,42920.0
44511203,42920.0
43474203,42920.0
46708802,42920.0
43565802,42920.0
46639600,42920.0
43086600,42920.0
44237002,42920.0
43899603,42920.0
42313200,42920.0
44390002,42920.0
41947203,42920.0
45537001,42920.0
47986800,42920.0
42151602,42920.0
47461602,42920.0
43629000,42920.0
41864803,42920.0
40994802,42920.0
46185200,42920.0
46018401,42920.0
46275002,42920.0
49356200,42920.0
47171800,42920.0
44173403,42920.0
45589201,42920.0
47746802,42920.0
48318000,42920.0
47193402,42920.0
40905203,42920.0
42847000,42920.0
48523002,42920.0
44984202,42920.0
48870002,42920.0
49859600,42920.0
48954401,42920.0
49841602,42920.0
48303000,42920.0
47551402,42920.0
48864002,42920.0
42895800,42920.0
41508600,42920.0
42904003,42920.0
49292402,42920.0
46595601,42920.0
42601602,42920.0
46535400,42920.0
46482800,42920.0
43689203,42920.0
47840801,42920.0
41443003,42920.0
44611202,42920.0
46081202,42920.0
47336001,42920.0
46434401,42920.0
46090602,42920.0
44596602,42920.0
49026402,42920.0
44895000,42920.0
42863600,42920.0
45139601,42920.0
41644200,42920.0
49632800,42920.0
45147801,42920.0
43666203,42920.0
41678602,42920.0
41959203,42920.0
45332800,42920.0
41957400,42920.0
45274203,42920.0
48591800,42920.0
47995400,42920.0
45730000,42920.0
46776600,42920.0
47477400,42920.0
44062202,42920.0
44205201,42920.0
47105600,42920.0
45932201,42920.0
48486002,42920.0
45792602,42920.0
49428601,42920.0
43334802,42920.0
44739800,42920.0
44305803,42920.0
49148602,42920.0
44257401,42920.0
47331601,42920.0
44221001,42920.0
43580403,42920.0
42567203,42920.0
46673802,42920.0
43669003,42920.0
41640403,42920.0
40858003,42920.0
40833200,42920.0
49350600,42920.0
45076203,42920.0
47147801,42920.0
47269800,42920.0
45713602,42920.0
44483400,42920.0
44973003,42920.0
44335802,42920.0
46049200,42920.0
48743402,42920.0
41911002,42920.0
42655203,42920.0
41698802,42920.0
41179602,42920.0
49112002,42920.0
40889600,42920.0
41941403,42920.0
49778401,42920.0
46563400,42920.0
41305600,42920.0
40809203,42920.0
42953800,42920.0
45062203,42920.0
42170400,42920.0
47695002,42920.0
45263201,42920.0
41316600,42920.0
45152000,42920.0
41930203,42920.0
44453201,42920.0
46457000,42920.0
41211603,42920.0
44117801,42920.0
42193603,42920.0
47616800,42920.0
46831201,42920.0
44229000,42920.0
46952000,42920.0
49832002,42920.0
43374000,42920.0
47271402,42920.0
47287201,42920.0
44194200,42920.0
49352202,42920.0
49658200,42920.0
49874001,42920.0
47261401,42920.0
49247800,42920.0
44717802,42920.0
41318600,42920.0
47622401,42920.0
43886402,42920.0
44601200,42920.0
45967202,42920.0
42305200,42920.0
43624002,42920.0
46696800,42920.0
46710001,42920.0
48808601,42920.0
43168002,42920.0
49572801,42920.0
47478200,42920.0
44228801,42920.0
47710002,42920.0
41161803,42920.0
47392202,42920.0
45660801,42920.0
43410802,42920.0
47747402,42920.0
43953800,42920.0
45316802,42920.0
43797203,42920.0
46217800,42920.0
42874802,42920.0
48138402,42920.0
48860401,42920.0
46579401,42920.0
41167600,42920.0
41496000,42920.0
48382201,42920.0
49719802,42920.0
42477000,42920.0
49001801,42920.0
45316203,42920.0
47329402,42920.0
48974202,42920.0
45214803,42920.0
42281000,42920.0
48551600,42920.0
44301403,42920.0
46961601,42920.0
43102600,42920.0
46842001,42920.0
44246601,42920.0
48975202,42920.0
43576203,42920.0
46116801,42920.0
41986202,42920.0
43969601,42920.0
45833600,42920.0
42243800,42920.0
47493201,42920.0
41136600,42920.0
49303000,42920.0
47860000,42920.0
45524401,42920.0
44205202,42920.0
43200200,42920.0
45107803,42920.0
46616200,42920.0
46271400,42920.0
43276602,42920.0
47080401,42920.0
43996600,42920.0
47629200,42920.0
44713800,42920.0
47541202,42920.0
46689000,42920.0
48528001,42920.0
49703000,42920.0
47320201,42920.0
44661002,42920.0
42260803,42920.0
44285400,42920.0
45552200,42920.0
48113601,42920.0
46440000,42920.0
47391402,42920.0
48909602,42920.0
46614201,42920.0
41613400,42920.0
47195801,42920.0
43419802,42920.0
45366801,42920.0
45837402,42920.0
42093603,42920.0
46844000,42920.0
46930201,42920.0
41232203,42920.0
45665403,42920.0
46121200,42920.0
44134000,42920.0
41752002,42920.0
45566800,42920.0
47679000,42920.0
42837603,42920.0
42651002,42920.0
42377003,42920.0
47124002,42920.0
44209800,42920.0
42435800,42920.0
42442003,42920.0
47643400,42920.0
41139802,42920.0
47152602,42920.0
45818801,42920.0
48385201,42920.0
42436200,42920.0
41630400,42920.0
44412600,42920.0
47808402,42920.0
42945400,42920.0
49036000,42920.0
44446003,42920.0
42147800,42920.0
42920202,42920.0
47335402,42920.0
49340202,42920.0
48141400,42920.0
48386402,42920.0
47733200,42920.0
41111800,42920.0
46712601,42920.0
41283200,42920.0
40965203,42920.0
45592603,42920.0
44472400,42920.0
42460202,42920.0
45503403,42920.0
41027402,42920.0
47870802,42920.0
44911601,42920.0
47802601,42920.0
44827403,42920.0
41106400,42920.0
46358201,42920.0
46331600,42920.0
48587601,42920.0
43900401,42920.0
49454001,42920.0
44308400,42920.0
44570600,42920.0
44588400,42920.0
44703603,42920.0
41782002,42920.0
41183600,42920.0
45092002,42920.0
44719002,42920.0
44488402,42920.0
42072403,42920.0
49540000,42920.0
42441202,42920.0
49462601,42920.0
49858400,42920.0
45056601,42920.0
46759801,42920.0
44020002,42920.0
47514000,42920.0
47716800,42920.0
47793600,42920.0
49196002,42920.0
48163601,42920.0
44198800,42920.0
43641802,42920.0
44423401,42920.0
45500401,42920.0
41882603,42920.0
47376602,42920.0
49751201,42920.0
46073802,42920.0
41781002,42920.0
43566603,42920.0
42821802,42920.0
43334403,42920.0
47553802,42920.0
48860001,42920.0
49911800,42920.0
44745202,42920.0
43216400,42920.0
49418601,42920.0
47226402,42920.0
43339202,42920.0
49119400,42920.0
48490801,42920.0
46703401,42920.0
45538202,42920.0
43219603,42920.0
47900400,42920.0
44576203,42920.0
41085403,42920.0
41727600,42920.0
40857000,42920.0
47685201,42920.0
48969402,42920.0
42030402,42920.0
43398003,42920.0
48313002,42920.0
41521202,42920.0
45926001,42920.0
48880002,42920.0
45114402,42920.0
44981401,42920.0
41240003,42920.0
48209401,42920.0
43982002,42920.0
48804202,42920.0
42172603,42920.0
45345002,42920.0
45974600,42920.0
44736800,42920.0
43921402,42920.0
45767601,42920.0
45187603,42920.0
45779400,42920.0
48975401,42920.0
47030400,42920.0
40996203,42920.0
45509001,42920.0
41321802,42920.0
41463402,42920.0
44623800,42920.0
47985201,42920.0
46521401,42920.0
42002002,42920.0
46931002,42920.0
43740400,42920.0
47831600,42920.0
41494003,42920.0
49020200,42920.0
43698000,42920.0
40886000,42920.0
45184202,42920.0
48805000,42920.0
46484001,42920.0
45480400,42920.0
45935801,42920.0
42292402,42920.0
48432002,42920.0
44572400,42920.0
49461001,42920.0
47753400,42920.0
41243200,42920.0
44984601,42920.0
41730002,42920.0
42838400,42920.0
44404803,42920.0
47843600,42920.0
49284601,42920.0
45128400,42920.0
47600202,42920.0
42367603,42920.0
45907200,42920.0
41683003,42920.0
44481003,42920.0
42979202,42920.0
44721001,42920.0
47711202,42920.0
45399002,42920.0
44043600,42920.0
43432403,42920.0
41206003,42920.0
47870402,42920.0
42034402,42920.0
48096200,42920.0
43862802,42920.0
45846003,42920.0
48809202,42920.0
48337001,42920.0
41009403,42920.0
42204600,42920.0
44832400,42920.0
49659802,42920.0
42538803,42920.0
43812403,42920.0
44566603,42920.0
45233603,42920.0
42051202,42920.0
47520001,42920.0
41992402,42920.0
41769802,42920.0
41105402,42920.0
42077800,42920.0
48454002,42920.0
49665601,42920.0
49094002,42920.0
45745801,42920.0
44302800,42920.0
43520000,42920.0
47577602,42920.0
46127800,42920.0
47981602,42920.0
41822200,42920.0
49411400,42920.0
48519201,42920.0
47758402,42920.0
46702200,42920.0
44927801,42920.0
42080403,42920.0
43053603,42920.0
46712401,42920.0
48362600,42920.0
43181002,42920.0
43500402,42920.0
44300801,42920.0
42263603,42920.0
41225002,42920.0
42810802,42920.0
49837602,42920.0
48763802,42920.0
45649403,42920.0
41287002,42920.0
44922000,42920.0
44901800,42920.0
47845001,42920.0
47014402,42920.0
45662003,42920.0
46266601,42920.0
43468803,42920.0
46529601,42920.0
45092602,42920.0
40915803,42920.0
42447402,42920.0
49776002,42920.0
46480401,42920.0
45364402,42920.0
46071602,42920.0
44267800,42920.0
41239602,42920.0
46337600,42920.0
47834600,42920.0
48584802,42920.0
47951200,42920.0
40875400,42920.0
49528400,42920.0
41995403,42920.0
45926600,42920.0
43138602,42920.0
44561000,42920.0
45440400,42920.0
41717200,42920.0
43371403,42920.0
44248803,42920.0
41200603,42920.0
44984600,42920.0
47183200,42920.0
46987601,42920.0
42740000,42920.0
48562800,42920.0
41766202,42920.0
42362200,42920.0
40854202,42920.0
48156001,42920.0
47383802,42920.0
42301802,42920.0
46828202,42920.0
47323602,42920.0
49711202,42920.0
44607400,42920.0
48124000,42920.0
48991602,42920.0
45458201,42920.0
45553803,42920.0
46056801,42920.0
41266003,42920.0
45925600,42920.0
41759802,42920.0
41660400,42920.0
48553401,42920.0
42149802,42920.0
45217802,42920.0
44749600,42920.0
41114800,42920.0
44184801,42920.0
47254401,42920.0
42234000,42920.0
41570800,42920.0
45537203,42920.0
45219003,42920.0
44867000,42920.0
45563602,42920.0
48219600,42920.0
46204001,42920.0
47813400,42920.0
41830202,42920.0
46488402,42920.0
40862800,42920.0
41827403,42920.0
45350601,42920.0
45822603,42920.0
49344600,42920.0
43640800,42920.0
42489403,42920.0
48392801,42920.0
46312002,42920.0
44239600,42920.0
45857801,42920.0
43612400,42920.0
48962802,42920.0
41219803,42920.0
41893802,42920.0
45416202,42920.0
48076801,42920.0
44166200,42920.0
41187403,42920.0
42453203,42920.0
44330200,42920.0
42798003,42920.0
41195603,42920.0
44926202,42920.0
44564400,42920.0
49228001,42920.0
47054002,42920.0
44643000,42920.0
41590402,42920.0
44733602,42920.0
48121400,42920.0
46524402,42920.0
46155401,42920.0
43796803,42920.0
44617400,42920.0
47424802,42920.0
41635600,42920.0
41100602,42920.0
43775602,42920.0
47778200,42920.0
46926201,42920.0
46578001,42920.0
45428801,42920.0
41075803,42920.0
41496600,42920.0
40893803,42920.0
41554603,42920.0
42114002,42920.0
42473403,42920.0
41664802,42920.0
46354800,42920.0
43269002,42920.0
48760201,42920.0
47982602,42920.0
47237002,42920.0
46237002,42920.0
46568002,42920.0
45047802,42920.0
42985402,42920.0
44746200,42920.0
49720001,42920.0
48229200,42920.0
45134002,42920.0
41723600,42920.0
47014000,42920.0
48006402,42920.0
46170600,42920.0
41985400,42920.0
43602003,42920.0
49745600,42920.0
42527200,42920.0
44467203,42920.0
46750801,42920.0
44037202,42920.0
49314600,42920.0
43225003,42920.0
45068601,42920.0
44446001,42920.0
44903403,42920.0
43600002,42920.0
42292202,42920.0
44378403,42920.0
47526000,42920.0
42488400,42920.0
49736202,42920.0
44547203,42920.0
42346803,42920.0
44732203,42920.0
42276003,42920.0
45365202,42920.0
45767002,42920.0
44313803,42920.0
45143401,42920.0
47297001,42920.0
41013202,42920.0
48592600,42920.0
45884800,42920.0
45533003,42920.0
49333402,42920.0
48498200,42920.0
44452600,42920.0
47223400,42920.0
43974402,42920.0
43023600,42920.0
44490200,42920.0
44636603,42920.0
48774600,42920.0
41370200,42920.0
48871801,42920.0
42982603,42920.0
42261600,42920.0
47882000,42920.0
43864202,42920.0
47178001,42920.0
46458800,42920.0
40946602,42920.0
47226801,42920.0
45634202,42920.0
41442600,42920.0
46633401,42920.0
45604203,42920.0
45509602,42920.0
41923202,42920.0
46911402,42920.0
48619201,42920.0
43730000,42920.0
49882601,42920.0
48676602,42920.0
47347402,42920.0
46088401,42920.0
46739000,42920.0
49534202,42920.0
47457201,42920.0
41434200,42920.0
46762001,42920.0
44482402,42920.0
42666800,42920.0
47741200,42920.0
49728200,42920.0
43020800,42920.0
43685402,42920.0
46781402,42920.0
45477801,42920.0
45756003,42920.0
43036402,42920.0
45236803,42920.0
49522202,42920.0
47337002,42920.0
43498202,42920.0
44456202,42920.0
44439600,42920.0
43492400,42920.0
48611802,42920.0
49587602,42920.0
45410203,42920.0
45242401,42920.0
43082000,42920.0
45618602,42920.0
46068001,42920.0
42268402,42920.0
41883000,42920.0
48739001,42920.0
48738400,42920.0
41813203,42920.0
44690003,42920.0
45167203,42920.0
45139003,42920.0
49737400,42920.0
41501802,42920.0
46983000,42920.0
41138803,42920.0
48051002,42920.0
41099603,42920.0
48999602,42920.0
49750201,42920.0
47722401,42920.0
41227400,42920.0
44641203,42920.0
46345402,42920.0
42701203,42920.0
42922202,42920.0
45271403,42920.0
41355800,42920.0
44112201,42920.0
44693200,42920.0
47197601,42920.0
43755403,42920.0
41149802,42920.0
42057603,42920.0
47097801,42920.0
42214603,42920.0
48869401,42920.0
48831001,42920.0
41780603,42920.0
43801600,42920.0
45316803,42920.0
43990601,42920.0
42259800,42920.0
41802800,42920.0
42175002,42920.0
48482002,42920.0
43314402,42920.0
42030002,42920.0
47764002,42920.0
44276200,42920.0
45468402,42920.0
44898200,42920.0
45360402,42920.0
43286000,42920.0
46435000,42920.0
47444200,42920.0
46694201,42920.0
42967803,42920.0
46437600,42920.0
45615201,42920.0
47656000,42920.0
47674001,42920.0
41195003,42920.0
49666600,42920.0
45329801,42920.0
47201600,42920.0
47480801,42920.0
46020601,42920.0
45244602,42920.0
49704801,42920.0
43124002,42920.0
41201600,42920.0
44953201,42920.0
48280800,42920.0
46055201,42920.0
47310601,42920.0
47911001,42920.0
42994802,42920.0
41765002,42920.0
40814803,42920.0
48805602,42920.0
48723601,42920.0
45939200,42920.0
42952200,42920.0
44220203,42920.0
44287600,42920.0
41775202,42920.0
47597002,42920.0
45697402,42920.0
48911801,42920.0
41084403,42920.0
44453001,42920.0
47200600,42920.0
44294203,42920.0
47220800,42920.0
44181201,42920.0
48437000,42920.0
45397000,42920.0
48279200,42920.0
43315203,42920.0
45371400,42920.0
45835402,42920.0
42887400,42920.0
41540203,42920.0
46710801,42920.0
47398601,42920.0
49679402,42920.0
45710202,42920.0
43948800,42920.0
41768000,42920.0
41937602,42920.0
48634600,42920.0
45074803,42920.0
46581202,42920.0
44972201,42920.0
42394800,42920.0
44751203,42920.0
48856001,42920.0
48775802,42920.0
47826200,42920.0
46907400,42920.0
41328200,42920.0
42121202,42920.0
41036400,42920.0
44344000,42920.0
47688402,42920.0
49860801,42920.0
46511200,42920.0
47461201,42920.0
41226603,42920.0
47296401,42920.0
49028402,42920.0
47356602,42920.0
47044802,42920.0
47119602,42920.0
46902000,42920.0
47544800,42920.0
47312802,42920.0
46682802,42920.0
49552000,42920.0
44790401,42920.0
46323400,42920.0
47329601,42920.0
44451601,42920.0
49416200,42920.0
48797800,42920.0
43833602,42920.0
47844000,42920.0
48512602,42920.0
47878200,42920.0
48243400,42920.0
46440801,42920.0
43939600,42920.0
48861001,42920.0
46702001,42920.0
41012800,42920.0
42930602,42920.0
46895002,42920.0
49816002,42920.0
45374203,42920.0
47200801,42920.0
48748201,42920.0
45067802,42920.0
44826603,42920.0
41178803,42920.0
41253602,42920.0
43127600,42920.0
47251601,42920.0
47710800,42920.0
48288402,42920.0
47073802,42920.0
43002402,42920.0
43874401,42920.0
49945601,42920.0
41939600,42920.0
48861601,42920.0
45344200,42920.0
47316002,42920.0
43549200,42920.0
47218002,42920.0
44207800,42920.0
43636000,42920.0
46329001,42920.0
40952800,42920.0
49446800,42920.0
47478800,42920.0
42180003,42920.0
44044002,42920.0
49109200,42920.0
48759601,42920.0
43954203,42920.0
43618000,42920.0
43799600,42920.0
42424800,42920.0
46772602,42920.0
49139002,42920.0
45270403,42920.0
41302002,42920.0
45225603,42920.0
41023600,42920.0
47682400,42920.0
42576803,42920.0
45591602,42920.0
44852403,42920.0
44520801,42920.0
46005802,42920.0
48051001,42920.0
47670601,42920.0
49833002,42920.0
41348203,42920.0
45083003,42920.0
43772800,42920.0
42828202,42920.0
44948201,42920.0
48519601,42920.0
46749401,42920.0
41219200,42920.0
49110602,42920.0
45755600,42920.0
41493002,42920.0
42481600,42920.0
48204000,42920.0
41032002,42920.0
48996201,42920.0
41098003,42920.0
48320000,42920.0
46329000,42920.0
44218602,42920.0
49404202,42920.0
47627801,42920.0
49191600,42920.0
44942003,42920.0
44035002,42920.0
48053402,42920.0
41137203,42920.0
48383400,42920.0
49877801,42920.0
44431000,42920.0
44739601,42920.0
45036800,42920.0
43283802,42920.0
46823401,42920.0
44156200,42920.0
44122401,42920.0
49277600,42920.0
41451402,42920.0
48731002,42920.0
44993603,42920.0
49147600,42920.0
43815002,42920.0
41861802,42920.0
43568003,42920.0
46130600,42920.0
46973201,42920.0
42441000,42920.0
41160403,42920.0
49686000,42920.0
45654201,42920.0
45029403,42920.0
45781201,42920.0
49832402,42920.0
43210403,42920.0
47716400,42920.0
46846002,42920.0
40818803,42920.0
44297603,42920.0
46660402,42920.0
46696802,42920.0
41474803,42920.0
41135202,42920.0
49739200,42920.0
46587602,42920.0
43226403,42920.0
40812600,42920.0
42441800,42920.0
44505803,42920.0
47926402,42920.0
42149203,42920.0
44510002,42920.0
44637602,42920.0
47449201,42920.0
45118803,42920.0
46855600,42920.0
46088600,42920.0
42861203,42920.0
47820602,42920.0
47869602,42920.0
41925203,42920.0
47694001,42920.0
42849802,42920.0
48379601,42920.0
48402800,42920.0
48067800,42920.0
45260601,42920.0
44345200,42920.0
42930402,42920.0
44819202,42920.0
44178202,42920.0
49387801,42920.0
44659400,42920.0
42190203,42920.0
45050802,42920.0
48577800,42920.0
46959000,42920.0
43122000,42920.0
42136200,42920.0
49795602,42920.0
43617602,42920.0
41128403,42920.0
45848603,42920.0
41554400,42920.0
48843200,42920.0
42554003,42920.0
43296003,42920.0
42491002,42920.0
42165600,42920.0
42198403,42920.0
44387001,42920.0
42795003,42920.0
45640800,42920.0
49222001,42920.0
49764201,42920.0
45311403,42920.0
44946802,42920.0
44342801,42920.0
45969600,42920.0
47935400,42920.0
42912803,42920.0
47538402,42920.0
42520603,42920.0
49078001,42920.0
49193202,42920.0
42269200,42920.0
41914602,42920.0
42492202,42920.0
49716800,42920.0
46196400,42920.0
46122400,42920.0
43638000,42920.0
41655400,42920.0
46554801,42920.0
42668003,42920.0
42904602,42920.0
45302403,42920.0
43323800,42920.0
48398602,42920.0
41483203,42920.0
41577802,42920.0
45402203,42920.0
44854601,42920.0
49855400,42920.0
46365401,42920.0
41689002,42920.0
40832800,42920.0
48405800,42920.0
46015800,42920.0
41384602,42920.0
45804002,42920.0
47574402,42920.0
49072802,42920.0
40991402,42920.0
42649600,42920.0
44527002,42920.0
49271202,42920.0
43061200,42920.0
42300000,42920.0
49688401,42920.0
41100000,42920.0
43876400,42920.0
43338000,42920.0
47122400,42920.0
41573002,42920.0
44551800,42920.0
48731401,42920.0
41103400,42920.0
43117400,42920.0
46967201,42920.0
49853400,42920.0
44359401,42920.0
49052801,42920.0
46459000,42920.0
41992603,42920.0
46536201,42920.0
48834802,42920.0
45136402,42920.0
45834401,42920.0
43462402,42920.0
41763600,42920.0
49722800,42920.0
48814200,42920.0
49613802,42920.0
41072603,42920.0
44222200,42920.0
47951802,42920.0
47064602,42920.0
46754200,42920.0
45691602,42920.0
45714800,42920.0
45648803,42920.0
44528600,42920.0
41646000,42920.0
44569401,42920.0
48242001,42920.0
41159803,42920.0
42872003,42920.0
43238802,42920.0
43741802,42920.0
44583401,42920.0
48436602,42920.0
49565801,42920.0
47657602,42920.0
48161800,42920.0
44307402,42920.0
48962201,42920.0
48052802,42920.0
45943401,42920.0
43115402,42920.0
47950001,42920.0
45494202,42920.0
48398600,42920.0
46603601,42920.0
40973800,42920.0
41552000,42920.0
42673803,42920.0
43586203,42920.0
41132002,42920.0
45424601,42920.0
46718802,42920.0
46916200,42920.0
41945400,42920.0
43887802,42920.0
42432400,42920.0
42519802,42920.0
46433201,42920.0
45407802,42920.0
41828000,42920.0
49699602,42920.0
45627202,42920.0
48492200,42920.0
40885000,42920.0
47090600,42920.0
48783001,42920.0
43229602,42920.0
46007801,42920.0
41261403,42920.0
47532200,42920.0
48109402,42920.0
48146600,42920.0
40911602,42920.0
45505600,42920.0
42515000,42920.0
42870800,42920.0
42836002,42920.0
44497001,42920.0
46208801,42920.0
47892400,42920.0
44795003,42920.0
47791601,42920.0
45668603,42920.0
48473400,42920.0
49252600,42920.0
48074602,42920.0
44901600,42920.0
49062802,42920.0
47783400,42920.0
41821002,42920.0
48771000,42920.0
45150403,42920.0
42267003,42920.0
45116401,42920.0
48402600,42920.0
42934800,42920.0
44693202,42920.0
46167601,42920.0
42472602,42920.0
46747802,42920.0
44133602,42920.0
49248602,42920.0
49376402,42920.0
45967602,42920.0
49492802,42920.0
45209601,42920.0
44672000,42920.0
45968000,42920.0
43747203,42920.0
42066000,42920.0
42441600,42920.0
42539402,42920.0
41920403,42920.0
42491400,42920.0
41908403,42920.0
44403800,42920.0
46058000,42920.0
48007000,42920.0
43539803,42920.0
42830002,42920.0
41473402,42920.0
44965201,42920.0
46584200,42920.0
43913202,42920.0
48550602,42920.0
47181600,42920.0
48803000,42920.0
41329800,42920.0
42539203,42920.0
48135202,42920.0
48576801,42920.0
45288201,42920.0
41381203,42920.0
49479802,42920.0
45986800,42920.0
42489002,42920.0
41918402,42920.0
41604802,42920.0
46178000,42920.0
44030401,42920.0
41209802,42920.0
45982000,42920.0
48252002,42920.0
47593400,42920.0
41752602,42920.0
44616601,42920.0
44828601,42920.0
49830400,42920.0
44989201,42920.0
41248400,42920.0
44274201,42920.0
49648801,42920.0
44445001,42920.0
47085401,42920.0
43311202,42920.0
42929403,42920.0
46446600,42920.0
41856000,42920.0
49531401,42920.0
42249000,42920.0
44072803,42920.0
45449602,42920.0
49183202,42920.0
47796002,42920.0
48010002,42920.0
49297801,42920.0
49803002,42920.0
45632600,42920.0
47208000,42920.0
46912800,42920.0
47583000,42920.0
43746403,42920.0
49408001,42920.0
47648201,42920.0
48340200,42920.0
42760200,42920.0
45206800,42920.0
49802601,42920.0
45769601,42920.0
43476802,42920.0
44059801,42920.0
43476800,42920.0
45194801,42920.0
46167401,42920.0
48058800,42920.0
49784602,42920.0
47820802,42920.0
47851801,42920.0
40959800,42920.0
49811800,42920.0
44243003,42920.0
41936203,42920.0
42633803,42920.0
41327000,42920.0
42451800,42920.0
42007003,42920.0
41129203,42920.0
48755401,42920.0
45803801,42920.0
45235801,42920.0
44624800,42920.0
42168400,42920.0
45820803,42920.0
48689600,42920.0
46905000,42920.0
42672800,42920.0
46805802,42920.0
47104401,42920.0
43140402,42920.0
47731600,42920.0
47315802,42920.0
46772201,42920.0
42684203,42920.0
43932002,42920.0
44753200,42920.0
48110001,42920.0
47755200,42920.0
49116001,42920.0
45331201,42920.0
48570200,42920.0
43407603,42920.0
42279803,42920.0
45964601,42920.0
45082002,42920.0
41199000,42920.0
49171002,42920.0
41254800,42920.0
44990202,42920.0
47793400,42920.0
44889402,42920.0
45173602,42920.0
45801600,42920.0
43553602,42920.0
43327802,42920.0
43355200,42920.0
43014402,42920.0
49978800,42920.0
47120001,42920.0
46146601,42920.0
47366001,42920.0
42553200,42920.0
49704200,42920.0
49427200,42920.0
44001203,42920.0
48603800,42920.0
43044400,42920.0
48256201,42920.0
46061000,42920.0
41225603,42920.0
48393000,42920.0
49617200,42920.0
42469000,42920.0
43660403,42920.0
46230601,42920.0
47259001,42920.0
44513402,42920.0
42652803,42920.0
46728602,42920.0
45432802,42920.0
42479603,42920.0
41257002,42920.0
42017602,42920.0
46041202,42920.0
41720603,42920.0
44541200,42920.0
41617602,42920.0
42063400,42920.0
41032402,42920.0
44742400,42920.0
49495601,42920.0
48083201,42920.0
48041801,42920.0
46159401,42920.0
48046202,42920.0
47729800,42920.0
43722600,42920.0
41829802,42920.0
43028802,42920.0
46342602,42920.0
49560602,42920.0
42757803,42920.0
42941803,42920.0
47019001,42920.0
47635002,42920.0
45575000,42920.0
41237400,42920.0
41262803,42920.0
49181000,42920.0
45448601,42920.0
48847002,42920.0
45495403,42920.0
48845800,42920.0
41829402,42920.0
49319000,42920.0
43204200,42920.0
44598200,42920.0
46156602,42920.0
49072002,42920.0
45419603,42920.0
47724802,42920.0
41829602,42920.0
46646201,42920.0
46312400,42920.0
49777600,42920.0
44908201,42920.0
49242202,42920.0
45321802,42920.0
44938400,42920.0
41895003,42920.0
47237800,42920.0
42131000,42920.0
49934800,42920.0
48260602,42920.0
42130002,42920.0
48677602,42920.0
47966201,42920.0
43502603,42920.0
42840803,42920.0
47524600,42920.0
41918403,42920.0
44419602,42920.0
43760403,42920.0
40934002,42920.0
44788403,42920.0
47048202,42920.0
42749402,42920.0
42494200,42920.0
41306002,42920.0
45883401,42920.0
45827001,42920.0
46335201,42920.0
45086001,42920.0
45056803,42920.0
44917800,42920.0
44353600,42920.0
46298200,42920.0
43191203,42920.0
44046201,42920.0
47068402,42920.0
47504000,42920.0
43050003,42920.0
48686802,42920.0
42112002,42920.0
44074602,42920.0
49254800,42920.0
41126600,42920.0
43736602,42920.0
45772000,42920.0
44747203,42920.0
43038202,42920.0
46135002,42920.0
49244601,42920.0
49839002,42920.0
44297003,42920.0
43302403,42920.0
43740603,42920.0
43039800,42920.0
42711602,42920.0
47444600,42920.0
46776401,42920.0
48533402,42920.0
48371800,42920.0
48832200,42920.0
43373000,42920.0
44541802,42920.0
49925402,42920.0
44763801,42920.0
42739602,42920.0
46782001,42920.0
47908601,42920.0
46039201,42920.0
45138803,42920.0
45118802,42920.0
47018802,42920.0
45865000,42920.0
43855402,42920.0
48870800,42920.0
47327600,42920.0
47204402,42920.0
48288400,42920.0
46955602,42920.0
44628202,42920.0
43847400,42920.0
41951203,42920.0
45559202,42920.0
45287202,42920.0
44617600,42920.0
48491001,42920.0
46374600,42920.0
42144802,42920.0
47632200,42920.0
45826600,42920.0
44082401,42920.0
44038803,42920.0
41855603,42920.0
46244801,42920.0
44377001,42920.0
49504402,42920.0
44081600,42920.0
44036402,42920.0
44028403,42920.0
48737600,42920.0
45851802,42920.0
42878600,42920.0
43339000,42920.0
44891203,42920.0
43016803,42920.0
43698203,42920.0
44903002,42920.0
42750000,42920.0
49925401,42920.0
43531802,42920.0
48210001,42920.0
49869000,42920.0
46307602,42920.0
45125603,42920.0
41378803,42920.0
45967201,42920.0
44953401,42920.0
45930400,42920.0
49397000,42920.0
44735603,42920.0
45210800,42920.0
40902400,42920.0
42373202,42920.0
45640202,42920.0
41827802,42920.0
47421402,42920.0
46748400,42920.0
41917602,42920.0
41089200,42920.0
41377800,42920.0
41648203,42920.0
46705602,42920.0
41015402,42920.0
42168200,42920.0
44076801,42920.0
46300201,42920.0
47192002,42920.0
48925602,42920.0
46073600,42920.0
44930602,42920.0
49421001,42920.0
47118400,42920.0
49756600,42920.0
49025802,42920.0
41168200,42920.0
47472401,42920.0
45223400,42920.0
49093602,42920.0
48537400,42920.0
46127601,42920.0
43877802,42920.0
42237200,42920.0
45560601,42920.0
42619600,42920.0
49410200,42920.0
44494403,42920.0
46742200,42920.0
40858203,42920.0
44022600,42920.0
46344002,42920.0
40886403,42920.0
49352601,42920.0
46438200,42920.0
45591000,42920.0
44155800,42920.0
44470201,42920.0
42287203,42920.0
45193400,42920.0
46598000,42920.0
43210402,42920.0
44570403,42920.0
41246000,42920.0
41793003,42920.0
47626802,42920.0
49055802,42920.0
42676803,42920.0
45220201,42920.0
44014401,42920.0
41754203,42920.0
43922602,42920.0
45890000,42920.0
48971402,42920.0
44000400,42920.0
47993600,42920.0
41820402,42920.0
49119200,42920.0
49647202,42920.0
46019602,42920.0
44717801,42920.0
42514800,42920.0
48376000,42920.0
48001802,42920.0
41573603,42920.0
42445803,42920.0
49734601,42920.0
45228602,42920.0
47943001,42920.0
43701002,42920.0
48166002,42920.0
49444001,42920.0
41239203,42920.0
47161200,42920.0
43206202,42920.0
49770600,42920.0
45407803,42920.0
49051601,42920.0
41587600,42920.0
41889803,42920.0
45354803,42920.0
44257202,42920.0
48654201,42920.0
47641600,42920.0
46788402,42920.0
49331201,42920.0
48172602,42920.0
41228202,42920.0
43449402,42920.0
46163602,42920.0
42731002,42920.0
48492800,42920.0
46439200,42920.0
46500602,42920.0
44010203,42920.0
45160000,42920.0
49758202,42920.0
49184201,42920.0
49563201,42920.0
40978200,42920.0
47193400,42920.0
42802603,42920.0
44334201,42920.0
49917001,42920.0
49783201,42920.0
44569602,42920.0
48970001,42920.0
44771000,42920.0
45375602,42920.0
44884003,42920.0
46530202,42920.0
47303802,42920.0
47453800,42920.0
49113801,42920.0
46124400,42920.0
41829803,42920.0
46890201,42920.0
45526603,42920.0
41762200,42920.0
44296600,42920.0
41654202,42920.0
45320200,42920.0
47509201,42920.0
46703402,42920.0
47169401,42920.0
46312602,42920.0
45497803,42920.0
47312002,42920.0
45056800,42920.0
44416601,42920.0
48510400,42920.0
42527202,42920.0
41208000,42920.0
44050002,42920.0
48547000,42920.0
44130001,42920.0
41480003,42920.0
49114002,42920.0
41590203,42920.0
47526202,42920.0
44037801,42920.0
43050000,42920.0
45696201,42920.0
45957400,42920.0
41954400,42920.0
45904802,42920.0
44673201,42920.0
41011600,42920.0
44627001,42920.0
47749201,42920.0
41290603,42920.0
46483201,42920.0
42547802,42920.0
46585000,42920.0
43935003,42920.0
43271003,42920.0
48315200,42920.0
41512002,42920.0
47454201,42920.0
42471600,42920.0
46515800,42920.0
48405201,42920.0
47193201,42920.0
43710003,42920.0
48385001,42920.0
45626801,42920.0
41924402,42920.0
47539200,42920.0
44471800,42920.0
42617003,42920.0
45424202,42920.0
47493202,42920.0
46042000,42920.0
41241200,42920.0
46312402,42920.0
47842802,42920.0
45437401,42920.0
42467600,42920.0
41005802,42920.0
42924203,42920.0
47513600,42920.0
42897602,42920.0
44811400,42920.0
49241600,42920.0
47111400,42920.0
41134400,42920.0
49201201,42920.0
41234402,42920.0
48605600,42920.0
44597600,42920.0
43997403,42920.0
48058400,42920.0
43700602,42920.0
47093802,42920.0
42894602,42920.0
49475401,42920.0
44029400,42920.0
49876002,42920.0
44253600,42920.0
42190800,42920.0
47535201,42920.0
48735600,42920.0
43581002,42920.0
45149800,42920.0
46850602,42920.0
43520600,42920.0
41568802,42920.0
40949202,42920.0
44054801,42920.0
43917403,42920.0
46987201,42920.0
48318602,42920.0
41585800,42920.0
49833802,42920.0
45734803,42920.0
42653602,42920.0
46649802,42920.0
49161400,42920.0
47541001,42920.0
45698001,42920.0
46312802,42920.0
49776201,42920.0
43144000,42920.0
44377003,42920.0
47390600,42920.0
49269202,42920.0
42572003,42920.0
42223000,42920.0
44462000,42920.0
47965202,42920.0
44925001,42920.0
43672602,42920.0
46289001,42920.0
46938400,42920.0
48455000,42920.0
41647800,42920.0
44564803,42920.0
46699002,42920.0
41516802,42920.0
43926002,42920.0
48051801,42920.0
44591800,42920.0
48352202,42920.0
44532401,42920.0
40959203,42920.0
43586800,42920.0
49955001,42920.0
42274602,42920.0
44156600,42920.0
41262802,42920.0
42797003,42920.0
49426001,42920.0
44742802,42920.0
42319002,42920.0
44654802,42920.0
43092800,42920.0
45343603,42920.0
47205401,42920.0
47366801,42920.0
45894402,42920.0
43450603,42920.0
47399401,42920.0
40832203,42920.0
49209802,42920.0
48644202,42920.0
43684200,42920.0
45822801,42920.0
49574401,42920.0
43651200,42920.0
42376202,42920.0
47726801,42920.0
41603802,42920.0
47673202,42920.0
45119602,42920.0
41245400,42920.0
42152000,42920.0
43031402,42920.0
45183203,42920.0
41983000,42920.0
49740400,42920.0
42109602,42920.0
47030000,42920.0
48536600,42920.0
41903600,42920.0
42150002,42920.0
49515802,42920.0
47818600,42920.0
46764002,42920.0
41867003,42920.0
45377001,42920.0
48268201,42920.0
44707002,42920.0
44471003,42920.0
48073202,42920.0
42602803,42920.0
49509202,42920.0
46808201,42920.0
47146401,42920.0
45213600,42920.0
49777400,42920.0
45299601,42920.0
45933402,42920.0
42067002,42920.0
44222002,42920.0
41970800,42920.0
41531400,42920.0
45743801,42920.0
44523200,42920.0
43512002,42920.0
43739600,42920.0
43184802,42920.0
42781000,42920.0
44703800,42920.0
41756000,42920.0
44547603,42920.0
49437602,42920.0
41039203,42920.0
43720600,42920.0
45069401,42920.0
45752201,42920.0
45989201,42920.0
41098200,42920.0
49190601,42920.0
42302400,42920.0
44131603,42920.0
49630200,42920.0
40823002,42920.0
42407400,42920.0
45637402,42920.0
43856002,42920.0
43137202,42920.0
48866800,42920.0
42602603,42920.0
44205800,42920.0
46357001,42920.0
42562000,42920.0
44688401,42920.0
48325800,42920.0
45678403,42920.0
45977800,42920.0
41423600,42920.0
49546802,42920.0
45394001,42920.0
47429000,42920.0
49206402,42920.0
41012600,42920.0
49241001,42920.0
44633002,42920.0
45129001,42920.0
48767601,42920.0
44755603,42920.0
45421203,42920.0
46057402,42920.0
44739001,42920.0
47619001,42920.0
42760402,42920.0
43535002,42920.0
44932401,42920.0
46166801,42920.0
40952803,42920.0
41366202,42920.0
44630600,42920.0
41824003,42920.0
47686800,42920.0
48006801,42920.0
45182402,42920.0
42874202,42920.0
43004202,42920.0
48496800,42920.0
47717600,42920.0
44495801,42920.0
45287200,42920.0
45967000,42920.0
43655002,42920.0
47922802,42920.0
42594200,42920.0
42168402,42920.0
48949601,42920.0
49041401,42920.0
45665202,42920.0
43995201,42920.0
42399002,42920.0
44182000,42920.0
46556800,42920.0
44853802,42920.0
49046001,42920.0
44527200,42920.0
41818203,42920.0
42879602,42920.0
42957803,42920.0
45432200,42920.0
47972200,42920.0
43516803,42920.0
46459401,42920.0
47727400,42920.0
44494803,42920.0
49161600,42920.0
41956600,42920.0
43969603,42920.0
47284602,42920.0
42207602,42920.0
44821202,42920.0
43998201,42920.0
42181400,42920.0
47752200,42920.0
48566002,42920.0
46683001,42920.0
47089001,42920.0
41168603,42920.0
49898001,42920.0
41525202,42920.0
43322000,42920.0
43699203,42920.0
45518400,42920.0
46808401,42920.0
46430001,42920.0
47462002,42920.0
45233802,42920.0
43134600,42920.0
43921000,42920.0
44183000,42920.0
46252402,42920.0
45557801,42920.0
45535203,42920.0
46067400,42920.0
48341202,42920.0
48704600,42920.0
49176802,42920.0
46867002,42920.0
49199800,42920.0
48149602,42920.0
44737202,42920.0
40861600,42920.0
43987601,42920.0
45405202,42920.0
44907400,42920.0
41379602,42920.0
41774602,42920.0
44497000,42920.0
49529200,42920.0
47748600,42920.0
49370400,42920.0
45106000,42920.0
43422203,42920.0
42261403,42920.0
43189200,42920.0
44654601,42920.0
42041202,42920.0
48517601,42920.0
40844800,42920.0
47011600,42920.0
43237200,42920.0
41289400,42920.0
41294802,42920.0
44593402,42920.0
45058600,42920.0
44227401,42920.0
44672200,42920.0
41331600,42920.0
41713200,42920.0
47493000,42920.0
49100600,42920.0
48241802,42920.0
42498202,42920.0
45802400,42920.0
44355600,42920.0
44501603,42920.0
42145400,42920.0
47958400,42920.0
47157002,42920.0
40816600,42920.0
46801601,42920.0
44982601,42920.0
48909801,42920.0
44101201,42920.0
41258003,42920.0
46199801,42920.0
41727400,42920.0
44434801,42920.0
45182802,42920.0
43280603,42920.0
49779402,42920.0
45516003,42920.0
49884402,42920.0
48091400,42920.0
45822403,42920.0
49820600,42920.0
47120802,42920.0
46281600,42920.0
47688400,42920.0
47458602,42920.0
44728201,42920.0
46938002,42920.0
46063002,42920.0
42718602,42920.0
49105600,42920.0
48163202,42920.0
43977003,42920.0
46390201,42920.0
46353601,42920.0
44227602,42920.0
43392402,42920.0
42042203,42920.0
47298400,42920.0
46438802,42920.0
49775402,42920.0
46667001,42920.0
41250402,42920.0
46091602,42920.0
40961200,42920.0
45570802,42920.0
49898002,42920.0
49988201,42920.0
47483602,42920.0
49081201,42920.0
42807400,42920.0
41991200,42920.0
45317801,42920.0
45995000,42920.0
47211800,42920.0
45549800,42920.0
44648800,42920.0
42956602,42920.0
44279000,42920.0
45843603,42920.0
47949002,42920.0
41164603,42920.0
44178003,42920.0
41470400,42920.0
41992802,42920.0
45721401,42920.0
46522601,42920.0
45379602,42920.0
44694000,42920.0
48982600,42920.0
47825401,42920.0
44015400,42920.0
47739202,42920.0
46068400,42920.0
43827803,42920.0
44473402,42920.0
42094600,42920.0
45612000,42920.0
42171203,42920.0
49766800,42920.0
42018402,42920.0
48351002,42920.0
43021802,42920.0
41899000,42920.0
41358203,42920.0
42714603,42920.0
47579601,42920.0
45673200,42920.0
44648803,42920.0
48911002,42920.0
44008401,42920.0
42974800,42920.0
47531801,42920.0
44947000,42920.0
46412401,42920.0
48977801,42920.0
49366000,42920.0
45279402,42920.0
41533803,42920.0
47008802,42920.0
45669000,42920.0
47942202,42920.0
47914801,42920.0
46554202,42920.0
44926003,42920.0
41162402,42920.0
42697402,42920.0
43987801,42920.0
44667001,42920.0
47701601,42920.0
46713000,42920.0
49037201,42920.0
44977600,42920.0
41616203,42920.0
45057203,42920.0
41478202,42920.0
45556401,42920.0
41105003,42920.0
45265600,42920.0
44225600,42920.0
48284402,42920.0
43802603,42920.0
44257601,42920.0
43174400,42920.0
48204800,42920.0
40991203,42920.0
49671801,42920.0
41612403,42920.0
49281001,42920.0
44861403,42920.0
43185000,42920.0
48393200,42920.0
47773200,42920.0
45848800,42920.0
49077202,42920.0
48949802,42920.0
42767400,42920.0
43251403,42920.0
49728800,42920.0
48396202,42920.0
49384001,42920.0
49501400,42920.0
45122801,42920.0
41600002,42920.0
44809402,42920.0
41677203,42920.0
44623801,42920.0
46871600,42920.0
49516800,42920.0
41719403,42920.0
41162002,42920.0
41533802,42920.0
47982400,42920.0
45732000,42920.0
42086003,42920.0
44345401,42920.0
43408002,42920.0
48766801,42920.0
42098202,42920.0
48327600,42920.0
42533800,42920.0
47551400,42920.0
45990200,42920.0
45553001,42920.0
45475000,42920.0
48110802,42920.0
49141400,42920.0
44163803,42920.0
46703202,42920.0
46627002,42920.0
47029600,42920.0
45391202,42920.0
46178802,42920.0
40815602,42920.0
42287602,42920.0
48684602,42920.0
47632402,42920.0
46962801,42920.0
41659400,42920.0
41675800,42920.0
49555200,42920.0
45635401,42920.0
45122202,42920.0
44873801,42920.0
43749403,42920.0
48997000,42920.0
45951400,42920.0
45705000,42920.0
41882600,42920.0
41502200,42920.0
44363203,42920.0
49673200,42920.0
41985000,42920.0
49674602,42920.0
45620402,42920.0
49440001,42920.0
44015800,42920.0
49354801,42920.0
46509801,42920.0
48188200,42920.0
47602402,42920.0
43736800,42920.0
46073801,42920.0
45454803,42920.0
46185801,42920.0
44352400,42920.0
49088001,42920.0
47835002,42920.0
48617400,42920.0
44290803,42920.0
40985003,42920.0
41017200,42920.0
44388201,42920.0
42501002,42920.0
41183000,42920.0
47765802,42920.0
45775402,42920.0
45642203,42920.0
49492401,42920.0
43240000,42920.0
41696003,42920.0
44280402,42920.0
43276002,42920.0
47173401,42920.0
49329801,42920.0
41589002,42920.0
49688800,42920.0
48600600,42920.0
45040602,42920.0
44244400,42920.0
45086801,42920.0
46096402,42920.0
44732200,42920.0
44209000,42920.0
46280602,42920.0
46186800,42920.0
46155601,42920.0
49509602,42920.0
46703601,42920.0
49337401,42920.0
49289600,42920.0
48033801,42920.0
49781800,42920.0
47330601,42920.0
43981803,42920.0
49854202,42920.0
47685602,42920.0
47502602,42920.0
45256603,42920.0
43993403,42920.0
43788203,42920.0
41549602,42920.0
49313601,42920.0
48383201,42920.0
48390202,42920.0
46120601,42920.0
42287003,42920.0
40917400,42920.0
41271800,42920.0
41043603,42920.0
49910400,42920.0
44336800,42920.0
48404802,42920.0
41205000,42920.0
47315402,42920.0
44301801,42920.0
41690200,42920.0
47230001,42920.0
45635603,42920.0
48102600,42920.0
44248201,42920.0
43570603,42920.0
42324200,42920.0
42953000,42920.0
43368402,42920.0
47554201,42920.0
42728200,42920.0
48856200,42920.0
47987002,42920.0
47473000,42920.0
47311802,42920.0
47338401,42920.0
43163602,42920.0
43541202,42920.0
49725601,42920.0
45971200,42920.0
49199601,42920.0
43072002,42920.0
49138602,42920.0
45985002,42920.0
40844003,42920.0
49181200,42920.0
44847000,42920.0
43262603,42920.0
45123400,42920.0
48279201,42920.0
45445200,42920.0
44508600,42920.0
41123403,42920.0
42890603,42920.0
48557401,42920.0
46891802,42920.0
46840201,42920.0
48875401,42920.0
48180202,42920.0
48978400,42920.0
42030603,42920.0
45852201,42920.0
43254000,42920.0
41800202,42920.0
43078403,42920.0
43621603,42920.0
49688602,42920.0
43717003,42920.0
46244202,42920.0
49812600,42920.0
42616400,42920.0
49821201,42920.0
42189200,42920.0
42062402,42920.0
44743400,42920.0
41051400,42920.0
47483801,42920.0
44090203,42920.0
42316603,42920.0
49872400,42920.0
45940601,42920.0
45420801,42920.0
43158802,42920.0
49772200,42920.0
43353402,42920.0
44114602,42920.0
48399001,42920.0
45179600,42920.0
46173801,42920.0
47211200,42920.0
43985801,42920.0
47086401,42920.0
44503800,42920.0
48549401,42920.0
42857603,42920.0
41574000,42920.0
40870400,42920.0
45195400,42920.0
45991801,42920.0
45597000,42920.0
44174203,42920.0
49474401,42920.0
41155203,42920.0
44533800,42920.0
44683200,42920.0
41536200,42920.0
41453602,42920.0
44741401,42920.0
44520200,42920.0
43422200,42920.0
47874200,42920.0
45856003,42920.0
41268603,42920.0
43758203,42920.0
44956400,42920.0
48738402,42920.0
48905202,42920.0
45104602,42920.0
46443601,42920.0
48582001,42920.0
46948200,42920.0
49460002,42920.0
46848202,42920.0
42885400,42920.0
44496600,42920.0
46666001,42920.0
47995002,42920.0
44729200,42920.0
43272603,42920.0
46485800,42920.0
47740000,42920.0
48883400,42920.0
46077402,42920.0
48578801,42920.0
46735602,42920.0
42979600,42920.0
43592203,42920.0
49636200,42920.0
46291401,42920.0
45327603,42920.0
45210601,42920.0
41223403,42920.0
42569600,42920.0
45135802,42920.0
46696002,42920.0
41485603,42920.0
43380403,42920.0
49210200,42920.0
44721803,42920.0
41417400,42920.0
41957602,42920.0
43050200,42920.0
42921403,42920.0
42419403,42920.0
44547003,42920.0
45730203,42920.0
48310200,42920.0
48959602,42920.0
42925600,42920.0
49748401,42920.0
46871001,42920.0
47309801,42920.0
43804403,42920.0
47556401,42920.0
48102202,42920.0
44477400,42920.0
45777601,42920.0
49281602,42920.0
44872803,42920.0
45085803,42920.0
45428403,42920.0
44468002,42920.0
43671403,42920.0
45396401,42920.0
45501000,42920.0
49415402,42920.0
45087403,42920.0
45050800,42920.0
45528201,42920.0
46824201,42920.0
45260003,42920.0
45669400,42920.0
47106402,42920.0
49188002,42920.0
49542402,42920.0
46516402,42920.0
45471801,42920.0
48565200,42920.0
48014001,42920.0
44379800,42920.0
43472800,42920.0
49745800,42920.0
43417602,42920.0
41255002,42920.0
47218202,42920.0
43174003,42920.0
40990600,42920.0
45203403,42920.0
46472200,42920.0
42473402,42920.0
49321001,42920.0
41624200,42920.0
45180400,42920.0
42941000,42920.0
44929000,42920.0
45689000,42920.0
41579002,42920.0
47128800,42920.0
41386400,42920.0
49934200,42920.0
45527801,42920.0
48481802,42920.0
44859400,42920.0
45341200,42920.0
41407403,42920.0
48396002,42920.0
44073202,42920.0
45933000,42920.0
47666202,42920.0
47989601,42920.0
43828203,42920.0
48569601,42920.0
44974402,42920.0
49992400,42920.0
46199400,42920.0
48040400,42920.0
46331001,42920.0
44628401,42920.0
47162800,42920.0
48176601,42920.0
45826803,42920.0
43907001,42920.0
49157401,42920.0
46241001,42920.0
44401602,42920.0
47061200,42920.0
48812200,42920.0
40842202,42920.0
46095600,42920.0
44689202,42920.0
47429001,42920.0
40846003,42920.0
46442402,42920.0
49265202,42920.0
41954003,42920.0
47318601,42920.0
41940003,42920.0
49205200,42920.0
49772402,42920.0
41191203,42920.0
40802803,42920.0
45884200,42920.0
44530000,42920.0
47808200,42920.0
45263001,42920.0
41152803,42920.0
43685203,42920.0
42459200,42920.0
44988203,42920.0
43658802,42920.0
45067002,42920.0
47704200,42920.0
47812602,42920.0
44467002,42920.0
44105000,42920.0
44986001,42920.0
49759202,42920.0
47072201,42920.0
44492402,42920.0
42842002,42920.0
48793801,42920.0
48482202,42920.0
43803403,42920.0
49902000,42920.0
43988200,42920.0
41112200,42920.0
43283000,42920.0
40955400,42920.0
44212201,42920.0
49695601,42920.0
47530601,42920.0
45485003,42920.0
43603200,42920.0
47652800,42920.0
46698800,42920.0
42737800,42920.0
43252603,42920.0
42346802,42920.0
45194802,42920.0
47878601,42920.0
42406600,42920.0
46078800,42920.0
49152800,42920.0
48912802,42920.0
41298603,42920.0
47199201,42920.0
43574200,42920.0
45385403,42920.0
42257000,42920.0
45236201,42920.0
42809403,42920.0
41754400,42920.0
45826603,42920.0
49916802,42920.0
48963600,42920.0
47021002,42920.0
44046002,42920.0
46799800,42920.0
42252200,42920.0
41243203,42920.0
46642800,42920.0
43641803,42920.0
45846801,42920.0
48910602,42920.0
44646803,42920.0
43984203,42920.0
48752402,42920.0
44605801,42920.0
42082003,42920.0
49225201,42920.0
43718203,42920.0
49498201,42920.0
43315400,42920.0
48592601,42920.0
48834600,42920.0
41182603,42920.0
47051402,42920.0
46370000,42920.0
41977402,42920.0
41843000,42920.0
41680403,42920.0
42337002,42920.0
44710600,42920.0
43717803,42920.0
46096002,42920.0
44360002,42920.0
41301800,42920.0
46099601,42920.0
41899003,42920.0
41579603,42920.0
45545401,42920.0
43797603,42920.0
48651400,42920.0
46339801,42920.0
49563802,42920.0
41737403,42920.0
49412601,42920.0
42385203,42920.0
44005800,42920.0
47054001,42920.0
47189601,42920.0
42545202,42920.0
44679802,42920.0
46519201,42920.0
44145600,42920.0
45703201,42920.0
42572203,42920.0
41749202,42920.0
47927401,42920.0
46485401,42920.0
44592402,42920.0
43269402,42920.0
43073400,42920.0
45257403,42920.0
43244602,42920.0
47368600,42920.0
49142602,42920.0
46021800,42920.0
48357402,42920.0
46165402,42920.0
48580202,42920.0
43043602,42920.0
41720803,42920.0
42909403,42920.0
44205803,42920.0
48367801,42920.0
47542002,42920.0
45054801,42920.0
44848802,42920.0
48686000,42920.0
44942200,42920.0
47784601,42920.0
45478603,42920.0
46361802,42920.0
48104000,42920.0
42724002,42920.0
41341400,42920.0
46820200,42920.0
40902603,42920.0
45567603,42920.0
45787802,42920.0
47787600,42920.0
42025400,42920.0
46374801,42920.0
47668802,42920.0
45948202,42920.0
43437400,42920.0
48057000,42920.0
45482600,42920.0
44991000,42920.0
46669600,42920.0
49630202,42920.0
41122003,42920.0
49677000,42920.0
43444803,42920.0
49516602,42920.0
43926200,42920.0
41175603,42920.0
48479400,42920.0
42791202,42920.0
47317601,42920.0
45098401,42920.0
46423801,42920.0
44687202,42920.0
46649201,42920.0
42810002,42920.0
41266603,42920.0
42008400,42920.0
48747600,42920.0
44208401,42920.0
45153601,42920.0
45344001,42920.0
43302200,42920.0
42631002,42920.0
43955203,42920.0
44435201,42920.0
42010400,42920.0
41465403,42920.0
46280801,42920.0
48375800,42920.0
41263003,42920.0
41216800,42920.0
46809800,42920.0
46411002,42920.0
45143803,42920.0
43225402,42920.0
48974602,42920.0
46479602,42920.0
45608803,42920.0
45310001,42920.0
44693802,42920.0
43320202,42920.0
44651600,42920.0
47054600,42920.0
43158203,42920.0
41798202,42920.0
43802002,42920.0
41205602,42920.0
42450402,42920.0
44912000,42920.0
41218403,42920.0
46982801,42920.0
49494401,42920.0
49194401,42920.0
47532601,42920.0
47631602,42920.0
49986400,42920.0
46570201,42920.0
43866400,42920.0
40999403,42920.0
46414401,42920.0
41124202,42920.0
48720602,42920.0
42539803,42920.0
42808802,42920.0
43856000,42920.0
48838802,42920.0
45327003,42920.0
48421602,42920.0
44047402,42920.0
43681402,42920.0
47273802,42920.0
41810400,42920.0
45109400,42920.0
46791202,42920.0
42960602,42920.0
44259003,42920.0
41044002,42920.0
40996200,42920.0
42454203,42920.0
44858001,42920.0
48864001,42920.0
47309000,42920.0
44876600,42920.0
41677600,42920.0
48640800,42920.0
48771202,42920.0
47502400,42920.0
46174401,42920.0
48699002,42920.0
47669001,42920.0
42686600,42920.0
43884000,42920.0
42272400,42920.0
46177800,42920.0
45840601,42920.0
48255401,42920.0
41631000,42920.0
41865800,42920.0
49948802,42920.0
44875603,42920.0
43576600,42920.0
47433001,42920.0
48343002,42920.0
46344201,42920.0
42997602,42920.0
48745000,42920.0
48694602,42920.0
48763801,42920.0
47470001,42920.0
43183602,42920.0
48288000,42920.0
41619803,42920.0
48067401,42920.0
45103602,42920.0
46019400,42920.0
43129402,42920.0
47221002,42920.0
46537601,42920.0
42425402,42920.0
47085602,42920.0
47374400,42920.0
44868001,42920.0
43766800,42920.0
48402000,42920.0
41435202,42920.0
48899002,42920.0
49027202,42920.0
48590602,42920.0
47810402,42920.0
49989600,42920.0
48490802,42920.0
49885600,42920.0
49312802,42920.0
46046400,42920.0
47112600,42920.0
48005202,42920.0
48448202,42920.0
48367601,42920.0
45108800,42920.0
48596601,42920.0
45564402,42920.0
43804400,42920.0
41726003,42920.0
43605800,42920.0
47332400,42920.0
47823202,42920.0
49283002,42920.0
44738200,42920.0
41631602,42920.0
46790401,42920.0
45462201,42920.0
46075002,42920.0
46430802,42920.0
44119001,42920.0
45513601,42920.0
47487002,42920.0
47777002,42920.0
49833000,42920.0
45809203,42920.0
43165800,42920.0
49344601,42920.0
42394803,42920.0
48813801,42920.0
42928400,42920.0
42113203,42920.0
45730001,42920.0
48487200,42920.0
41048800,42920.0
44955401,42920.0
45207602,42920.0
48976002,42920.0
49399201,42920.0
49686201,42920.0
44632402,42920.0
47717801,42920.0
45117600,42920.0
44317200,42920.0
46863801,42920.0
48527802,42920.0
47215801,42920.0
46971802,42920.0
48499201,42920.0
41116802,42920.0
45407400,42920.0
44919003,42920.0
45251003,42920.0
42969402,42920.0
45530201,42920.0
41890200,42920.0
43280202,42920.0
48873401,42920.0
42401203,42920.0
48049802,42920.0
49214402,42920.0
40975802,42920.0
46541401,42920.0
46291402,42920.0
45687803,42920.0
45739601,42920.0
42753802,42920.0
43874801,42920.0
45159202,42920.0
49124000,42920.0
47058400,42920.0
41569003,42920.0
42199600,42920.0
41139203,42920.0
41618203,42920.0
44095803,42920.0
43911001,42920.0
46945801,42920.0
42382000,42920.0
44186000,42920.0
48110200,42920.0
45234003,42920.0
47119600,42920.0
49938001,42920.0
45640803,42920.0
40818403,42920.0
49266001,42920.0
42531202,42920.0
46239401,42920.0
49125001,42920.0
48080001,42920.0
44871801,42920.0
48124600,42920.0
44681401,42920.0
46016001,42920.0
43562202,42920.0
42726002,42920.0
49901200,42920.0
45342001,42920.0
42732403,42920.0
46811400,42920.0
41539202,42920.0
41705800,42920.0
48125000,42920.0
43866200,42920.0
44967801,42920.0
41130603,42920.0
45492602,42920.0
45060201,42920.0
44412002,42920.0
48936400,42920.0
46573801,42920.0
42989402,42920.0
42972000,42920.0
41804800,42920.0
46738601,42920.0
44505603,42920.0
41959002,42920.0
46031401,42920.0
42857402,42920.0
41200802,42920.0
40832400,42920.0
41879600,42920.0
45285202,42920.0
47001600,42920.0
47956801,42920.0
46835801,42920.0
47742801,42920.0
46417002,42920.0
44665801,42920.0
46210800,42920.0
43918002,42920.0
45463403,42920.0
48163400,42920.0
41302800,42920.0
41662000,42920.0
44369801,42920.0
44210401,42920.0
47270601,42920.0
44644201,42920.0
43106802,42920.0
41443400,42920.0
48857801,42920.0
49259600,42920.0
46061800,42920.0
46273602,42920.0
46603000,42920.0
45534000,42920.0
42918203,42920.0
41882203,42920.0
44773801,42920.0
41124003,42920.0
44928200,42920.0
40942402,42920.0
43722603,42920.0
44879402,42920.0
45532601,42920.0
42678002,42920.0
44819401,42920.0
46187600,42920.0
46476000,42920.0
49363202,42920.0
44942603,42920.0
43109403,42920.0
44894201,42920.0
41669600,42920.0
41432002,42920.0
44763603,42920.0
42689803,42920.0
49490601,42920.0
45781802,42920.0
41129402,42920.0
47859400,42920.0
41874800,42920.0
41639600,42920.0
44906001,42920.0
41230602,42920.0
43163200,42920.0
48397401,42920.0
42660400,42920.0
44840003,42920.0
44136200,42920.0
45051003,42920.0
49432201,42920.0
45158201,42920.0
43527602,42920.0
41645603,42920.0
45459002,42920.0
45823201,42920.0
43892201,42920.0
44414002,42920.0
49182401,42920.0
46959801,42920.0
45762600,42920.0
46027800,42920.0
45199403,42920.0
43726400,42920.0
45059000,42920.0
42058600,42920.0
45371203,42920.0
45823602,42920.0
41937002,42920.0
41230000,42920.0
46731201,42920.0
42236803,42920.0
44586602,42920.0
43126000,42920.0
42408003,42920.0
46366001,42920.0
43658803,42920.0
45447803,42920.0
44779003,42920.0
45707203,42920.0
43185003,42920.0
47581202,42920.0
49648002,42920.0
44552802,42920.0
44044200,42920.0
41168203,42920.0
46222201,42920.0
41848200,42920.0
45419201,42920.0
49392600,42920.0
44072001,42920.0
43266600,42920.0
42905003,42920.0
46704402,42920.0
48826602,42920.0
46194602,42920.0
44298603,42920.0
46038400,42920.0
47601602,42920.0
49671601,42920.0
48166401,42920.0
41073802,42920.0
47154001,42920.0
43418403,42920.0
44016202,42920.0
42641000,42920.0
49699201,42920.0
44050800,42920.0
46864201,42920.0
44881802,42920.0
44281002,42920.0
47891601,42920.0
46816802,42920.0
41757802,42920.0
44686800,42920.0
42479002,42920.0
47292001,42920.0
47794602,42920.0
43784203,42920.0
49099800,42920.0
49860802,42920.0
46059601,42920.0
45567802,42920.0
45694801,42920.0
47988201,42920.0
43992202,42920.0
41565600,42920.0
40874002,42920.0
41667800,42920.0
42373603,42920.0
45625602,42920.0
49043000,42920.0
45223401,42920.0
46642602,42920.0
49064002,42920.0
48835601,42920.0
49658001,42920.0
49597402,42920.0
48782202,42920.0
47897800,42920.0
45789203,42920.0
45257602,42920.0
43378002,42920.0
46381601,42920.0
42855000,42920.0
43336800,42920.0
46829600,42920.0
41003202,42920.0
49703602,42920.0
46465601,42920.0
47472402,42920.0
46115602,42920.0
49616001,42920.0
45302603,42920.0
46008400,42920.0
40912402,42920.0
41034400,42920.0
44860201,42920.0
48920202,42920.0
43957601,42920.0
45529003,42920.0
49542601,42920.0
41941000,42920.0
48206001,42920.0
42144602,42920.0
45342800,42920.0
44613003,42920.0
44821603,42920.0
44402202,42920.0
40806600,42920.0
47492201,42920.0
45334000,42920.0
45308803,42920.0
49847000,42920.0
42305002,42920.0
45815800,42920.0
44534002,42920.0
45079801,42920.0
41589802,42920.0
41868402,42920.0
43405803,42920.0
47396602,42920.0
44973802,42920.0
49303801,42920.0
44637801,42920.0
49156202,42920.0
42641403,42920.0
46662802,42920.0
41143800,42920.0
42798203,42920.0
47762602,42920.0
42394203,42920.0
42983803,42920.0
45637400,42920.0
44545400,42920.0
43945003,42920.0
44001403,42920.0
42093803,42920.0
41940402,42920.0
43172003,42920.0
45495402,42920.0
46339600,42920.0
41259402,42920.0
46560000,42920.0
47104400,42920.0
47746801,42920.0
45333003,42920.0
46638801,42920.0
44364203,42920.0
44580803,42920.0
44433601,42920.0
43338203,42920.0
43029800,42920.0
48824000,42920.0
41947003,42920.0
42641603,42920.0
46228200,42920.0
41690202,42920.0
45946401,42920.0
45866202,42920.0
49736000,42920.0
42826000,42920.0
49904200,42920.0
48453400,42920.0
45063401,42920.0
41267403,42920.0
47041400,42920.0
43984400,42920.0
41789403,42920.0
41209803,42920.0
43948402,42920.0
46394002,42920.0
46722202,42920.0
48814401,42920.0
45655601,42920.0
43307402,42920.0
46469801,42920.0
49163000,42920.0
44027601,42920.0
48967202,42920.0
41938800,42920.0
49348401,42920.0
41369203,42920.0
42526002,42920.0
49470401,42920.0
44401801,42920.0
48093002,42920.0
47241002,42920.0
47722602,42920.0
45286803,42920.0
41975000,42920.0
49451202,42920.0
43016602,42920.0
44265402,42920.0
49362202,42920.0
47967600,42920.0
47514002,42920.0
42592603,42920.0
47448401,42920.0
45238603,42920.0
44937402,42920.0
49754200,42920.0
46284001,42920.0
44877002,42920.0
46662401,42920.0
44331601,42920.0
44700402,42920.0
41848400,42920.0
45670802,42920.0
45322803,42920.0
48233602,42920.0
41873000,42920.0
47223202,42920.0
44212600,42920.0
45385402,42920.0
45879201,42920.0
44745001,42920.0
47106002,42920.0
48628400,42920.0
46362601,42920.0
45432801,42920.0
42875602,42920.0
41082000,42920.0
49163202,42920.0
46379401,42920.0
44942002,42920.0
44951803,42920.0
41987602,42920.0
41494600,42920.0
49516402,42920.0
41299403,42920.0
42143202,42920.0
42622203,42920.0
49211200,42920.0
43145000,42920.0
45269602,42920.0
48213001,42920.0
48237002,42920.0
44302002,42920.0
41968402,42920.0
48589402,42920.0
47712001,42920.0
47918600,42920.0
47895601,42920.0
44710400,42920.0
47322002,42920.0
46543202,42920.0
45444400,42920.0
49509402,42920.0
44420603,42920.0
47630000,42920.0
41298800,42920.0
48380601,42920.0
49091402,42920.0
48995802,42920.0
42116202,42920.0
47130201,42920.0
43153603,42920.0
44551601,42920.0
46927202,42920.0
45237803,42920.0
46679602,42920.0
47841201,42920.0
45723602,42920.0
45485802,42920.0
46894002,42920.0
47264401,42920.0
44586201,42920.0
48511401,42920.0
42839800,42920.0
42204402,42920.0
43682600,42920.0
49305200,42920.0
46078000,42920.0
41351402,42920.0
43027203,42920.0
45747202,42920.0
42840802,42920.0
45232800,42920.0
48691601,42920.0
45218201,42920.0
49326000,42920.0
46261802,42920.0
49238801,42920.0
44301803,42920.0
40911803,42920.0
44046001,42920.0
40974603,42920.0
48776400,42920.0
44228603,42920.0
47258002,42920.0
45572203,42920.0
48966602,42920.0
42322200,42920.0
42808400,42920.0
41230603,42920.0
45187202,42920.0
47569000,42920.0
48603802,42920.0
44849601,42920.0
41926000,42920.0
41780002,42920.0
44043802,42920.0
44454801,42920.0
47527001,42920.0
43660603,42920.0
48853202,42920.0
41122800,42920.0
42326202,42920.0
42266402,42920.0
49573601,42920.0
45296000,42920.0
42834803,42920.0
40911202,42920.0
41131203,42920.0
43102800,42920.0
45640002,42920.0
48676201,42920.0
48263400,42920.0
45772403,42920.0
44474803,42920.0
49664800,42920.0
41239800,42920.0
43337402,42920.0
46664801,42920.0
48826800,42920.0
41630200,42920.0
47038200,42920.0
44742403,42920.0
45555600,42920.0
48230602,42920.0
43260203,42920.0
43089003,42920.0
42743600,42920.0
47870201,42920.0
48103601,42920.0
48555802,42920.0
43570402,42920.0
43080400,42920.0
43768003,42920.0
41988403,42920.0
45505003,42920.0
44629600,42920.0
43345802,42920.0
42120200,42920.0
44954003,42920.0
41284002,42920.0
45312203,42920.0
48227201,42920.0
46876202,42920.0
49526200,42920.0
45518600,42920.0
48210602,42920.0
48992601,42920.0
41124600,42920.0
46928602,42920.0
43001400,42920.0
45151401,42920.0
41490200,42920.0
44124201,42920.0
49488200,42920.0
45453802,42920.0
48321602,42920.0
49644400,42920.0
43912002,42920.0
47219600,42920.0
45085200,42920.0
48398002,42920.0
47015000,42920.0
43152403,42920.0
47329001,42920.0
47860001,42920.0
47550402,42920.0
43581203,42920.0
49304601,42920.0
43325403,42920.0
44242603,42920.0
46257801,42920.0
45765600,42920.0
44405200,42920.0
45756201,42920.0
41864603,42920.0
41772002,42920.0
44421003,42920.0
41730003,42920.0
42991203,42920.0
43587603,42920.0
48802801,42920.0
47319002,42920.0
49695400,42920.0
45895201,42920.0
49470601,42920.0
46602001,42920.0
41312402,42920.0
44261202,42920.0
49438001,42920.0
41816600,42920.0
44672202,42920.0
47109202,42920.0
41388602,42920.0
45522800,42920.0
48207202,42920.0
46893201,42920.0
41439003,42920.0
45510002,42920.0
48330402,42920.0
44976802,42920.0
45366403,42920.0
46120002,42920.0
46922600,42920.0
47879400,42920.0
42717200,42920.0
48105200,42920.0
41343600,42920.0
41760403,42920.0
47231801,42920.0
47856402,42920.0
46131602,42920.0
44509603,42920.0
48548800,42920.0
45373402,42920.0
49779200,42920.0
49638402,42920.0
49756601,42920.0
48735800,42920.0
41144003,42920.0
42584600,42920.0
44491601,42920.0
41437602,42920.0
41981200,42920.0
47641202,42920.0
41030802,42920.0
46188202,42920.0
43867203,42920.0
45144602,42920.0
48738002,42920.0
41228003,42920.0
48322402,42920.0
45634803,42920.0
47541600,42920.0
46886802,42920.0
47780202,42920.0
47709401,42920.0
46169801,42920.0
45793803,42920.0
45647801,42920.0
45205801,42920.0
45424001,42920.0
42797002,42920.0
44372201,42920.0
46728402,42920.0
43490403,42920.0
43183800,42920.0
44349400,42920.0
49444401,42920.0
41671203,42920.0
42240403,42920.0
43414200,42920.0
48435202,42920.0
46080001,42920.0
43451802,42920.0
45380803,42920.0
44188400,42920.0
44310000,42920.0
47831601,42920.0
42425400,42920.0
41815003,42920.0
43218800,42920.0
42720203,42920.0
41862203,42920.0
41093800,42920.0
49074200,42920.0
46368401,42920.0
45828402,42920.0
44240202,42920.0
41021400,42920.0
47557401,42920.0
43565000,42920.0
44194800,42920.0
44055801,42920.0
48539600,42920.0
49816402,42920.0
45328601,42920.0
45976202,42920.0
44338001,42920.0
44488001,42920.0
47981401,42920.0
41499203,42920.0
46900801,42920.0
41834002,42920.0
48962401,42920.0
42145403,42920.0
47715002,42920.0
45337603,42920.0
47018800,42920.0
46193600,42920.0
46988402,42920.0
46770602,42920.0
41599003,42920.0
44523400,42920.0
45350200,42920.0
40835400,42920.0
43413202,42920.0
43670400,42920.0
49193600,42920.0
49426400,42920.0
48753200,42920.0
44208402,42920.0
46759401,42920.0
46194001,42920.0
41015602,42920.0
45258801,42920.0
46847200,42920.0
46641801,42920.0
45590802,42920.0
48222800,42920.0
49097802,42920.0
43107200,42920.0
43929203,42920.0
49685800,42920.0
49207601,42920.0
46980601,42920.0
40914800,42920.0
48994602,42920.0
49968001,42920.0
45712601,42920.0
45835202,42920.0
46637000,42920.0
43853603,42920.0
45559403,42920.0
46939801,42920.0
41826203,42920.0
41257000,42920.0
45602003,42920.0
49537801,42920.0
44175401,42920.0
45570002,42920.0
46788200,42920.0
44399800,42920.0
42577403,42920.0
46732200,42920.0
43975803,42920.0
40869200,42920.0
49616400,42920.0
41572600,42920.0
44486203,42920.0
44866800,42920.0
42536003,42920.0
41741803,42920.0
47383600,42920.0
41849203,42920.0
44564801,42920.0
47568000,42920.0
47370401,42920.0
43239203,42920.0
42390800,42920.0
44604202,42920.0
42329402,42920.0
42006803,42920.0
46250600,42920.0
45178400,42920.0
42116000,42920.0
40989203,42920.0
46279802,42920.0
45538803,42920.0
47938602,42920.0
43658603,42920.0
43022200,42920.0
49353801,42920.0
45128201,42920.0
43975201,42920.0
42488003,42920.0
46559601,42920.0
46554600,42920.0
44051800,42920.0
48197200,42920.0
41467800,42920.0
44073601,42920.0
42481603,42920.0
47145401,42920.0
41736400,42920.0
46400202,42920.0
41378402,42920.0
45484603,42920.0
44248001,42920.0
44888601,42920.0
49326601,42920.0
48406002,42920.0
49747202,42920.0
47233202,42920.0
48750200,42920.0
44085801,42920.0
44497802,42920.0
44593803,42920.0
45171200,42920.0
44608401,42920.0
45988802,42920.0
46875400,42920.0
44383603,42920.0
43745802,42920.0
40811602,42920.0
48434801,42920.0
47203201,42920.0
41459803,42920.0
44087001,42920.0
44549602,42920.0
44995402,42920.0
48885002,42920.0
48443001,42920.0
45462801,42920.0
45598803,42920.0
49057600,42920.0
44506202,42920.0
42883202,42920.0
48435602,42920.0
46436000,42920.0
44116803,42920.0
43145202,42920.0
44746600,42920.0
46239801,42920.0
46305800,42920.0
48316602,42920.0
45511203,42920.0
42472803,42920.0
45472403,42920.0
43062400,42920.0
48471200,42920.0
41098002,42920.0
47516800,42920.0
41274203,42920.0
49772202,42920.0
42536402,42920.0
48845801,42920.0
43646402,42920.0
41264600,42920.0
48889402,42920.0
41728800,42920.0
46672200,42920.0
43465803,42920.0
44004202,42920.0
45091401,42920.0
45244400,42920.0
43493202,42920.0
46916601,42920.0
45100802,42920.0
42339402,42920.0
44651200,42920.0
44951003,42920.0
40881402,42920.0
47816002,42920.0
43146003,42920.0
47957401,42920.0
48177200,42920.0
47360400,42920.0
43923003,42920.0
44702802,42920.0
48045600,42920.0
45438402,42920.0
42667203,42920.0
47350800,42920.0
44276002,42920.0
41080202,42920.0
48076001,42920.0
45519003,42920.0
46706601,42920.0
49827002,42920.0
42755203,42920.0
45827601,42920.0
41174403,42920.0
44894002,42920.0
43602802,42920.0
43655403,42920.0
43325000,42920.0
45387603,42920.0
43064400,42920.0
44098201,42920.0
45690600,42920.0
49931202,42920.0
41382603,42920.0
45822401,42920.0
45710601,42920.0
43490202,42920.0
41690203,42920.0
46764601,42920.0
49725201,42920.0
46388802,42920.0
48494201,42920.0
42154800,42920.0
47140601,42920.0
46770400,42920.0
44248800,42920.0
44257203,42920.0
47576602,42920.0
46564800,42920.0
42826802,42920.0
45513801,42920.0
44024801,42920.0
41739000,42920.0
47293002,42920.0
41474000,42920.0
44780202,42920.0
45732603,42920.0
45090203,42920.0
44559802,42920.0
46963401,42920.0
47760002,42920.0
49662002,42920.0
44433003,42920.0
48715202,42920.0
41338800,42920.0
42235002,42920.0
45596602,42920.0
47425201,42920.0
42653202,42920.0
44063200,42920.0
45161802,42920.0
41696603,42920.0
45224601,42920.0
46968601,42920.0
47941601,42920.0
49508800,42920.0
41504803,42920.0
41824203,42920.0
46847601,42920.0
46771802,42920.0
44454602,42920.0
47546000,42920.0
43679402,42920.0
40864603,42920.0
44311001,42920.0
45227000,42920.0
47151400,42920.0
45256202,42920.0
41273402,42920.0
44091203,42920.0
49458600,42920.0
41236603,42920.0
49849601,42920.0
42939600,42920.0
44817003,42920.0
47668000,42920.0
42699000,42920.0
48006202,42920.0
44409800,42920.0
49103402,42920.0
48306800,42920.0
45648603,42920.0
49285201,42920.0
45416802,42920.0
47553402,42920.0
43374802,42920.0
42913003,42920.0
45715401,42920.0
43081400,42920.0
44843202,42920.0
46316801,42920.0
44547802,42920.0
42970802,42920.0
41901600,42920.0
43927803,42920.0
49735600,42920.0
48650401,42920.0
48995400,42920.0
49385001,42920.0
41282803,42920.0
41007603,42920.0
43884203,42920.0
47281600,42920.0
45902402,42920.0
43431600,42920.0
42691402,42920.0
43242600,42920.0
41665403,42920.0
49275801,42920.0
41453002,42920.0
48071802,42920.0
45786801,42920.0
49798201,42920.0
42155602,42920.0
48230601,42920.0
46331402,42920.0
44553203,42920.0
41323402,42920.0
43634402,42920.0
45694401,42920.0
43035003,42920.0
41336400,42920.0
47116002,42920.0
49008000,42920.0
46413600,42920.0
43624003,42920.0
44985603,42920.0
42291803,42920.0
46235401,42920.0
44412402,42920.0
48476202,42920.0
44461403,42920.0
41680802,42920.0
47224200,42920.0
42562202,42920.0
48683201,42920.0
47453601,42920.0
43356600,42920.0
47571400,42920.0
42849200,42920.0
43533402,42920.0
41939402,42920.0
47763200,42920.0
41958400,42920.0
41682803,42920.0
48545600,42920.0
41887603,42920.0
44040403,42920.0
49050001,42920.0
48116600,42920.0
44753201,42920.0
45242400,42920.0
49487202,42920.0
43812603,42920.0
48361200,42920.0
45649400,42920.0
46291400,42920.0
41169600,42920.0
49819801,42920.0
42034400,42920.0
49657002,42920.0
43879600,42920.0
44879803,42920.0
41191402,42920.0
45416801,42920.0
48026402,42920.0
47190602,42920.0
48943201,42920.0
43497402,42920.0
44301002,42920.0
42075603,42920.0
44683003,42920.0
48231200,42920.0
49788800,42920.0
47208200,42920.0
48917802,42920.0
44555200,42920.0
41159200,42920.0
49479600,42920.0
47831800,42920.0
43877400,42920.0
44067401,42920.0
41617402,42920.0
48996400,42920.0
47005201,42920.0
48993601,42920.0
47599200,42920.0
46476800,42920.0
48245602,42920.0
41281402,42920.0
44137400,42920.0
42528002,42920.0
41983002,42920.0
47488801,42920.0
45252203,42920.0
42572402,42920.0
42312002,42920.0
42527400,42920.0
44424202,42920.0
49427201,42920.0
42401802,42920.0
49220200,42920.0
44114200,42920.0
45240600,42920.0
46229001,42920.0
45073400,42920.0
43680800,42920.0
42911800,42920.0
47692401,42920.0
48868402,42920.0
47876202,42920.0
48225802,42920.0
48286601,42920.0
46064201,42920.0
41749002,42920.0
42191003,42920.0
44908603,42920.0
41246802,42920.0
47489202,42920.0
48451601,42920.0
46154402,42920.0
45140002,42920.0
43787000,42920.0
44349801,42920.0
44336202,42920.0
46014600,42920.0
48868802,42920.0
46500801,42920.0
45948001,42920.0
44410800,42920.0
49487001,42920.0
46238201,42920.0
47075002,42920.0
48061800,42920.0
42044600,42920.0
45170000,42920.0
43501802,42920.0
41319600,42920.0
44965202,42920.0
46023800,42920.0
41874003,42920.0
45231400,42920.0
46833602,42920.0
44373202,42920.0
46660202,42920.0
41308202,42920.0
45478400,42920.0
49407402,42920.0
45266403,42920.0
48132800,42920.0
44113602,42920.0
44367602,42920.0
45265202,42920.0
48435000,42920.0
46210802,42920.0
49739802,42920.0
49282402,42920.0
41559003,42920.0
41084200,42920.0
48172801,42920.0
42639403,42920.0
44146003,42920.0
41100403,42920.0
47961602,42920.0
44125203,42920.0
45157401,42920.0
47341801,42920.0
46249202,42920.0
40896802,42920.0
41904600,42920.0
48139802,42920.0
44938001,42920.0
45593000,42920.0
44640602,42920.0
44344202,42920.0
43126403,42920.0
42755403,42920.0
43414802,42920.0
45469603,42920.0
49171400,42920.0
41033200,42920.0
47874401,42920.0
44269603,42920.0
44887002,42920.0
41684403,42920.0
44791203,42920.0
48314800,42920.0
47456201,42920.0
41243002,42920.0
46700601,42920.0
46363402,42920.0
47989000,42920.0
47384802,42920.0
47636201,42920.0
44094403,42920.0
44359800,42920.0
44026001,42920.0
41695203,42920.0
41083803,42920.0
48790001,42920.0
49029002,42920.0
49837200,42920.0
42122602,42920.0
48202401,42920.0
41695600,42920.0
41956802,42920.0
40846203,42920.0
43229202,42920.0
48134202,42920.0
44738003,42920.0
42993003,42920.0
49820801,42920.0
47836001,42920.0
41251802,42920.0
47054802,42920.0
41600402,42920.0
42320600,42920.0
47142200,42920.0
45668602,42920.0
48090401,42920.0
48572600,42920.0
46824000,42920.0
41004003,42920.0
49624602,42920.0
46227802,42920.0
48041201,42920.0
43774603,42920.0
46722201,42920.0
44478002,42920.0
48016401,42920.0
43465000,42920.0
45866400,42920.0
45624000,42920.0
47824000,42920.0
41113803,42920.0
43856001,42920.0
40875803,42920.0
49309001,42920.0
44273001,42920.0
49252601,42920.0
42924403,42920.0
45646003,42920.0
42219803,42920.0
46513800,42920.0
48984002,42920.0
44422002,42920.0
41706803,42920.0
41722200,42920.0
44356602,42920.0
45317203,42920.0
48398601,42920.0
49448401,42920.0
45813002,42920.0
47824401,42920.0
43048600,42920.0
44324201,42920.0
40902800,42920.0
47286000,42920.0
45866802,42920.0
48975802,42920.0
44847403,42920.0
47880202,42920.0
43988600,42920.0
48910000,42920.0
49460202,42920.0
43868603,42920.0
48083402,42920.0
43366600,42920.0
41345202,42920.0
46887200,42920.0
48804801,42920.0
41720602,42920.0
46137001,42920.0
44711801,42920.0
46870801,42920.0
44011003,42920.0
48817602,42920.0
45221000,42920.0
43302203,42920.0
45917600,42920.0
45140201,42920.0
49970802,42920.0
45795201,42920.0
45944202,42920.0
42777402,42920.0
41581603,42920.0
44333002,42920.0
41903003,42920.0
43062000,42920.0
43273600,42920.0
46296600,42920.0
49112402,42920.0
41645600,42920.0
47772401,42920.0
46007202,42920.0
46888402,42920.0
44366803,42920.0
45304201,42920.0
47416400,42920.0
47335601,42920.0
47302802,42920.0
42623200,42920.0
49150202,42920.0
43405802,42920.0
49827602,42920.0
46904401,42920.0
45201600,42920.0
48395601,42920.0
43742402,42920.0
49547801,42920.0
42731803,42920.0
44753800,42920.0
48450001,42920.0
43102202,42920.0
44965602,42920.0
49464202,42920.0
48681201,42920.0
41212203,42920.0
46745001,42920.0
41788800,42920.0
46757600,42920.0
43943201,42920.0
45288203,42920.0
45994401,42920.0
46510401,42920.0
47124402,42920.0
47228602,42920.0
46568200,42920.0
42487000,42920.0
42395203,42920.0
46899402,42920.0
43672202,42920.0
49204200,42920.0
49904002,42920.0
40896203,42920.0
48642802,42920.0
45595201,42920.0
46476400,42920.0
44892601,42920.0
48397802,42920.0
45207400,42920.0
46758000,42920.0
45775802,42920.0
43734000,42920.0
47778202,42920.0
48780801,42920.0
42715603,42920.0
41166002,42920.0
43172602,42920.0
43513802,42920.0
44522201,42920.0
47914402,42920.0
41314803,42920.0
44209603,42920.0
44840803,42920.0
49313200,42920.0
47461002,42920.0
45320601,42920.0
42661602,42920.0
47981802,42920.0
43119402,42920.0
45374202,42920.0
44202203,42920.0
43507403,42920.0
48611600,42920.0
44078203,42920.0
44597800,42920.0
40913803,42920.0
45890602,42920.0
44578402,42920.0
49846001,42920.0
46856600,42920.0
48062002,42920.0
40927803,42920.0
49164802,42920.0
48310800,42920.0
42547000,42920.0
47180801,42920.0
44763200,42920.0
42386200,42920.0
42004800,42920.0
48995000,42920.0
45161603,42920.0
43552002,42920.0
46762002,42920.0
42961202,42920.0
47960601,42920.0
44431002,42920.0
46818800,42920.0
41716403,42920.0
49568600,42920.0
41842800,42920.0
48932400,42920.0
43273800,42920.0
46659002,42920.0
48593802,42920.0
45086203,42920.0
45151201,42920.0
49862800,42920.0
45489600,42920.0
43164402,42920.0
46299001,42920.0
47899800,42920.0
49935201,42920.0
44882803,42920.0
43980401,42920.0
43903802,42920.0
45873001,42920.0
40969802,42920.0
49050400,42920.0
44900203,42920.0
46409402,42920.0
45438600,42920.0
45105803,42920.0
42897603,42920.0
47660001,42920.0
41959200,42920.0
47417202,42920.0
48645001,42920.0
46215800,42920.0
41883403,42920.0
44837000,42920.0
49214401,42920.0
46566202,42920.0
47482002,42920.0
41142603,42920.0
46488601,42920.0
41914203,42920.0
44330401,42920.0
44089603,42920.0
43485003,42920.0
46339402,42920.0
48109602,42920.0
46489802,42920.0
44667400,42920.0
45819003,42920.0
43780403,42920.0
44474203,42920.0
49036202,42920.0
49548401,42920.0
40909802,42920.0
48934200,42920.0
43206802,42920.0
41263402,42920.0
45849001,42920.0
41967802,42920.0
41332203,42920.0
41906602,42920.0
41829403,42920.0
44331402,42920.0
41863000,42920.0
43632203,42920.0
46728400,42920.0
47941202,42920.0
44759600,42920.0
46811001,42920.0
44731603,42920.0
44312600,42920.0
49216001,42920.0
41888602,42920.0
41336203,42920.0
42466202,42920.0
47160201,42920.0
45265400,42920.0
48668001,42920.0
42822600,42920.0
48918401,42920.0
49960802,42920.0
46254202,42920.0
49615000,42920.0
48868201,42920.0
42894403,42920.0
46212602,42920.0
41960602,42920.0
42728602,42920.0
42571403,42920.0
41061200,42920.0
44085001,42920.0
44333800,42920.0
46312800,42920.0
46872200,42920.0
46744602,42920.0
48361800,42920.0
42480803,42920.0
44417003,42920.0
49843601,42920.0
45379401,42920.0
47814201,42920.0
43951002,42920.0
41212803,42920.0
46258001,42920.0
44845402,42920.0
45147601,42920.0
49585000,42920.0
41229600,42920.0
43458202,42920.0
46679002,42920.0
43792403,42920.0
44597801,42920.0
45351401,42920.0
46567001,42920.0
44003202,42920.0
41617003,42920.0
44101200,42920.0
46895401,42920.0
44316200,42920.0
45732003,42920.0
48540602,42920.0
49746001,42920.0
47523001,42920.0
44626602,42920.0
44440800,42920.0
49569001,42920.0
44645600,42920.0
44355601,42920.0
47677001,42920.0
46737400,42920.0
46800600,42920.0
42749400,42920.0
43692000,42920.0
47817000,42920.0
41861803,42920.0
44697402,42920.0
46386802,42920.0
42704003,42920.0
48787200,42920.0
44527602,42920.0
46860601,42920.0
43063803,42920.0
45305603,42920.0
42477203,42920.0
45532800,42920.0
49771201,42920.0
47188002,42920.0
45771603,42920.0
45389200,42920.0
41239603,42920.0
47011202,42920.0
48199600,42920.0
48988401,42920.0
47467401,42920.0
42555602,42920.0
49881800,42920.0
46457400,42920.0
46529802,42920.0
47578401,42920.0
43679602,42920.0
40892403,42920.0
45412000,42920.0
48434402,42920.0
44924400,42920.0
44070800,42920.0
44496402,42920.0
47795400,42920.0
42326402,42920.0
41484403,42920.0
41685802,42920.0
42220403,42920.0
43514802,42920.0
47492401,42920.0
44882801,42920.0
43983003,42920.0
41154200,42920.0
41018403,42920.0
44721000,42920.0
43877003,42920.0
48658802,42920.0
47057200,42920.0
41554803,42920.0
48212801,42920.0
47194402,42920.0
43887803,42920.0
43758002,42920.0
40901402,42920.0
47109402,42920.0
44856400,42920.0
45490001,42920.0
44088800,42920.0
48572200,42920.0
49439601,42920.0
48788200,42920.0
44052601,42920.0
44845403,42920.0
46003402,42920.0
42597803,42920.0
45365001,42920.0
46956802,42920.0
48299602,42920.0
41483000,42920.0
41284203,42920.0
41096002,42920.0
45782003,42920.0
44144600,42920.0
46029801,42920.0
45677002,42920.0
42114603,42920.0
42283800,42920.0
48164600,42920.0
41485202,42920.0
44326401,42920.0
41638203,42920.0
44784400,42920.0
45335403,42920.0
48566400,42920.0
45859001,42920.0
44884600,42920.0
48372800,42920.0
41051203,42920.0
44959200,42920.0
41201203,42920.0
49987002,42920.0
43378803,42920.0
46775400,42920.0
48558201,42920.0
41872802,42920.0
43205003,42920.0
45992000,42920.0
43374600,42920.0
46488801,42920.0
46770401,42920.0
48413600,42920.0
41676803,42920.0
44027403,42920.0
48798800,42920.0
43422003,42920.0
45300800,42920.0
48528800,42920.0
45907202,42920.0
45588402,42920.0
47643001,42920.0
41347802,42920.0
46310801,42920.0
41222603,42920.0
45413600,42920.0
42575802,42920.0
48321201,42920.0
41360800,42920.0
41023403,42920.0
48452602,42920.0
48202001,42920.0
45396402,42920.0
45078800,42920.0
41494802,42920.0
45098402,42920.0
42883602,42920.0
42173600,42920.0
42816202,42920.0
44591002,42920.0
48786201,42920.0
41974003,42920.0
42387602,42920.0
40836803,42920.0
47970800,42920.0
42102800,42920.0
41873403,42920.0
41511200,42920.0
44018001,42920.0
46594401,42920.0
43047202,42920.0
42639802,42920.0
46192402,42920.0
45590203,42920.0
46597601,42920.0
44504000,42920.0
43232000,42920.0
43428003,42920.0
42739400,42920.0
45694402,42920.0
41147802,42920.0
45076400,42920.0
43453802,42920.0
41637003,42920.0
41102603,42920.0
41484000,42920.0
47455602,42920.0
48242401,42920.0
45042402,42920.0
43832600,42920.0
49426401,42920.0
45762800,42920.0
44116601,42920.0
48436800,42920.0
46638600,42920.0
42006202,42920.0
45338003,42920.0
42040002,42920.0
47307600,42920.0
45347202,42920.0
47632202,42920.0
45418402,42920.0
46816800,42920.0
41735600,42920.0
45344600,42920.0
44212403,42920.0
43074603,42920.0
45515003,42920.0
42662800,42920.0
47053800,42920.0
48560602,42920.0
46300200,42920.0
46683400,42920.0
47121000,42920.0
44059803,42920.0
46863402,42920.0
45499602,42920.0
49242601,42920.0
46218200,42920.0
47606202,42920.0
44334600,42920.0
45848003,42920.0
44823201,42920.0
41027002,42920.0
44035403,42920.0
41726402,42920.0
41753200,42920.0
41853600,42920.0
44833601,42920.0
46667600,42920.0
45243001,42920.0
49226801,42920.0
45307602,42920.0
43163800,42920.0
48056400,42920.0
43622400,42920.0
43237802,42920.0
47563000,42920.0
45918802,42920.0
45712603,42920.0
45505603,42920.0
45285803,42920.0
47040200,42920.0
48001600,42920.0
48230001,42920.0
43187800,42920.0
47101201,42920.0
41261003,42920.0
48371600,42920.0
42276002,42920.0
47749002,42920.0
41611002,42920.0
49314401,42920.0
47684800,42920.0
42875603,42920.0
47781000,42920.0
45774200,42920.0
42371202,42920.0
43885001,42920.0
45430003,42920.0
43402200,42920.0
44631402,42920.0
44881000,42920.0
43900801,42920.0
46449401,42920.0
43187602,42920.0
44585802,42920.0
42194800,42920.0
42628603,42920.0
49241002,42920.0
44649402,42920.0
45758203,42920.0
44502001,42920.0
46609001,42920.0
42381602,42920.0
47663002,42920.0
42720003,42920.0
43820400,42920.0
49518600,42920.0
47234602,42920.0
48102802,42920.0
49144000,42920.0
48551601,42920.0
46415801,42920.0
41339600,42920.0
48801400,42920.0
41454400,42920.0
49537602,42920.0
41266802,42920.0
41453202,42920.0
48989401,42920.0
43453600,42920.0
48986602,42920.0
44215601,42920.0
46311402,42920.0
41998200,42920.0
44596802,42920.0
45610601,42920.0
46436600,42920.0
44180603,42920.0
47543601,42920.0
42223200,42920.0
42834203,42920.0
41616802,42920.0
45059202,42920.0
45732201,42920.0
42540203,42920.0
41998400,42920.0
43779003,42920.0
44333402,42920.0
43790402,42920.0
42401002,42920.0
44581001,42920.0
48055002,42920.0
48743802,42920.0
48080600,42920.0
46264002,42920.0
42136002,42920.0
46431201,42920.0
49734802,42920.0
49336402,42920.0
44371203,42920.0
47281202,42920.0
47195200,42920.0
46992601,42920.0
48233002,42920.0
43302003,42920.0
46164802,42920.0
47962602,42920.0
47677201,42920.0
42454602,42920.0
42756803,42920.0
41907002,42920.0
49283001,42920.0
47328000,42920.0
48019202,42920.0
44514400,42920.0
46852801,42920.0
40967403,42920.0
47739800,42920.0
41750003,42920.0
43207402,42920.0
43696203,42920.0
44289401,42920.0
45076201,42920.0
45655002,42920.0
45234600,42920.0
45337801,42920.0
44930200,42920.0
44494003,42920.0
40986800,42920.0
44455602,42920.0
43989800,42920.0
46976001,42920.0
48387600,42920.0
44008600,42920.0
43457600,42920.0
46631002,42920.0
48129201,42920.0
41274600,42920.0
42149200,42920.0
47718800,42920.0
41644603,42920.0
47920602,42920.0
45409000,42920.0
45645201,42920.0
42877802,42920.0
43448002,42920.0
49195801,42920.0
49662800,42920.0
48329202,42920.0
48907402,42920.0
43530603,42920.0
42849803,42920.0
45865403,42920.0
48864802,42920.0
48085802,42920.0
49753401,42920.0
41251000,42920.0
44038400,42920.0
46076400,42920.0
44329800,42920.0
43373402,42920.0
41497602,42920.0
48660600,42920.0
42280802,42920.0
48384602,42920.0
49500200,42920.0
41683602,42920.0
41556403,42920.0
45442801,42920.0
47616602,42920.0
42523800,42920.0
44905003,42920.0
46840400,42920.0
46258600,42920.0
44327600,42920.0
44895801,42920.0
47720002,42920.0
47735802,42920.0
47665001,42920.0
46240402,42920.0
46273601,42920.0
47305001,42920.0
47949201,42920.0
42239402,42920.0
43323403,42920.0
42165802,42920.0
47335802,42920.0
47845600,42920.0
45753001,42920.0
41288602,42920.0
44761602,42920.0
42177400,42920.0
48265601,42920.0
48518600,42920.0
47657401,42920.0
41613003,42920.0
44135802,42920.0
41121002,42920.0
41207003,42920.0
44254602,42920.0
47851201,42920.0
48572400,42920.0
44590200,42920.0
47473600,42920.0
47770002,42920.0
44542000,42920.0
43354802,42920.0
45673002,42920.0
47371601,42920.0
46770000,42920.0
41849400,42920.0
48594800,42920.0
46174801,42920.0
44926403,42920.0
44660003,42920.0
47367800,42920.0
46018202,42920.0
41469000,42920.0
47001802,42920.0
40812803,42920.0
47894000,42920.0
41499002,42920.0
41102800,42920.0
41371402,42920.0
41838800,42920.0
49284200,42920.0
49351202,42920.0
42689203,42920.0
43544202,42920.0
48085400,42920.0
46776200,42920.0
44585001,42920.0
43178603,42920.0
46455000,42920.0
45098403,42920.0
42012800,42920.0
43885000,42920.0
49215401,42920.0
42689402,42920.0
41572802,42920.0
47365200,42920.0
44613000,42920.0
47397400,42920.0
46181601,42920.0
46053200,42920.0
48021401,42920.0
44848603,42920.0
45923800,42920.0
48591001,42920.0
49029001,42920.0
47461400,42920.0
44948202,42920.0
47132401,42920.0
43900203,42920.0
42386002,42920.0
48247602,42920.0
48753002,42920.0
43602203,42920.0
43836400,42920.0
45462400,42920.0
44554200,42920.0
47991602,42920.0
41767200,42920.0
46037402,42920.0
41624800,42920.0
46381002,42920.0
42933403,42920.0
49825201,42920.0
47742402,42920.0
43292603,42920.0
41547400,42920.0
41242403,42920.0
48624000,42920.0
49787802,42920.0
44562600,42920.0
42911403,42920.0
43931000,42920.0
45241201,42920.0
49935202,42920.0
45588600,42920.0
45217002,42920.0
41263202,42920.0
43967000,42920.0
49707002,42920.0
45999402,42920.0
43901401,42920.0
43312003,42920.0
49367801,42920.0
47231401,42920.0
41779800,42920.0
49715801,42920.0
46454800,42920.0
44506003,42920.0
49097000,42920.0
46137600,42920.0
44685402,42920.0
49331601,42920.0
49747201,42920.0
41458000,42920.0
43958401,42920.0
48397001,42920.0
45653000,42920.0
44747603,42920.0
46485601,42920.0
46678802,42920.0
47218800,42920.0
43650802,42920.0
44150601,42920.0
44903000,42920.0
48849000,42920.0
46818401,42920.0
45383400,42920.0
47270200,42920.0
47811202,42920.0
41180400,42920.0
45621203,42920.0
48281600,42920.0
43918801,42920.0
49287200,42920.0
43782600,42920.0
42579202,42920.0
47297601,42920.0
43473002,42920.0
49945202,42920.0
49606001,42920.0
41965003,42920.0
42081203,42920.0
47715000,42920.0
44076803,42920.0
45628801,42920.0
49547001,42920.0
49668001,42920.0
46187401,42920.0
44401800,42920.0
44413401,42920.0
41781200,42920.0
43089400,42920.0
49073401,42920.0
49063600,42920.0
42595202,42920.0
44192403,42920.0
47705601,42920.0
42747200,42920.0
42220202,42920.0
41070203,42920.0
44227400,42920.0
47091802,42920.0
44173402,42920.0
42742403,42920.0
46401802,42920.0
42829803,42920.0
48811600,42920.0
40908400,42920.0
44071002,42920.0
41886202,42920.0
44456201,42920.0
43114600,42920.0
42446200,42920.0
41355803,42920.0
41234602,42920.0
41388202,42920.0
44280000,42920.0
45408600,42920.0
48455201,42920.0
40816002,42920.0
46291202,42920.0
46976801,42920.0
42395600,42920.0
46440600,42920.0
49917200,42920.0
45961402,42920.0
41661802,42920.0
46427400,42920.0
41050603,42920.0
41996002,42920.0
43850800,42920.0
47712401,42920.0
41817802,42920.0
45882600,42920.0
44991403,42920.0
45236001,42920.0
41339000,42920.0
47577800,42920.0
43764000,42920.0
42317800,42920.0
48981802,42920.0
40913602,42920.0
41602002,42920.0
43631200,42920.0
47279601,42920.0
44970000,42920.0
44096402,42920.0
49496801,42920.0
45913602,42920.0
48144200,42920.0
46435802,42920.0
45758802,42920.0
48019000,42920.0
45318802,42920.0
47825000,42920.0
47531602,42920.0
46186000,42920.0
47233400,42920.0
43325002,42920.0
41023603,42920.0
42665002,42920.0
41001003,42920.0
49212801,42920.0
46243401,42920.0
48362000,42920.0
48795202,42920.0
41216402,42920.0
44862600,42920.0
43448803,42920.0
49024401,42920.0
46467601,42920.0
46564801,42920.0
47558200,42920.0
42057600,42920.0
49216201,42920.0
44569402,42920.0
48495002,42920.0
46508200,42920.0
45534200,42920.0
43370003,42920.0
42202400,42920.0
46555802,42920.0
44816001,42920.0
47524400,42920.0
46787201,42920.0
44416400,42920.0
49978200,42920.0
41580803,42920.0
46981401,42920.0
41661003,42920.0
45765003,42920.0
42813200,42920.0
42026602,42920.0
42900803,42920.0
48192202,42920.0
41819603,42920.0
43722803,42920.0
48833600,42920.0
46038002,42920.0
45296603,42920.0
44716001,42920.0
44771603,42920.0
41528203,42920.0
46500400,42920.0
42847600,42920.0
44134600,42920.0
41101400,42920.0
41908002,42920.0
40914400,42920.0
47294800,42920.0
47435802,42920.0
47713201,42920.0
46890602,42920.0
42148002,42920.0
45290600,42920.0
43112000,42920.0
41233403,42920.0
48461202,42920.0
49107202,42920.0
44523201,42920.0
44654801,42920.0
45846200,42920.0
45127001,42920.0
47752002,42920.0
45478201,42920.0
44877602,42920.0
44624003,42920.0
46288600,42920.0
41489000,42920.0
49943600,42920.0
45486603,42920.0
49843402,42920.0
48317202,42920.0
48114600,42920.0
41541002,42920.0
43972803,42920.0
43712000,42920.0
44111201,42920.0
42887003,42920.0
48539401,42920.0
44345603,42920.0
49222600,42920.0
46313201,42920.0
42431202,42920.0
48023602,42920.0
48432402,42920.0
46269002,42920.0
41037402,42920.0
43818603,42920.0
42367003,42920.0
42887202,42920.0
46746401,42920.0
49519200,42920.0
41888803,42920.0
42966602,42920.0
40931603,42920.0
46546002,42920.0
40894400,42920.0
44347400,42920.0
44395800,42920.0
44008402,42920.0
43934002,42920.0
46078602,42920.0
41220002,42920.0
41061602,42920.0
45177403,42920.0
46963001,42920.0
49635600,42920.0
47059402,42920.0
48525801,42920.0
47398001,42920.0
43959802,42920.0
45757201,42920.0
47600401,42920.0
46987602,42920.0
41292000,42920.0
45217201,42920.0
41930000,42920.0
44323001,42920.0
45078203,42920.0
41849600,42920.0
45918600,42920.0
46837400,42920.0
49441200,42920.0
49809600,42920.0
42459803,42920.0
44856000,42920.0
41247803,42920.0
42576002,42920.0
44660601,42920.0
42860202,42920.0
48441000,42920.0
48438201,42920.0
48336802,42920.0
49080000,42920.0
49652002,42920.0
43301403,42920.0
41622002,42920.0
48176201,42920.0
44200403,42920.0
47362001,42920.0
45288200,42920.0
47495000,42920.0
41223402,42920.0
48992802,42920.0
48381602,42920.0
44249601,42920.0
44170401,42920.0
45684403,42920.0
49016600,42920.0
45333201,42920.0
48882000,42920.0
47376402,42920.0
41467600,42920.0
48940002,42920.0
43934001,42920.0
43380202,42920.0
41653402,42920.0
45078803,42920.0
46668201,42920.0
46206800,42920.0
41949803,42920.0
41461802,42920.0
46503000,42920.0
47432002,42920.0
48443801,42920.0
46152402,42920.0
46641001,42920.0
45321800,42920.0
42657400,42920.0
44762002,42920.0
44047001,42920.0
44452800,42920.0
49674601,42920.0
49169001,42920.0
49978801,42920.0
49744200,42920.0
41461402,42920.0
45068803,42920.0
41882200,42920.0
47173201,42920.0
46548802,42920.0
46574602,42920.0
42622602,42920.0
48227601,42920.0
44292801,42920.0
42617400,42920.0
42877803,42920.0
47707602,42920.0
44969802,42920.0
49738801,42920.0
42088802,42920.0
44275002,42920.0
42531402,42920.0
49457600,42920.0
46765201,42920.0
43811002,42920.0
48217802,42920.0
41868800,42920.0
42710002,42920.0
49561401,42920.0
46158800,42920.0
44609200,42920.0
49624200,42920.0
44746800,42920.0
44189402,42920.0
49214202,42920.0
42597002,42920.0
41342803,42920.0
49845601,42920.0
44644400,42920.0
42502400,42920.0
47947600,42920.0
49324800,42920.0
46814000,42920.0
47082200,42920.0
49892001,42920.0
47010800,42920.0
40961802,42920.0
43806802,42920.0
44040202,42920.0
41266403,42920.0
46048602,42920.0
46874400,42920.0
48547400,42920.0
45934201,42920.0
49304402,42920.0
41708003,42920.0
42664600,42920.0
41164803,42920.0
46936002,42920.0
42204403,42920.0
45599203,42920.0
41640002,42920.0
46847802,42920.0
41942402,42920.0
45096000,42920.0
43687603,42920.0
46617600,42920.0
44857200,42920.0
42962600,42920.0
47954402,42920.0
49336602,42920.0
48331802,42920.0
41043000,42920.0
42422003,42920.0
47794002,42920.0
42781203,42920.0
45372603,42920.0
48888200,42920.0
44477402,42920.0
48269202,42920.0
47888802,42920.0
45800601,42920.0
47191001,42920.0
47789802,42920.0
48601600,42920.0
47273601,42920.0
47107402,42920.0
43712602,42920.0
41284403,42920.0
41291203,42920.0
47031601,42920.0
48372401,42920.0
46640601,42920.0
42980200,42920.0
46074800,42920.0
40951402,42920.0
49571200,42920.0
48201201,42920.0
44553402,42920.0
43511200,42920.0
44496400,42920.0
46241600,42920.0
44471802,42920.0
44744800,42920.0
47058802,42920.0
41903000,42920.0
44009200,42920.0
48361202,42920.0
43851601,42920.0
42775403,42920.0
48534600,42920.0
42202802,42920.0
44333400,42920.0
41628802,42920.0
44476602,42920.0
47499401,42920.0
44393402,42920.0
44745601,42920.0
47723402,42920.0
47466401,42920.0
49651001,42920.0
45459202,42920.0
42420803,42920.0
46188800,42920.0
44626203,42920.0
49059200,42920.0
47345800,42920.0
47984202,42920.0
47941000,42920.0
46887002,42920.0
45736003,42920.0
42789803,42920.0
48970802,42920.0
48371401,42920.0
49043401,42920.0
47271601,42920.0
42738603,42920.0
41630202,42920.0
48787601,42920.0
44558001,42920.0
44950201,42920.0
43851602,42920.0
41679003,42920.0
41235800,42920.0
48547002,42920.0
41224000,42920.0
44808201,42920.0
47304200,42920.0
48914801,42920.0
46005801,42920.0
41208602,42920.0
44266202,42920.0
45148801,42920.0
48080200,42920.0
49248802,42920.0
42187003,42920.0
47339802,42920.0
45475200,42920.0
44420602,42920.0
49808601,42920.0
47669200,42920.0
43261400,42920.0
43265800,42920.0
48120800,42920.0
43485202,42920.0
46145600,42920.0
46918402,42920.0
45907402,42920.0
43375600,42920.0
48964600,42920.0
45369801,42920.0
42989203,42920.0
42283803,42920.0
48776402,42920.0
45703601,42920.0
45646803,42920.0
44006000,42920.0
48596001,42920.0
41498602,42920.0
44702801,42920.0
48838800,42920.0
46472801,42920.0
44010201,42920.0
44558203,42920.0
45879001,42920.0
49207000,42920.0
47094600,42920.0
41392402,42920.0
43532003,42920.0
45089202,42920.0
45171001,42920.0
46573201,42920.0
47576800,42920.0
41214000,42920.0
47745201,42920.0
45380800,42920.0
42128402,42920.0
48709801,42920.0
42810000,42920.0
45181603,42920.0
43984403,42920.0
43349200,42920.0
42802400,42920.0
43690802,42920.0
44827001,42920.0
46414601,42920.0
46454202,42920.0
42618802,42920.0
42448200,42920.0
41265403,42920.0
43540202,42920.0
45906402,42920.0
42225800,42920.0
44347201,42920.0
42453600,42920.0
43367600,42920.0
47770600,42920.0
47591602,42920.0
47932402,42920.0
45787801,42920.0
49447400,42920.0
45417401,42920.0
49966400,42920.0
42485203,42920.0
46803200,42920.0
45938400,42920.0
43640803,42920.0
47119200,42920.0
44714200,42920.0
49719602,42920.0
41173602,42920.0
47614601,42920.0
47488202,42920.0
49524601,42920.0
43725802,42920.0
45120001,42920.0
47733800,42920.0
41409202,42920.0
42694600,42920.0
42502603,42920.0
44296403,42920.0
43883202,42920.0
45604403,42920.0
42829400,42920.0
44455400,42920.0
43470003,42920.0
42807603,42920.0
45209803,42920.0
43783203,42920.0
44093402,42920.0
49407600,42920.0
49851601,42920.0
42227600,42920.0
48186202,42920.0
42171402,42920.0
48484800,42920.0
46170402,42920.0
43375402,42920.0
41146602,42920.0
48643202,42920.0
47887000,42920.0
43175803,42920.0
49366002,42920.0
47447601,42920.0
46193001,42920.0
42333400,42920.0
41347603,42920.0
48799602,42920.0
44369603,42920.0
44793002,42920.0
44324001,42920.0
49710201,42920.0
46263402,42920.0
41446003,42920.0
46807201,42920.0
46335400,42920.0
46712402,42920.0
44772602,42920.0
46693601,42920.0
45567801,42920.0
48839801,42920.0
47511201,42920.0
43451403,42920.0
48095602,42920.0
49665201,42920.0
48152401,42920.0
48198602,42920.0
48239001,42920.0
44773800,42920.0
47269401,42920.0
45446402,42920.0
46741002,42920.0
42543202,42920.0
47557402,42920.0
47992601,42920.0
41382002,42920.0
42958802,42920.0
49598801,42920.0
42400603,42920.0
44425401,42920.0
44899403,42920.0
41812402,42920.0
47773600,42920.0
45150603,42920.0
48107000,42920.0
47060202,42920.0
44323800,42920.0
46361002,42920.0
46522000,42920.0
49197400,42920.0
43960800,42920.0
47075202,42920.0
44595203,42920.0
41462000,42920.0
46974400,42920.0
48280600,42920.0
44745800,42920.0
49164202,42920.0
43771600,42920.0
48478401,42920.0
47959802,42920.0
47568002,42920.0
43329202,42920.0
46383400,42920.0
46529001,42920.0
43485000,42920.0
49576001,42920.0
48420602,42920.0
41336202,42920.0
42420800,42920.0
45204803,42920.0
44641200,42920.0
49011601,42920.0
49262202,42920.0
45023403,42920.0
49734001,42920.0
42334602,42920.0
46804401,42920.0
43924603,42920.0
48458802,42920.0
43046403,42920.0
49457400,42920.0
41882002,42920.0
48454201,42920.0
49882200,42920.0
49644201,42920.0
45734402,42920.0
46547601,42920.0
47647200,42920.0
41129600,42920.0
42497602,42920.0
44386202,42920.0
49823601,42920.0
48956200,42920.0
41031203,42920.0
45500203,42920.0
42002203,42920.0
47174002,42920.0
42145003,42920.0
44202402,42920.0
41555200,42920.0
41961803,42920.0
47783001,42920.0
44230801,42920.0
48809200,42920.0
41467200,42920.0
48023002,42920.0
44764400,42920.0
49517802,42920.0
45902600,42920.0
43798000,42920.0
42897803,42920.0
44164001,42920.0
48980800,42920.0
41287000,42920.0
46767201,42920.0
42542403,42920.0
43956203,42920.0
49967000,42920.0
48807600,42920.0
44581601,42920.0
42053202,42920.0
45112402,42920.0
47145002,42920.0
43884602,42920.0
48211800,42920.0
42102202,42920.0
48226600,42920.0
46570602,42920.0
49321801,42920.0
42059003,42920.0
46072601,42920.0
42351602,42920.0
43448003,42920.0
44504203,42920.0
41003800,42920.0
49430200,42920.0
41052000,42920.0
42414403,42920.0
49447600,42920.0
49689800,42920.0
44013602,42920.0
41010800,42920.0
49635202,42920.0
43878401,42920.0
49753200,42920.0
48456602,42920.0
44158201,42920.0
45427002,42920.0
47641402,42920.0
48753400,42920.0
41876003,42920.0
42919603,42920.0
41480000,42920.0
48595800,42920.0
42808403,42920.0
45482603,42920.0
43869003,42920.0
49046400,42920.0
41855803,42920.0
48197400,42920.0
44534400,42920.0
48734200,42920.0
49107401,42920.0
48159001,42920.0
41994403,42920.0
42736203,42920.0
44046003,42920.0
46288801,42920.0
48291800,42920.0
46591801,42920.0
43154200,42920.0
48401801,42920.0
45701600,42920.0
44040803,42920.0
42016400,42920.0
49399601,42920.0
43432600,42920.0
45620003,42920.0
49882402,42920.0
42665202,42920.0
48259002,42920.0
45656800,42920.0
42514202,42920.0
42146403,42920.0
49117800,42920.0
48563002,42920.0
43049203,42920.0
46201000,42920.0
42887600,42920.0
45199202,42920.0
45864802,42920.0
48474400,42920.0
48624400,42920.0
46583002,42920.0
47813802,42920.0
46226201,42920.0
46295402,42920.0
45449600,42920.0
44150200,42920.0
41628803,42920.0
43925003,42920.0
43853200,42920.0
49714600,42920.0
47118802,42920.0
44008002,42920.0
48503802,42920.0
45781602,42920.0
41374603,42920.0
41420603,42920.0
43260000,42920.0
49983002,42920.0
45448603,42920.0
43015202,42920.0
49000600,42920.0
49292002,42920.0
44572203,42920.0
45321200,42920.0
44608000,42920.0
42503003,42920.0
46467602,42920.0
41688000,42920.0
47907801,42920.0
43983202,42920.0
47587602,42920.0
42945600,42920.0
44182402,42920.0
42297202,42920.0
42931400,42920.0
41297402,42920.0
44378003,42920.0
43422402,42920.0
48350602,42920.0
49816200,42920.0
48729002,42920.0
40885203,42920.0
44359203,42920.0
44012002,42920.0
49669202,42920.0
48387202,42920.0
45491200,42920.0
44644200,42920.0
41864402,42920.0
46948800,42920.0
48191402,42920.0
48691802,42920.0
45243802,42920.0
45728800,42920.0
49510602,42920.0
46057400,42920.0
45744402,42920.0
44982603,42920.0
47832601,42920.0
47591400,42920.0
49824801,42920.0
49401201,42920.0
48214800,42920.0
42667002,42920.0
41698002,42920.0
47075800,42920.0
49513202,42920.0
44765200,42920.0
43799802,42920.0
41743802,42920.0
42303800,42920.0
48405001,42920.0
49212400,42920.0
42993802,42920.0
41996403,42920.0
42201803,42920.0
44551202,42920.0
46358802,42920.0
43389403,42920.0
48939002,42920.0
45804802,42920.0
46551202,42920.0
41797800,42920.0
46762600,42920.0
44233803,42920.0
49122000,42920.0
47767800,42920.0
44379002,42920.0
43481602,42920.0
45031802,42920.0
47586602,42920.0
48189400,42920.0
45139602,42920.0
45685600,42920.0
42709400,42920.0
49860600,42920.0
47272200,42920.0
48971000,42920.0
41687803,42920.0
48961201,42920.0
45185003,42920.0
41548000,42920.0
43141802,42920.0
46502402,42920.0
45718401,42920.0
48945802,42920.0
42492203,42920.0
44403601,42920.0
46523601,42920.0
44581401,42920.0
44529400,42920.0
44659802,42920.0
44595400,42920.0
48513601,42920.0
45744801,42920.0
41752000,42920.0
46718200,42920.0
41314602,42920.0
46504400,42920.0
49655201,42920.0
41130800,42920.0
43872403,42920.0
48254800,42920.0
45142802,42920.0
48557201,42920.0
45134800,42920.0
44823801,42920.0
42266603,42920.0
41412200,42920.0
45782001,42920.0
46791800,42920.0
45600800,42920.0
48033402,42920.0
46136200,42920.0
43525802,42920.0
47836800,42920.0
41931800,42920.0
45424801,42920.0
47503800,42920.0
43813802,42920.0
45351801,42920.0
43861602,42920.0
45684401,42920.0
46035401,42920.0
43367402,42920.0
41592403,42920.0
46110402,42920.0
42804603,42920.0
48546402,42920.0
43955000,42920.0
41749603,42920.0
46080601,42920.0
41577803,42920.0
49148601,42920.0
43246202,42920.0
42258400,42920.0
45208801,42920.0
44913400,42920.0
47532602,42920.0
46749002,42920.0
46237001,42920.0
44570003,42920.0
47203001,42920.0
43877203,42920.0
41337603,42920.0
43266000,42920.0
48000802,42920.0
48139202,42920.0
44264600,42920.0
45164201,42920.0
42389600,42920.0
45863800,42920.0
44885402,42920.0
44125800,42920.0
41349402,42920.0
42641802,42920.0
49563402,42920.0
46800402,42920.0
49074002,42920.0
43149002,42920.0
42985603,42920.0
44022003,42920.0
43108202,42920.0
47440602,42920.0
45829200,42920.0
43810400,42920.0
43850603,42920.0
48325201,42920.0
41737000,42920.0
43657800,42920.0
44693402,42920.0
46251801,42920.0
41667200,42920.0
44866402,42920.0
41254602,42920.0
44644800,42920.0
49306401,42920.0
44859202,42920.0
43076000,42920.0
48041002,42920.0
41740400,42920.0
44359603,42920.0
41252003,42920.0
44128603,42920.0
43013603,42920.0
41529203,42920.0
46899001,42920.0
45227402,42920.0
45942601,42920.0
42121203,42920.0
42737603,42920.0
45097801,42920.0
47637602,42920.0
48444801,42920.0
48368800,42920.0
41977400,42920.0
44243002,42920.0
45954600,42920.0
43212402,42920.0
46111200,42920.0
42637400,42920.0
49122402,42920.0
45383403,42920.0
49510800,42920.0
45960800,42920.0
45531800,42920.0
42741800,42920.0
46360000,42920.0
46088001,42920.0
43626200,42920.0
41804603,42920.0
42850802,42920.0
44201400,42920.0
46830602,42920.0
42742602,42920.0
43687000,42920.0
41845203,42920.0
45470000,42920.0
44976400,42920.0
42768800,42920.0
44625202,42920.0
49062401,42920.0
41789003,42920.0
46933402,42920.0
46841200,42920.0
44919400,42920.0
44673800,42920.0
42016603,42920.0
41770202,42920.0
45355800,42920.0
42942802,42920.0
49495402,42920.0
45658401,42920.0
48719601,42920.0
44749001,42920.0
44712400,42920.0
44162003,42920.0
41344803,42920.0
41389202,42920.0
47668200,42920.0
49243601,42920.0
44204802,42920.0
40839202,42920.0
45764801,42920.0
46088200,42920.0
47966801,42920.0
47172600,42920.0
49105401,42920.0
45933200,42920.0
44763600,42920.0
45116003,42920.0
49647402,42920.0
42052803,42920.0
48138001,42920.0
45549403,42920.0
46421602,42920.0
42453200,42920.0
48040402,42920.0
41319400,42920.0
44606802,42920.0
41168403,42920.0
41214802,42920.0
49470200,42920.0
44031203,42920.0
44733203,42920.0
43689602,42920.0
48870802,42920.0
41568000,42920.0
46782201,42920.0
45521802,42920.0
49064802,42920.0
41472200,42920.0
46559801,42920.0
46525202,42920.0
43493603,42920.0
42446003,42920.0
48389602,42920.0
45506002,42920.0
43576602,42920.0
47309201,42920.0
49174201,42920.0
48523202,42920.0
46837801,42920.0
47219002,42920.0
49122801,42920.0
44857001,42920.0
44650201,42920.0
41267600,42920.0
42146202,42920.0
47333002,42920.0
48514201,42920.0
42514802,42920.0
41422402,42920.0
43236003,42920.0
42182403,42920.0
45649800,42920.0
47228802,42920.0
41379400,42920.0
41948203,42920.0
49908401,42920.0
49054802,42920.0
46435600,42920.0
42414600,42920.0
46554601,42920.0
44664402,42920.0
49833001,42920.0
46796402,42920.0
47096802,42920.0
47888400,42920.0
41909603,42920.0
49182000,42920.0
42765200,42920.0
44183600,42920.0
41476203,42920.0
41747603,42920.0
44268202,42920.0
43883802,42920.0
44252802,42920.0
47519602,42920.0
43444200,42920.0
41026000,42920.0
41580402,42920.0
43145403,42920.0
46788001,42920.0
45747003,42920.0
47222801,42920.0
49363200,42920.0
48397402,42920.0
42299600,42920.0
48576402,42920.0
40964603,42920.0
44277402,42920.0
44591201,42920.0
41434002,42920.0
43282402,42920.0
44350401,42920.0
43709402,42920.0
45355601,42920.0
43329602,42920.0
42040200,42920.0
41410802,42920.0
46737800,42920.0
45741400,42920.0
47357600,42920.0
44689800,42920.0
49457001,42920.0
43911600,42920.0
44680603,42920.0
48479002,42920.0
46612002,42920.0
46582602,42920.0
41503200,42920.0
48086402,42920.0
48966000,42920.0
45541602,42920.0
48618602,42920.0
47315401,42920.0
45191401,42920.0
45344402,42920.0
42814603,42920.0
43223400,42920.0
41819800,42920.0
46586800,42920.0
43942202,42920.0
41836400,42920.0
41394803,42920.0
41803602,42920.0
43660600,42920.0
47917200,42920.0
44864400,42920.0
46463400,42920.0
46638201,42920.0
41038203,42920.0
41024003,42920.0
41342003,42920.0
46420200,42920.0
45779000,42920.0
41656602,42920.0
47688800,42920.0
45326200,42920.0
43662403,42920.0
47545802,42920.0
44702000,42920.0
42421802,42920.0
48217800,42920.0
49286602,42920.0
43726403,42920.0
43937003,42920.0
41577003,42920.0
44418402,42920.0
44818401,42920.0
47058200,42920.0
49574000,42920.0
47437402,42920.0
43776803,42920.0
43864801,42920.0
48894602,42920.0
46986802,42920.0
47941402,42920.0
45712802,42920.0
41930003,42920.0
47827402,42920.0
41358202,42920.0
41211000,42920.0
44742001,42920.0
46933202,42920.0
48777001,42920.0
43760003,42920.0
47777001,42920.0
45847603,42920.0
43978603,42920.0
42138402,42920.0
48056000,42920.0
49747002,42920.0
47639601,42920.0
44549401,42920.0
44085402,42920.0
42417402,42920.0
42287802,42920.0
48623402,42920.0
48541201,42920.0
45367202,42920.0
45099200,42920.0
48291200,42920.0
43477003,42920.0
45060200,42920.0
46858600,42920.0
41427403,42920.0
41301603,42920.0
40852400,42920.0
46302002,42920.0
46617401,42920.0
44652802,42920.0
44205203,42920.0
45452403,42920.0
42764403,42920.0
49420401,42920.0
44862002,42920.0
45552000,42920.0
49763000,42920.0
48489802,42920.0
48996401,42920.0
44850600,42920.0
45419601,42920.0
46877201,42920.0
45642603,42920.0
49838001,42920.0
41981400,42920.0
42980203,42920.0
42132200,42920.0
44634401,42920.0
44702403,42920.0
49326401,42920.0
44274802,42920.0
42059200,42920.0
48951402,42920.0
43885202,42920.0
45893802,42920.0
43632402,42920.0
41509003,42920.0
43889603,42920.0
41298402,42920.0
49193002,42920.0
43319000,42920.0
43653803,42920.0
48259601,42920.0
42902200,42920.0
44282602,42920.0
49704802,42920.0
46098202,42920.0
46149402,42920.0
48929600,42920.0
46943800,42920.0
47538802,42920.0
44748601,42920.0
41708802,42920.0
46068802,42920.0
43619003,42920.0
42309803,42920.0
43218803,42920.0
49579600,42920.0
48908402,42920.0
42921400,42920.0
42750200,42920.0
42698602,42920.0
41501203,42920.0
47992202,42920.0
41126002,42920.0
47468602,42920.0
44718201,42920.0
41405002,42920.0
41184000,42920.0
41682603,42920.0
46592601,42920.0
45683203,42920.0
46072200,42920.0
45595200,42920.0
44362203,42920.0
43747600,42920.0
42986003,42920.0
48905802,42920.0
43320403,42920.0
46719202,42920.0
48002001,42920.0
49052600,42920.0
42095400,42920.0
41569602,42920.0
46255802,42920.0
45670202,42920.0
44217402,42920.0
43507603,42920.0
48915401,42920.0
40974203,42920.0
46596400,42920.0
47778600,42920.0
41737602,42920.0
44301202,42920.0
42846803,42920.0
43634803,42920.0
45602002,42920.0
47104802,42920.0
48857401,42920.0
44267001,42920.0
47693601,42920.0
49236201,42920.0
45589801,42920.0
48316002,42920.0
42699200,42920.0
44488003,42920.0
43678003,42920.0
42642802,42920.0
47832002,42920.0
44856001,42920.0
41976200,42920.0
45008400,42920.0
41252000,42920.0
45356402,42920.0
43868600,42920.0
46170001,42920.0
43332803,42920.0
44468202,42920.0
47832602,42920.0
48324001,42920.0
41200202,42920.0
45992800,42920.0
49704800,42920.0
48145402,42920.0
48219402,42920.0
45466203,42920.0
48869801,42920.0
43257603,42920.0
45287001,42920.0
43798002,42920.0
41704202,42920.0
43907401,42920.0
49144400,42920.0
47632002,42920.0
47812200,42920.0
45603203,42920.0
47725400,42920.0
41075802,42920.0
46784801,42920.0
46202800,42920.0
45172202,42920.0
41788200,42920.0
44904401,42920.0
47495800,42920.0
45815002,42920.0
41161802,42920.0
41208803,42920.0
41329603,42920.0
47054202,42920.0
43826601,42920.0
41758000,42920.0
44014003,42920.0
42853400,42920.0
48932602,42920.0
46928002,42920.0
46427800,42920.0
46150201,42920.0
49170000,42920.0
46831202,42920.0
45901802,42920.0
42752202,42920.0
44663000,42920.0
49395202,42920.0
41364403,42920.0
42419800,42920.0
45960402,42920.0
44500803,42920.0
42344803,42920.0
47403802,42920.0
44605800,42920.0
43075000,42920.0
42113202,42920.0
46031802,42920.0
44250401,42920.0
45928001,42920.0
44247001,42920.0
48533201,42920.0
42251403,42920.0
45967002,42920.0
43141203,42920.0
49941600,42920.0
42232002,42920.0
47795600,42920.0
44803603,42920.0
49155201,42920.0
48171600,42920.0
45917402,42920.0
43800600,42920.0
49006401,42920.0
41329802,42920.0
43708803,42920.0
44118401,42920.0
47154601,42920.0
45692400,42920.0
48289002,42920.0
41413203,42920.0
43792003,42920.0
46157801,42920.0
46551802,42920.0
45112602,42920.0
49035401,42920.0
46320601,42920.0
47992802,42920.0
45809400,42920.0
49820001,42920.0
48993602,42920.0
47390601,42920.0
43929601,42920.0
46036400,42920.0
48235002,42920.0
48227600,42920.0
48771801,42920.0
45976800,42920.0
43229402,42920.0
49630800,42920.0
47054402,42920.0
45812403,42920.0
43751602,42920.0
40961603,42920.0
49359802,42920.0
48435801,42920.0
46852000,42920.0
46563602,42920.0
41090400,42920.0
48879002,42920.0
44888401,42920.0
42143402,42920.0
48163401,42920.0
42900400,42920.0
47834002,42920.0
49324200,42920.0
49791602,42920.0
42335002,42920.0
46318001,42920.0
41089203,42920.0
42106403,42920.0
47246000,42920.0
45802000,42920.0
46412200,42920.0
41452802,42920.0
46710402,42920.0
41538603,42920.0
48997600,42920.0
46761200,42920.0
44121202,42920.0
43848803,42920.0
48134401,42920.0
47786801,42920.0
49489001,42920.0
43803200,42920.0
47922800,42920.0
42858603,42920.0
45065403,42920.0
45704802,42920.0
41582602,42920.0
48375200,42920.0
42024602,42920.0
48813802,42920.0
49873800,42920.0
49638400,42920.0
42436800,42920.0
49354000,42920.0
42789202,42920.0
49022202,42920.0
41506603,42920.0
43609602,42920.0
42391002,42920.0
43496600,42920.0
49239401,42920.0
46531602,42920.0
47753002,42920.0
44497002,42920.0
47080601,42920.0
45094002,42920.0
49897802,42920.0
47335600,42920.0
41330603,42920.0
47823402,42920.0
44139200,42920.0
48482602,42920.0
43318603,42920.0
46419800,42920.0
48691002,42920.0
42371400,42920.0
41734602,42920.0
47130402,42920.0
45104603,42920.0
47437001,42920.0
43710400,42920.0
43181602,42920.0
44805803,42920.0
44570802,42920.0
49096600,42920.0
44903401,42920.0
46297400,42920.0
44439800,42920.0
44613203,42920.0
43620002,42920.0
41208203,42920.0
47519601,42920.0
42310203,42920.0
43109800,42920.0
42769803,42920.0
42301402,42920.0
42175800,42920.0
42502802,42920.0
45705002,42920.0
45597401,42920.0
45178601,42920.0
48690602,42920.0
46112401,42920.0
49001202,42920.0
47402601,42920.0
49079400,42920.0
43678002,42920.0
42159202,42920.0
42435803,42920.0
45266402,42920.0
49625402,42920.0
48861000,42920.0
48862801,42920.0
45138202,42920.0
46756002,42920.0
42994200,42920.0
44061000,42920.0
47180600,42920.0
46122401,42920.0
46018002,42920.0
49185600,42920.0
42888002,42920.0
48039802,42920.0
45158601,42920.0
48389201,42920.0
46886600,42920.0
46506601,42920.0
47697201,42920.0
41234203,42920.0
45596402,42920.0
47744001,42920.0
48160800,42920.0
48456001,42920.0
48557802,42920.0
47826800,42920.0
44071202,42920.0
44521203,42920.0
48462001,42920.0
41607002,42920.0
45391002,42920.0
48634201,42920.0
42478400,42920.0
44035600,42920.0
49028200,42920.0
49257200,42920.0
41381403,42920.0
48908200,42920.0
44431201,42920.0
41682602,42920.0
44225200,42920.0
45100200,42920.0
43563003,42920.0
46708201,42920.0
40994600,42920.0
42518002,42920.0
45871002,42920.0
47370001,42920.0
43220403,42920.0
44771802,42920.0
44232801,42920.0
41960603,42920.0
41200200,42920.0
43960202,42920.0
42440402,42920.0
44426002,42920.0
42134200,42920.0
45888200,42920.0
44218801,42920.0
44770002,42920.0
41242003,42920.0
48756600,42920.0
46857600,42920.0
45278801,42920.0
45491603,42920.0
45104401,42920.0
49275402,42920.0
47211602,42920.0
49159401,42920.0
47758801,42920.0
41912600,42920.0
41845402,42920.0
46365802,42920.0
49869600,42920.0
46404600,42920.0
42367802,42920.0
44088201,42920.0
41297803,42920.0
46028602,42920.0
45442400,42920.0
49230801,42920.0
45395403,42920.0
47788800,42920.0
43702600,42920.0
41092402,42920.0
47322202,42920.0
49934002,42920.0
43256203,42920.0
48215600,42920.0
44696602,42920.0
44554403,42920.0
44880402,42920.0
44827402,42920.0
44912003,42920.0
44659601,42920.0
43829200,42920.0
41439200,42920.0
46323001,42920.0
45310002,42920.0
47855200,42920.0
49603600,42920.0
48807602,42920.0
41609200,42920.0
48298402,42920.0
42934603,42920.0
49671600,42920.0
46220000,42920.0
45127403,42920.0
41054200,42920.0
43836403,42920.0
44850403,42920.0
44517603,42920.0
46705801,42920.0
42278002,42920.0
48002602,42920.0
44302403,42920.0
41444200,42920.0
44122802,42920.0
47553200,42920.0
45489603,42920.0
48694601,42920.0
42418002,42920.0
46026202,42920.0
41037003,42920.0
47959800,42920.0
45722803,42920.0
47566002,42920.0
44474001,42920.0
48196602,42920.0
47741600,42920.0
41314802,42920.0
49397201,42920.0
44135002,42920.0
41631402,42920.0
44718600,42920.0
47230802,42920.0
45327002,42920.0
48419202,42920.0
48799002,42920.0
47053400,42920.0
48792800,42920.0
45747400,42920.0
48168401,42920.0
47419002,42920.0
47406200,42920.0
46788000,42920.0
47647402,42920.0
45225403,42920.0
45417200,42920.0
47349202,42920.0
42091602,42920.0
45083403,42920.0
43982201,42920.0
48249000,42920.0
43879003,42920.0
45737402,42920.0
47313200,42920.0
48540002,42920.0
44807603,42920.0
45852800,42920.0
48508401,42920.0
47710001,42920.0
46385602,42920.0
48569201,42920.0
48891601,42920.0
40801202,42920.0
46263400,42920.0
47886802,42920.0
42682203,42920.0
47327000,42920.0
47560001,42920.0
47131202,42920.0
45020801,42920.0
43997803,42920.0
43648003,42920.0
47563802,42920.0
47531002,42920.0
49857401,42920.0
41307802,42920.0
48156200,42920.0
43783200,42920.0
42789403,42920.0
49410400,42920.0
45739201,42920.0
44026201,42920.0
44345801,42920.0
46433402,42920.0
45686200,42920.0
41282003,42920.0
49744400,42920.0
43162000,42920.0
48289400,42920.0
48140202,42920.0
43339400,42920.0
43411000,42920.0
46703600,42920.0
46071202,42920.0
46062401,42920.0
49212002,42920.0
45304202,42920.0
49844202,42920.0
41544200,42920.0
45803602,42920.0
45124601,42920.0
47388802,42920.0
47122600,42920.0
45413800,42920.0
42476200,42920.0
45481401,42920.0
40956203,42920.0
45301601,42920.0
43671200,42920.0
44584000,42920.0
43962201,42920.0
47699600,42920.0
46985200,42920.0
43747602,42920.0
47238602,42920.0
44075800,42920.0
41462803,42920.0
42241403,42920.0
44110202,42920.0
40911000,42920.0
42634002,42920.0
47176201,42920.0
45846201,42920.0
48457800,42920.0
46941202,42920.0
46154800,42920.0
48538000,42920.0
44956402,42920.0
45340203,42920.0
44633000,42920.0
42478803,42920.0
48781001,42920.0
42454202,42920.0
42435402,42920.0
43751402,42920.0
41126400,42920.0
43900002,42920.0
40834200,42920.0
41523600,42920.0
49864600,42920.0
48966001,42920.0
41493202,42920.0
49379602,42920.0
43815202,42920.0
46742000,42920.0
43430803,42920.0
48323802,42920.0
42293603,42920.0
49778800,42920.0
49359200,42920.0
43424003,42920.0
41373002,42920.0
40813600,42920.0
48201401,42920.0
41630403,42920.0
44746403,42920.0
44695803,42920.0
41332400,42920.0
45221602,42920.0
43606800,42920.0
44181801,42920.0
45105603,42920.0
44839401,42920.0
46167800,42920.0
42846603,42920.0
46914201,42920.0
41854000,42920.0
49816401,42920.0
46697800,42920.0
45523401,42920.0
44642000,42920.0
49403800,42920.0
45711203,42920.0
45394602,42920.0
49902001,42920.0
44055202,42920.0
49840202,42920.0
42948400,42920.0
49292801,42920.0
41820003,42920.0
46536000,42920.0
46615200,42920.0
45111603,42920.0
45382800,42920.0
43858002,42920.0
41590603,42920.0
48954400,42920.0
41263400,42920.0
49096601,42920.0
42744202,42920.0
49025201,42920.0
46264801,42920.0
48768802,42920.0
48676800,42920.0
46282602,42920.0
44708203,42920.0
46178400,42920.0
40817802,42920.0
44308001,42920.0
45072400,42920.0
45648200,42920.0
43279800,42920.0
47036402,42920.0
42952803,42920.0
44974601,42920.0
48749600,42920.0
41144202,42920.0
43278200,42920.0
44320002,42920.0
44022803,42920.0
47084402,42920.0
43158602,42920.0
44923003,42920.0
48373002,42920.0
48100200,42920.0
41545002,42920.0
45075601,42920.0
46442802,42920.0
48492002,42920.0
48339402,42920.0
46280402,42920.0
49119402,42920.0
41733203,42920.0
44852000,42920.0
44005002,42920.0
43252003,42920.0
45849800,42920.0
41504403,42920.0
44132000,42920.0
44912802,42920.0
41275402,42920.0
41564000,42920.0
42798000,42920.0
47384401,42920.0
47118001,42920.0
45404600,42920.0
47692600,42920.0
45227603,42920.0
48438602,42920.0
41875203,42920.0
46184000,42920.0
48406400,42920.0
45345803,42920.0
45761802,42920.0
48936201,42920.0
46257200,42920.0
49008400,42920.0
48466402,42920.0
47798601,42920.0
45845202,42920.0
41511803,42920.0
41317603,42920.0
