id,salary_mean_net
46224201,114628.85592784315
42119402,51063.729412627166
45716401,27497.30876116351
43716203,22439.23714512778
47109602,47033.08673041495
45507200,27965.798711524207
41123802,62490.77581628472
49155602,32342.17999710065
41169603,34401.17451730078
48041400,88656.15866788715
44627400,68871.03962604985
41904800,40621.601082747984
49037402,48281.10091459972
46778401,34157.8374333372
49970601,28911.9549445054
46875401,55120.099484985316
43416200,23319.89538326781
41717000,36442.50103059618
47784201,41889.6558560608
48823400,36588.60344946346
46711002,45342.32813079407
45307201,23538.934197809605
44298402,30158.152026507938
46487402,56228.9335317462
47184800,154178.05130481595
44145003,69257.48455982641
49904402,65000.55424721024
44032600,37164.48594583316
44374402,20679.006548978297
44402003,45260.41097588008
42970002,71176.46581301342
43892802,51344.20811566504
49155400,36480.39740224145
48131602,48697.41139107696
47830601,35005.510556514644
40956402,73818.95220659269
41839203,128175.00839958533
43643803,34718.88575169031
48574401,39200.79863141443
45808400,27146.70601734189
45119403,94818.55077518393
44271402,33813.01260910727
44880601,45135.69197597761
42208202,58555.61105491673
44322800,52653.474437029836
42892600,25288.45961032086
46480801,39726.13240565241
49197202,39307.47476336973
46631001,63328.671607613294
41294803,22572.20965106982
48400801,63232.59755125518
49960000,35363.802281164964
44190402,64219.213206019886
47235200,30588.257459442306
49190402,49489.848283046296
48081202,81484.62344417385
45428802,24893.018535460757
49733402,40550.142311669784
47551801,30070.280108386116
49141202,29291.637346770494
46583000,38475.93201577951
44898201,51447.27184565569
44255802,33590.84787387548
44659000,23309.80098351175
40826602,48916.97687638282
41268203,17310.996650914705
45078001,20624.026343057038
41368002,17720.92412098781
46702600,23334.92315906103
48921201,80447.68758731318
42480800,35250.5069519163
41982003,70607.80484324099
49052200,70807.30615506037
47522802,41481.161103537845
45581000,35180.80587932732
45919600,57868.467974048326
44522603,73530.34527262137
41337402,18333.96146352703
45155202,22372.541489940628
41238800,15368.02312781327
45261402,29336.625767800393
44986003,25719.01782593751
42474603,53840.62430223536
41699802,59703.28152119672
45672802,48322.89442875657
49818601,32142.420828970065
47142202,25238.99814733047
46217400,46296.04921379242
44279201,34024.39851318411
49418400,40411.71746744043
42452603,66861.20126634391
46243002,27230.834409298157
43363403,59443.55094101724
44945201,64920.62165429627
43750202,43233.64743905161
48944200,36543.97162980859
41822202,71762.74803277316
43997600,29453.872035581167
48834200,77656.13224999433
47010601,34568.153182001326
45556602,83040.71180165042
49398201,34981.41395954056
41385400,18199.984800561997
45586802,33237.92730174034
45942801,59299.85133621189
44666203,68214.05359195164
45663201,95454.51819689281
44327002,36955.224616329084
44225603,66523.01856217813
41747002,52681.10668920696
42447202,34471.769321251646
41094202,42722.97007132624
46445202,56954.03296153111
43980600,56901.71472910617
47902401,33515.00694441507
42464202,22079.164515725224
44950601,70807.1317001514
48139402,106516.57831861937
45203603,127420.41927828455
46815002,23950.631864995226
42797000,73622.50867264335
42130800,51652.27756408781
43836402,20436.25632585103
42298200,43838.707953554775
42293203,27322.6888347947
44361002,62480.36454729971
44638600,66623.94232242904
49456000,42266.922717861635
44419601,49993.00112603235
43997601,41807.43100720307
40927202,46137.13448144172
41503802,40815.391663437884
47476801,56545.363332709574
45488203,79740.87504007663
44266801,49411.428419302916
48837000,53105.57243185215
43807800,31581.120724655546
47106802,21735.622248473075
41391802,38220.30887749023
44343000,40799.716753580564
42489602,37950.43786210715
47035800,39911.87817901114
46356201,52669.45417236494
49235401,37120.632397038746
43106603,82864.83764785214
48584002,39010.08893984435
45466402,39453.69410503065
42252403,43784.83110317865
47639000,37089.779180929465
45906001,72522.41397386041
49722200,27443.806466424212
41518003,88497.64206629412
42385403,37963.90739949309
45510201,60311.27357067249
49860200,39004.185224912784
47748201,37099.26547417126
43503002,68243.80756972395
49121201,45937.58665970237
41278802,26366.462145409518
46488201,32499.98994986452
44357601,28740.733561111745
45329003,48454.61128322301
46121201,108811.7748555139
44534403,29544.02020173855
47439200,22635.970634622932
41439802,67835.60273097001
43174802,100818.1983713259
46571201,25785.9552480888
44396601,49737.491816019814
42916803,96928.14755523752
46556402,41321.530534622194
49299802,45345.11430407922
46320401,38776.79874738086
41349003,17332.469103084644
44385800,25760.602778108863
46565000,66139.95063740181
49856402,39811.35552017594
47026802,73004.72424966625
47281400,39912.90558855437
43571000,62886.92089633722
47264400,88385.1085753585
49762201,64324.48289226378
49539601,39873.456935446455
47023001,76004.3456226089
47805400,38905.538541784
42503802,21422.908525591087
44903800,69441.1626312265
45184201,42640.40823593317
46244802,56888.956607754975
44987603,52842.722993231946
48334202,49188.510037380605
46710602,31040.949462355966
46103000,34373.237356410704
49332202,31810.463521662583
49018201,84861.6644768149
46759001,43015.112802937634
43486802,33009.47551102487
47335801,92407.80199226888
45229202,49097.98521567155
42649803,63643.32467845893
49143000,31612.22266988469
48893000,35472.12216168081
46859202,68834.5070188828
42136803,31294.510739068126
41181002,38072.20879583939
44475001,83255.87118460366
44348603,45899.53657408003
47003402,63705.15212047542
43618002,58319.878108480945
48296600,46388.22996831588
47038401,34224.24589076284
49145602,54774.391627095116
45244600,63109.88554022851
47963001,51295.284289720934
49631202,56136.107073735715
42867802,62072.36156265408
46826401,30126.036185493293
49336801,35282.87267110842
41301202,27690.085293044514
45697401,66832.8954494492
46021400,50223.302968336175
44352203,30870.927296471407
43840000,36825.16585137375
41874200,68053.74850999529
45129202,30619.116638726082
43415203,38135.09250358656
45648801,87487.2371803685
43103800,60627.64802721241
46788401,60417.69488569149
42085403,45568.956451609905
45373603,25357.679435257418
43082003,42085.82809340581
46171601,42858.26572948416
42831203,63394.13779548066
46689201,71042.81323062672
44785201,57445.768138296444
46367001,75468.11348544453
44117600,35811.76192920304
45338002,36788.15237326238
47507602,88638.24369861915
43644400,83666.89763221455
41405403,46607.93864578861
45093403,41875.5014683951
45870402,57530.16928918413
49833800,63747.433773989855
48925600,24149.83106814806
42474402,48892.797960737145
45784603,43203.23014761499
49955802,47198.931620686424
42199400,37330.41987724008
49847402,52518.137653264705
45968402,92388.9006294453
42683200,29815.245199589564
47870200,98326.13560137103
44719001,71281.53407892521
45330402,72141.22856191012
47201802,30634.424527028717
49925802,54689.73845259367
40996602,46089.940976631435
49929802,32634.69777661695
47711002,98338.1529707343
46575200,73545.83592687242
41815802,47390.4154343932
45048400,71460.61194535899
47075802,28279.155597479737
46943401,48520.95351807974
47565000,46696.72018040533
45462803,58457.22200831229
49623200,66096.88307295761
45962201,53037.96264478041
45931001,44848.40702350968
43517803,43429.327965298085
43553400,29758.788565629187
48184802,47371.69908875468
46683802,42025.19801049376
44930800,45467.21881819734
44074202,60482.11724075632
48191602,17270.926762019055
45958800,30544.882601282305
48842400,64017.649895578994
45414801,108753.454280537
45767602,63317.484934861284
41082600,40328.17397774608
49807800,39236.210908719535
42515600,117565.1043086043
47980600,56021.85550584745
48467400,28726.873474528842
44733603,39669.55231455098
49775800,73891.43268082912
45906601,36234.85978624644
48172401,46884.40476571384
46388400,44014.47773513594
48566601,38139.64783112267
43549203,24487.263770709047
47680001,51205.9064736207
49464600,39531.73066662812
46357200,78445.9705314746
41941600,25417.065304751024
47069602,55359.90535589663
48789002,45574.378480787425
42849403,130300.26244937257
42421000,68893.00603665126
45538402,82718.3563446576
47932802,39834.056356480454
46972800,39487.33581943455
42018803,43132.229022445594
44280401,118967.6806730224
47428400,51486.349041677546
46006402,194859.2545570736
46784202,40419.29813167082
48568000,43844.30505819134
44073803,69233.82263053395
43262800,34712.867912645386
49901800,100931.84783891198
45261202,44797.87186904783
49168400,33645.208099769116
49770601,44294.38497655583
45477602,37353.65687205763
47297802,82258.93727971562
46899401,107572.39616103384
45612003,61579.887522225865
48756602,65277.4686812485
42776803,37124.836379256056
49858600,46041.27132669947
49174401,38448.078776108545
42772402,34356.781884685835
43129802,26230.881896769148
49519001,35887.1000414224
43622800,72796.6745497959
49482602,55950.6839433285
49972202,99858.02559925937
42459600,56124.67289983364
43603602,51019.89677297883
41775400,77690.60545630648
42630203,68080.33088365073
45166601,54152.9231757702
43040403,37743.35539161881
43630403,76465.73128824477
44806001,62363.02443234217
44696202,29489.6609530522
43512202,32658.773855174546
41634202,18290.220132102415
42960803,62664.665510217914
46327600,48094.14050716757
45595800,36504.19433837319
46498200,60850.97300151975
42406803,49898.37850792928
41110200,41655.61318406536
45393001,36662.94915956799
42895403,30708.127935400942
49837601,26131.888292108593
40857003,48661.84207955577
42935402,63694.04843663382
41923002,30628.170209303287
42208402,45526.94097228886
46974201,33584.60020573962
43269800,57636.35208096485
40997000,86297.35655011196
46979200,39992.7141484336
47270400,62328.7190911613
45927400,24911.327875518444
48557001,154520.29130046553
44972200,58869.186958044374
41119602,30396.87551916538
47353000,31645.89587292947
46813602,34216.42885971169
47997201,40737.80423699752
46946601,121172.07712266172
46387800,27422.849138927955
48712201,44411.642008943214
48221002,42981.46136905794
41053403,64474.22535560564
42243003,38859.39728697351
44636400,26410.896789429462
49100802,46129.616081329965
47920600,34138.72480734979
48827002,31841.726420942166
45698201,40059.88251960841
45879600,46580.89961072601
43425000,43363.678246332645
47525202,44210.790136805204
41924200,49864.399316600066
48105401,55299.27948331646
41100603,49788.517191986175
46949600,43292.8544648671
41726802,52296.72802267764
49039600,24228.673352235804
49592600,18597.491783857917
45134402,33974.287499046965
41508200,23265.298522119145
49893200,27294.65925594797
45114200,45021.31545671412
44794003,56594.12465983493
44670402,27597.518374745767
48034601,48574.043906960345
43512000,45972.910157878585
44770200,23057.472550352348
43404200,56019.742909693916
49891801,65410.56235581256
46197002,25107.01572289836
48430400,36260.851156542434
45153002,22642.522731737266
49878400,43012.11772086387
41876403,43454.627763649754
41257200,26006.419844007196
41403402,36983.931872510766
43593803,37162.50563422004
49852200,35643.18182031702
48647001,54515.5218845781
42543003,40998.612226104844
45240801,25123.871880766485
41310003,15501.103747466239
42596000,42408.18252268126
45554201,57111.59346281221
46384401,41907.90075365302
42649602,66703.84054638809
49974000,42453.598720257796
47498802,22252.106770129416
41617200,31527.282356937114
44663201,43079.57789629346
46568402,43585.54703261816
43820000,59777.19366186753
47515200,49093.935314998525
48349800,28949.204585032756
47560400,39386.09399481436
46774201,29794.01205051864
48445000,48298.858506339
47955400,65074.82594678708
45667002,70021.55424226436
44907201,43674.073613147724
47835802,29863.594496516795
41844603,36506.462522189606
48019001,28183.480199809423
42241200,78066.8961817882
46798201,38353.60843971085
46867800,40710.128325546
49782401,34450.11598738726
41250603,29434.94101006776
48238801,96538.05911636015
49831001,39750.7210676981
44175601,67109.74895881035
46667601,48593.66506766032
46697000,45584.389054793515
41899403,31500.10802360633
47280002,72106.76831263328
45433000,87357.42899669305
44357202,22256.830112548338
44313203,24942.687594877018
43894800,40897.72343016463
47863202,53728.53561469096
43935203,34823.555673677045
43069600,42165.89836567534
42568202,25817.481180138086
49973400,81295.16306905163
44006200,29163.61762205273
46531201,45275.96864153525
43988802,59064.58843366129
44991003,84312.90531252403
46315801,43353.77536142559
45611401,54810.173409340925
45983200,45146.0731020286
49894800,59616.11553626499
41254600,23001.240663042994
45797803,37401.25810133634
43599603,88761.43410972533
42079800,37051.43410862304
45481000,39914.64381199254
46734201,29454.89851999484
43726402,43550.0805810646
49077401,35014.442486702486
43064200,117652.36279355019
46705400,57727.28790157086
44253800,22206.06246405227
46599200,25450.698814404193
45723401,41966.60775142262
48338000,44289.95841469676
41681203,43625.52765805719
42197600,41495.41256403363
41713202,33086.69174054331
44136801,42213.29253300123
40885603,23670.294384854315
43643600,36199.84523054585
44897401,110369.2857948073
45800002,34705.68136475546
46858601,94101.60875633184
44228800,35569.310636877075
47747800,103127.05130096983
49766802,19432.440954028207
48276802,56214.94989827177
44972602,24444.940458023633
46142800,42884.99426629783
41561803,39646.07847221149
45886602,122359.87549100672
49359602,59167.08940939551
45062002,30902.451455591246
47485402,35123.131882192756
48614002,31240.56189967039
45887000,79479.99817114591
46830001,44136.192727086695
47032201,35017.65432806671
44652002,127626.2866159895
48781000,26307.092993863396
46265800,22574.52126781386
41408802,71022.29916432408
46269400,31660.853965788043
49027002,30729.03572358151
48777802,96260.7308836771
49095402,76368.51305260845
42455803,62590.28273225163
45099203,35969.31325355457
44972801,49987.45207244028
46798601,74774.16122354966
49685401,49607.94582473688
45298401,41378.293531541305
44207203,46134.11466699581
44020803,19891.707461823884
43347800,72667.40244361418
48842001,56881.503968940684
47034201,55426.453888556156
41771403,41532.123285525086
42797803,71343.24565233852
45625802,41891.67302771001
41526600,38862.370008895115
45397003,53214.25787689138
42679802,44253.20491132057
44974800,32177.797505308088
49884200,63114.81471719964
45406802,56311.587245829054
41286203,94711.00622284279
49211002,45340.66037614873
47718402,62556.882892423186
45161402,43483.40245671291
46942800,105192.76344304028
46194800,38006.25194810504
41640803,66902.33627401908
48859602,43525.428313932614
44882401,42424.584706497335
42448603,28127.693426722963
46715200,45509.96337157713
44656800,27165.23998246817
49129600,27418.662974301442
48133602,42662.98522310957
45639803,27323.24471490062
44116200,25157.983474385703
40980802,33317.68424489747
46394000,24309.460881552022
45708002,23710.02431984471
45033403,68383.361668147
42260200,58509.72951948202
49251202,45172.65198997588
45283001,62606.139797760276
47012400,57476.592793115524
42827203,140579.7167599674
49633602,68346.52722525009
46699402,31998.395591791417
47166402,70072.29341450748
45770403,26156.723335563092
48768202,61149.1294280669
49316200,35735.86536518014
45117002,20177.459630570112
47899001,29967.254115467837
40923600,109771.75328538587
44942403,55351.13655122443
44572003,51444.157100856675
49758801,91999.24649132273
46076200,63570.578035872226
43220003,47394.441802088455
42229003,57564.11967879719
43815402,41127.13317757541
46833201,102346.03002460266
41043802,73121.82875666923
40862200,69825.85248460084
43330800,51365.14325175476
44864200,45957.65924211512
45662600,45587.094217513084
46196000,47647.09529426204
42740200,46804.46749964377
46670600,80375.91427045486
48132400,30606.309389162197
48445002,49286.64769639666
46667202,49111.375188846214
42547800,35906.25390139607
45013402,38145.718605216294
41186003,28932.839885806952
44603601,50281.70096242317
44326001,20996.290067658007
41390603,28015.732373609702
42696002,50055.358046075366
40863000,59669.89294604182
48898401,44638.55540303585
44251200,27786.911314631056
49927000,36192.69072044698
47307601,95105.42835957573
46382402,22761.171360885244
47713800,58700.322065506574
41177803,20605.278015454816
46083802,45833.49033432417
45404003,64898.57448678223
49572201,41921.33111456074
45703203,55653.04226377357
48645600,57105.48724314484
42866602,42409.850596471355
42968402,65340.779419875165
48734400,35248.97796762539
47279602,39436.96302042773
45585603,40613.386147853984
44665001,45826.26903646713
46262802,59684.44438437799
46574401,25244.57415519061
48900801,74914.24329105929
47072400,108831.8765480808
41145003,65373.37602610858
45486001,25168.08081185736
45427402,60246.31964454827
42317200,47176.77855372881
45294403,42855.43861382555
49324402,83452.85703539039
43509003,30429.985976199507
45988400,62398.248660738784
46888201,28696.23164358235
42311403,62183.38890322453
48167402,27712.638255900747
46678001,36306.557419987315
46414201,43909.05555936635
42248602,28818.411806208187
43523202,38246.63216590025
47160200,50777.88523917228
45732600,24537.619742500738
47102400,26835.16665149882
43377402,58176.07902308347
41163800,40932.349608303164
46040002,33898.86478665265
46022800,66615.84948780372
46607202,28089.799660685763
41000402,67581.79822065392
41253003,27263.564132391995
45796002,34607.76740476676
45144003,26985.288314398807
47704600,28904.336284249603
47753201,109071.46598505395
45664802,39110.55439877006
40929602,24299.730552037145
44968403,32414.438270376908
43822403,53184.41728342029
46825200,38244.05119474444
45883801,42665.89709431317
45137002,28886.37944834106
45167601,32179.608118087956
46581401,64488.79015445337
44931202,45646.56062697608
48246402,57081.06624201099
49285602,89933.8666448851
45497600,89872.35998183742
47760402,20493.320088069282
42606403,18877.12627437781
49527000,46062.58720701968
48161600,26269.831163407896
46903200,113210.19718938752
49915001,30987.80416986867
43992003,34352.37345129832
46250401,101883.28995630184
46418600,36479.5152368415
41710203,76112.505581267
42495803,37423.854947496475
46955201,75149.67246775265
48209600,25276.0195172059
45196801,48348.17162128117
43508002,52178.45733133964
43489603,63726.80293521641
45733203,24145.775995839
44572801,48304.086178256985
44925000,81230.94633473041
44506802,31748.075679803733
42947402,42770.05323962119
43970800,50748.44602730966
44176600,78496.32020847408
41178600,22892.979980309618
42627202,36059.25406698394
42629600,54654.6427778893
48501802,87891.30569339968
49517002,48955.23067439478
41589200,32907.94773253139
41725602,32624.097215500962
49675201,36357.54577914005
47546201,33580.50352520571
49823000,20934.547393656558
48242602,85138.82399398714
42241203,34125.304832207614
42259203,26994.0456558003
42445600,35372.43489307317
41267603,23464.35105645102
47808400,24822.148217740618
46390800,61448.27379288145
43826401,41379.87617211845
41837803,25550.98339643998
42959402,46740.45580447074
47284402,56082.833845734094
45448401,62653.77986303903
44605803,49248.103056121414
48264401,47391.68491532513
41130003,46109.35164282744
49036601,53463.99039337234
42499403,52436.997060802714
49741400,43289.26676160576
45539403,53613.80671770388
41424203,55713.62593032428
41046202,63147.201873435
49188001,42699.272396911576
40890003,26509.168816386013
43129200,36546.84030960751
48212800,40004.254604280875
42644002,43093.94081005656
44136603,32207.996081685094
45628802,29854.744455508106
45919400,39868.40380500692
45300603,52916.13806959439
46883401,35349.612234328444
48569002,29110.080655208447
42019003,78585.22724837366
47617600,59262.856828263415
45497403,52623.1669843251
42698402,75535.24251213414
49192601,31030.488386385838
47320000,80556.84317550506
47534400,124837.11408943897
49945000,47133.46660126884
49997402,61353.98854335068
47616400,48145.291169968536
44827600,50851.50820959349
46955800,81654.17304032984
43684802,23876.163300038992
45120802,53534.77511645544
43338402,61566.57088259687
44974203,70301.48770058769
47147400,54221.3264558625
45644201,78567.81304313002
45864801,30902.05752227248
48713200,54489.926153965556
44391201,52627.23727057026
48501201,28760.471872870567
46869601,104711.67067132477
49709200,98847.39231897259
47687402,59360.03770886115
47090200,109566.71088304525
46103401,88610.83951158694
44782400,56921.1928175145
43758003,25816.969932444612
45005601,26470.028954857484
48629602,43230.2060495953
41904400,41148.44365672214
41209800,27711.541041143722
44292000,57906.12909541386
44936601,56996.14974585966
49657201,62440.46900896941
48127401,32556.612120488015
46344800,34574.57895146391
47757001,27284.69896764735
44046802,48872.38910300486
44134002,46047.48256645192
48867401,44168.354611542636
44100003,35601.40109394109
45627801,66506.7733135062
41580600,69005.80721134538
46415601,34702.23406553462
45308600,49823.52440790573
44188003,30518.116290965132
45173202,66267.2102420525
45138203,41030.781076423766
41549802,24481.090071930896
40912403,43193.30772536494
45220203,30930.721607679898
42392403,64265.64482566064
44730003,39579.845406623994
47550400,84407.88026867161
48794402,41957.86550103779
41738803,30672.0073992817
42416203,30116.214462355947
43123202,33620.15137113065
44532402,31927.824714065708
47891202,52727.13931456507
41353003,26865.308821817693
47081801,35408.910859083524
46793800,91377.01477123363
42794202,78444.86426816054
49430202,28787.373002782704
45806000,89177.76518705481
43474003,99585.5100633451
48226401,62831.27381402988
46697802,104115.14526074199
47896400,32687.550961368896
43648203,41952.23081673206
46820401,88944.65063404583
44588000,40935.45719781149
45542400,68466.10269523169
41302003,29859.2877113449
48323402,62682.78263917612
41221403,27593.85414572943
48795601,45601.95109813054
40816803,41419.785586642276
44353403,38176.55767997633
45492203,38830.641935763175
43145003,58021.38813300513
41285400,18060.151726505603
44522003,28883.63383860846
44636800,86865.71553727746
43719002,33117.86753978478
47288000,36129.78422086181
43879603,23239.467444710484
44743201,14326.832848284774
45438801,27851.403515152084
45360400,38583.4547788991
49265600,29715.04136980118
49484402,32202.22052582857
47297402,86723.34170477877
42513603,37690.74116423857
46776002,55982.925367257885
44142602,39788.61344084316
45136603,71417.70155690597
43355802,26238.64505608639
45052601,33906.396621854445
46098400,48831.805904261724
49290401,43000.07635397073
42104400,72234.28893591516
45067801,81974.6359265767
45695401,42529.96433348406
45815402,47105.85057389201
47391200,34603.968706024454
48750602,57905.000650027585
45406801,37877.71579842537
45140600,69817.9403150041
46732001,31380.86198512055
42286203,30607.963357926343
46713401,100840.6783254127
44132602,43713.49166861496
49411600,34044.86860430687
47822400,27614.917057129845
45203803,34693.13948348274
41958800,51786.683367424564
42942803,29917.9362238702
49453400,32342.113817664514
40949402,42897.08173186568
41343802,16776.62868332857
44935801,48717.181605443526
41436400,30478.842269626963
44545801,66632.52038348
47184402,33599.22951111435
48363800,31085.521770157415
42736802,55097.15214094523
45455002,45379.8348187013
41260002,26910.7445846389
43306800,27661.523072288055
49524001,83106.93271207585
49257202,80789.59405532198
45850401,33789.66506615486
47278202,32428.559647042348
46545800,29832.453821725438
49629000,35813.317218224955
47588000,64363.41715842067
49859200,117016.3228587685
44058001,50251.92182228226
48181602,37878.771569179786
46620402,47057.00616958795
48764400,43325.151206583236
44786603,26551.0639321251
48293201,38365.39229627389
42609003,50836.489851737824
47758601,52653.43695353033
44581201,44440.92420778422
48861202,50769.427222343074
42629402,33484.82282535735
43781202,46351.14976739709
48263602,56067.36519272028
44236802,26852.069539948887
45311002,36017.61261059897
46323800,68958.44592443289
43843000,42872.985514751344
47123002,36323.87880018641
44839603,49993.10422676645
46551200,38918.30623318905
42659202,89116.48842423205
42903003,80643.83370449203
46286001,72539.74576241197
47406802,94943.33417705997
49747200,51469.282246774324
48512001,38587.94365942656
49915802,76191.30515095228
44305602,35474.563727235916
41192400,59547.8809287322
49971402,84080.5577132057
47676800,25832.270415219347
44261600,30597.138433575037
46523800,44863.785113136844
42539002,69898.35413355964
45673401,59163.08909534936
41587402,35876.70071621009
41135600,71826.32644733171
49868000,48645.388734081476
41634203,18290.220132102415
46978801,75824.98097422581
41659803,19243.535539658293
44954603,84234.04702794188
44439001,35969.07806587049
42804602,78010.18061472665
45692002,45158.213114100974
44091200,40475.38232777087
49860402,71926.87221105419
49359002,86628.8376630347
44632603,50993.29810129662
41738600,49547.10296844636
47476000,28432.734603768233
44176801,19140.846693675518
42801403,45438.12359205001
47077802,24610.429063544707
46097002,28115.144215572378
41651800,20770.425490736307
42165203,54563.19698245207
47272202,46747.60124687
49814200,37436.20165742954
42521403,43042.18579444209
45303600,51056.32401013226
42265000,63443.07158762458
41938402,22498.36086600674
49604400,50779.7131905675
43055000,123758.71583146248
45209203,45676.961502059086
43341603,43154.201555016305
48083601,25829.07766767326
47216000,41964.75847373686
41192603,59724.023726742365
48447601,61279.91939549307
46755402,55710.61948509399
43656403,36678.62120123397
43609600,48468.92818804978
47011000,27152.454019099263
40966400,130471.85631594769
45806803,29914.110523839612
49394202,48183.26437474082
44796801,73599.97347775388
41722000,25174.465433754962
49311602,40783.94591045162
48840600,56465.64665718026
44083001,22421.730147128488
41299003,41387.383357901
45519600,28708.612402002356
47868400,70964.39535598361
43960802,24209.29951607165
41426800,55831.41040410064
44648600,49713.9795570621
48433000,59001.77702967568
46100002,35996.9469160453
47094602,39868.524637879476
42811203,21159.482174745866
49834600,46291.01124009099
48392400,46338.16831460319
43720002,27780.369842531192
46525600,33542.8726790348
44558201,34730.15410465443
48369402,37551.979164907854
44450603,34251.52297352214
47441000,37082.31667766541
42151600,46759.74442555754
45652801,34767.681642986034
49834202,98077.96870673266
45543400,56046.58606706328
42621003,110673.75664635001
43296202,107992.20848623218
42313803,33246.87829970298
49888200,37836.49474779921
41082003,33668.62484395133
44379603,46389.62529895448
46671200,25561.02942254331
42666802,23574.451785858495
42185002,29273.96111080572
48317602,90005.93659617387
41288600,29861.055032744913
48605200,125151.53113952478
47986200,48669.26518907283
44869602,45544.68211606256
46924400,25887.278709839466
46461401,25355.35360922055
41007200,41134.24378550188
47041002,27600.375376281445
41257600,20541.233183510492
47690401,69168.7398828777
43915401,19786.607837321917
43058000,54044.1492220135
42151000,50836.92851767535
46215801,38766.64218331643
45145802,41937.50219365406
47817400,33717.464350670954
48035801,26093.906847687475
45351200,43543.81333012034
44244202,85163.74947664652
44296602,31997.780239590422
46474802,92139.72931053482
45086802,31757.184991827562
42443402,54172.23407483678
41371800,40385.91341397721
42999403,36810.41644037037
45403802,80620.30643961154
45805403,112925.98399611269
41585602,28477.789777752572
49161002,25095.374960982313
49780200,35605.806395702784
49707602,22577.16778085354
44141203,92412.41821146877
42437600,51040.12798604571
44621002,41755.35171308138
45091600,26058.268074024054
48147002,73499.53898923457
42484200,35829.92887428213
48081001,45783.18421896489
49552200,40639.81855618505
43887000,27687.392455441503
45885601,54629.21843464579
46352800,68718.66307277692
48846200,48216.011403719924
42476000,36340.253105707314
45538800,48507.56874966631
47471600,36846.70219693118
44948600,29783.794806254507
46787802,37153.51782185538
44071001,48839.109604797326
45837002,58230.70364661695
47187401,51902.57400456197
49802200,41021.40079253142
44084202,47992.51747269757
45631602,29533.399138794186
46323802,25084.858503310235
45582002,43572.77441742665
49771801,46566.19436792113
44842400,39794.682210040926
47196800,24802.253032291337
48404401,113015.11465683489
46258400,36893.57107515759
41781400,47935.58530524383
43798202,56346.8263703426
46289201,21308.007781466615
45811802,31489.2654681935
42029600,31952.324620626096
42161803,27135.82638845214
43686803,41500.7173019498
47435001,36585.52503262805
42821202,50668.33034620483
44460402,25619.329334753857
44378201,33698.90375174665
41088003,28631.5001453003
46041201,33584.18986554245
41939802,24379.770432819605
45515602,25154.08063339339
48263800,32909.72807370416
49884400,45972.662322317396
42690803,47617.66075700204
42437802,26158.83918196304
43186600,31400.650467688807
49528200,81046.99394055131
45637601,29273.43342849977
41769000,67936.31095243305
41043002,32971.954861431346
49619600,31401.386583955144
47736801,42682.525271207654
48920802,32699.375024410198
46738001,43015.70253080551
41973003,86423.10760044983
46663601,55279.00703835246
48690802,56361.599839327006
49120401,76882.2731613319
47028202,71210.28759715483
49897001,32527.812195729974
48527800,63119.79256339687
48058202,32574.09826405025
41107402,85129.69561257963
41478203,66706.349150337
48448602,95043.46215052238
45528800,52116.848639306474
48765002,90258.80697540515
47360602,63474.91970394028
42985403,54779.18787371659
48613402,24672.776071980843
41403400,43819.4922224055
42380000,45994.8064068999
40962803,35373.18346059277
43676603,71875.89495284842
45718802,33377.16394936866
42941400,74069.60519839266
41956800,41665.79013336519
43834603,52836.60226941891
42806000,35609.00139860368
42500800,45104.832885231684
48240800,46269.402877745415
43132200,36277.05369231933
48911202,30208.386672325534
41394802,53603.146084692125
47927202,20160.735521643364
44614802,49530.794094793535
45363403,81419.75201188085
43284200,26919.891409428026
49863202,29026.330064276633
45478402,140888.82750442985
43462003,58696.44536006986
42714200,48672.69017832106
41723203,63063.76499414185
49447402,64430.835789533696
40970202,69522.82197460708
47445200,25099.809856553493
49946401,75830.56299151882
43524403,27617.20763217152
47511800,82502.8005422664
44564202,30499.962065858683
42545200,27686.14377321039
43090402,65470.64449064811
40957403,55244.78739191755
41046000,44494.5902580374
47478400,39892.17814444749
49897200,36962.46790990765
46425401,70695.17591288716
47759202,52764.787646796496
44208202,21512.025033025624
49207600,58207.99443124906
42943200,34542.2990536011
47425800,40296.85556042445
48028802,28573.254120935973
46154202,38727.654333175444
46294602,43453.30315956681
49041200,112197.18077292448
49039000,29388.847849607177
46415402,44320.36790865383
47245802,47614.60247844906
43217000,78170.02303645424
47508601,43184.6506674818
49674001,54942.55783015867
47332802,45317.78762544649
43885402,53890.75792867226
44309603,68293.59854213438
48337402,62265.35779823597
46687602,46988.328581618494
47076202,36720.28849372935
46997000,98530.66064164056
43275803,58386.34424649286
41349600,32136.11185182567
41222400,26673.673626231976
42442400,49104.763182945586
49844801,41362.66193024566
42300400,102490.70197166255
41856400,29585.632971611652
49540400,85788.84792349269
42224200,28000.395520646194
47603801,30873.08343014969
43105400,33067.12852563886
49739202,49446.69575682583
43086803,100125.6075886485
44114400,40720.85537792303
48034401,102396.51061786564
42032400,36544.82843077535
48493002,33097.04610143653
43072400,22143.362410540314
44942001,55841.06693771555
44282202,31954.4332954677
47009402,81593.19976904853
45510603,25895.71490177992
45811401,50540.82554892359
46072402,22892.03649024983
43883003,44372.5171295977
47169600,79086.10743171736
45779001,25070.57288463827
45692201,85555.57084744507
43936800,57635.29596085027
45670402,105724.4431944936
44566800,31636.841244442483
43697600,74786.2148663388
47004001,76494.10774550987
46221000,26687.67931983358
47482000,68383.04404094623
42433200,46469.96330331054
41080602,24512.113280011523
43986802,63870.94099800872
42234602,33436.78582240628
44839802,36650.126207613575
48326200,67191.40414127542
48391402,34715.481624061715
44757200,25914.281562471653
47845401,81870.80657570767
48062802,45012.63731715892
47086002,25389.959295619014
45502203,26452.47843884391
46389602,40218.31208529133
42378002,48572.89181346032
45131203,40478.706448275036
46006802,32723.963611356994
44883801,83552.94910259939
43968202,43839.77777443712
44782200,96745.43273259622
41637603,34837.91844173846
44882203,54653.06320239726
43261803,45085.212606403446
48691602,47015.8734416967
46940801,40361.90473076204
49288200,65787.09280450309
41057603,40708.62172276267
46588600,31713.905029660367
42417003,34946.278901075595
45328402,58415.64332382734
49124402,30014.343894799098
44152003,38886.258939801424
44871002,38849.74126342634
46598801,72343.63934401912
43636403,60367.02845413665
43542800,37399.388694416586
41656403,69421.83532532961
47095000,25945.58398927377
45997800,42355.315473368166
45226802,22965.80038530505
43872002,128307.20755316644
45050803,45792.12992636636
46410602,40375.78887694709
47920000,42382.76008268064
41123003,49813.120003660326
45829803,43620.55231037544
44698400,56050.06622616771
43228202,60802.435066532234
46856800,27147.18624960232
44983402,48614.45637238652
44769400,44455.44667174897
42119203,83062.78990560287
48104402,66364.07199774726
45674800,26712.476145527424
42699802,30441.36115270239
42599400,53108.96244573947
48310802,35369.27441905446
42812400,60267.284483938805
44243600,35235.997525041275
41651803,20562.558165931343
41764800,55971.989439699726
47646802,55678.97926202268
45598000,44317.105675428626
45669403,35929.61572115705
46071000,51402.67684010577
43304202,96934.64523638714
45800800,48959.54150679546
44912403,33864.25727762575
45955601,37535.79534138455
48142600,33019.76782386752
45142002,90479.44627089729
41177000,70840.95720567417
43462200,51848.210290830066
49956402,72254.7610575957
47468800,35627.21910577259
42057800,15961.11780963715
46722601,73841.43503409259
46228201,24414.810594531653
46308402,50791.26114122139
45663202,22469.459817734296
47209402,23181.93130080864
48127201,76692.91683637736
44274000,48400.704121310395
45581803,40671.769349775255
42159002,68996.25309876823
49694601,45389.55423585
45226202,47290.021033052166
42249202,25624.15127907549
49796000,108045.39946194178
49902401,40706.97440113921
44705603,48271.89174497838
45043403,39704.96674229961
44392403,83834.39358655535
43874602,40666.68571612647
45744800,37214.80742659102
42958002,49322.471024740116
46268201,88869.64601791851
44740401,71149.1472536581
41557203,42966.38971105684
47534600,56047.31997231723
44314802,48293.959391137294
47088401,23978.499957955588
46641002,96450.88357442559
40953203,73019.85334284822
44286202,60449.919501073615
47892601,20398.675444745517
47574400,26680.223848291927
46620802,87060.80434450785
48202601,30150.0998918608
43754003,52108.73372811697
41895203,34080.057836921274
43147203,30795.094460567536
42735002,63065.75668854519
48142402,45632.7153876031
42811002,58842.839192433086
41642803,33439.88601171453
44418602,35249.32970213146
44915802,56771.3664693442
47088002,42709.818139987
46370601,39871.22765628995
44715600,37351.24321404807
46313001,39016.498023896114
46118400,23509.18177954007
49058001,59387.028321355574
48008002,37266.23548536155
49677400,31719.708448618218
46323202,39070.53097203576
45614402,41157.367953536086
42669402,18781.186539100785
48780400,49512.67755771845
49069801,26264.44225558887
45538603,19256.772981740232
41765600,52419.81265995914
49448200,76860.1637508945
46203802,31189.516819030505
46248602,42053.75773921623
45170801,32254.11948319029
41110003,71971.79790531428
48817001,53317.234131677156
42430002,88919.6155008436
45586202,39897.5791238921
42235602,51826.291323160374
45429203,82776.88097214121
45745200,59071.94429287759
44731403,62437.5486850635
43272400,60979.116632989586
47350402,29891.872080785237
45564400,45285.15338318611
49550201,26236.27572530962
49240602,121557.88643750237
47875400,30255.804778705173
44313002,98320.84044435578
43028002,32950.50272720636
49952602,131168.0909788295
45782602,46846.73929703944
49017600,26024.00849310416
47900602,38205.74697263691
45712200,53544.28500945233
44214801,76568.74180915611
46116602,79198.45607810526
46651601,23556.87620593342
42858003,46079.88518495009
42338403,35374.19865783111
45606401,31799.239468233587
46585400,66196.1267247457
49569002,34880.12807598976
48177600,25089.181926242996
46505000,53386.0020641231
44597802,27944.983627757443
47561600,30147.26270149452
49942802,54007.497966612835
42261400,48440.896486741796
42684200,45604.464535213934
44967802,34058.6685343254
41604803,69357.10349274102
44702401,57672.69555338948
46404402,34837.21165170083
47145202,85998.85552682618
42966200,27211.176645912536
42364002,49603.37480156106
41571003,39782.466789524624
45100000,33935.752535695
45500400,62913.35802710742
41711000,25199.937785323702
42384802,55376.57163507745
47203002,39904.27767885123
45829600,62103.34969060383
47791801,100654.17053745291
46624800,55172.26470959571
48183002,62714.24708826027
48831600,25334.648141846043
47360802,75693.14747999758
47856400,52062.635862467665
43925203,51668.82076428655
47227401,61948.59555150436
47931401,37523.82577041109
46158601,43296.27004604542
45468003,41510.398924597685
46121401,54736.455049752025
44352201,68391.83546017155
48212802,50678.77877603749
41759602,50932.73452841257
44158400,44414.23062950315
41563403,17519.99456821883
49208002,46558.64815343684
45470603,33694.23328416224
45697603,96078.35757321616
44908001,42094.04962646593
44813602,72210.38182531156
46787400,46840.21098042322
46240200,42629.431171251774
45146200,51315.38343275297
49715001,75456.67952263502
42746800,34100.415092493466
40948400,27206.39999777736
45281001,56270.28996366184
45049003,28645.606457168968
44858801,72597.07672401339
44487203,36376.14254623113
41157003,89698.47725711812
46591400,27939.70558387505
41836402,55747.11457052686
45223601,27788.859169722156
49539201,119824.35676971296
49954002,25907.95908028754
45292200,45381.15609319033
42930600,67704.6285559292
49171600,25941.359302503788
45970201,24776.231108952743
46897402,33710.98398483133
46350001,63945.45257232898
49835801,41157.62188717272
44517003,72338.73118992825
44597803,39007.01198732847
42884603,97835.13347691277
47740002,31335.996025013756
47797802,126512.69029576756
44381203,60577.52719065654
47110002,63171.949167711085
45059801,48845.376420210494
45997801,44191.67584979374
46039400,60574.05327699669
43887203,52725.526009012414
43127400,67241.44625695722
46639001,79983.37317592828
42979803,32177.998552852183
44326002,20745.33374812268
43454403,58952.5822271828
42445802,51845.83913402988
46178801,84366.8868210241
42896802,20448.043958834634
44543200,47723.98931893009
46472602,33667.69060197857
44176601,56053.92894757519
48368801,78763.64057692824
48321402,39986.672943186204
49660002,43646.041232052296
42065003,26032.6490117675
48558800,127548.40778581088
42293000,24162.459696870777
49640000,45396.12788111927
43246602,66105.1779195139
47521600,39656.15668808461
42858203,59268.40346643382
49439801,47261.41842774362
43155400,71122.88478469149
42717800,62276.36509792807
44941401,21066.983585294354
46151200,25652.772635615846
44074000,48834.014482746476
45231202,22834.496227771167
41636002,20156.393186523714
44474801,54120.68605639578
44243402,34878.688409787224
48450400,41419.49611263606
49013800,22718.333647470594
42551800,38164.652741419304
43829602,31515.09620165002
46752801,28104.939503180216
45887202,48044.75369793274
41437803,58283.9237195024
40967002,32799.10795089395
49767002,32944.49069191148
41839603,41080.366849617
42371200,52929.71050409565
45328000,63162.652868600075
49099802,30955.395930541006
49739800,33141.342228739944
42041603,50390.77239365049
47377800,45231.279763486644
49789200,41282.626217481775
43001800,81050.65731262806
46740200,68246.8353074639
45372203,42095.11212741681
48133200,130085.20056946912
43753802,56178.054499962454
48357400,109735.6875278226
48835602,33004.60860701396
46754600,38440.69445400723
45587801,36897.19825791363
49957402,62162.324280027184
41341200,33067.845400556245
49678801,35389.026354770205
45050202,93423.34508592066
44673200,77234.4926655162
45602601,41244.60483487719
42657402,45442.55728724304
40839403,33354.989960907194
45089200,40008.263346350206
44009403,67966.94584203837
42954800,55463.90683909647
44037602,30454.288460211184
49592801,69455.11989870094
48277802,30378.971706589175
47038000,25409.597296846547
43775003,44336.010134473385
40806002,41084.990521232954
47721602,26708.285257682892
49564601,42066.495105518195
48059002,47769.877935339566
45871601,34150.89289409261
46069800,32889.80694350974
44226602,44971.04507393948
42707802,36228.85533944212
45414802,64050.190702910484
44458601,58603.84748003761
41345602,27864.819580532258
40992202,68837.02020724019
42214002,111454.86270300281
45487401,63260.001815839816
41134403,28023.123250284178
45215000,42761.89567239995
44906400,57718.17685630681
47257801,64644.83947269117
49189001,48509.221352595545
46535600,39415.651223589084
46795401,140182.97420173063
44626400,51566.46653198359
43524402,27069.753377944653
42605602,26340.27391577999
43833203,73822.87194249892
40821802,57571.42288232379
44854402,40662.78517105155
43936600,17212.293903517104
44430802,32247.194928863864
48303200,107703.83402616295
49425802,61271.92709241588
42331400,28253.57957516585
41051800,55362.82130272261
41562402,40006.5345651733
44597000,73250.08490156049
48403000,33868.132750812096
46816200,34787.58779531547
46020801,74038.43269211998
42355002,31694.147798949685
48574802,26495.63838088535
42594600,35582.29545502829
41441600,41210.84689105672
41108000,65183.61848175436
41158202,29758.78539037918
49857801,28466.66583662129
42984200,38168.85213624502
41963602,35137.166186264054
42872602,34376.07296361617
49773202,61793.19049424418
45878802,42880.72715629645
45390203,23329.664373918677
41307400,18309.84286351003
43945603,52205.17028751422
43894000,41076.10345276165
44428002,20385.308473781533
42318803,44694.126822110666
44572601,51041.757319924545
47498202,36029.31313696664
48228600,72892.74998878647
47004801,24716.165345972222
49550002,24641.25139680888
47102002,31392.610852053007
48333002,71877.22677018741
47292202,33774.04330235259
48603602,24900.533604112155
44334000,66256.33510066448
45589402,60230.713833169866
45575801,37489.34863033339
46786402,55974.430589099684
49522001,78945.51597039352
44028401,40785.38012109862
45770802,57930.35062342669
45356003,79260.87605766878
45170003,36206.40027713475
43569003,21372.974417699555
43865000,41231.92885359109
40951403,39725.454857774734
49959601,40943.42513176114
45331202,86100.62653463322
45206400,28240.70683030694
46758602,95944.91910748575
49206800,39821.5424174071
41370600,21451.773079583225
47612402,59714.931927110505
49555402,32714.29497059962
46266801,97264.25912303042
44084403,46923.455230188345
47429600,39288.7276228392
49363402,54441.550197311524
47530002,36244.83607892965
48417602,28413.935285398395
49049601,53369.99876886244
41857600,52645.585517360334
41966603,65607.59047462168
44058200,30795.205870313028
49761800,53064.483524738345
45123200,44433.27494193099
46112802,21696.741371771637
48247600,37480.89706216974
46774002,44945.041982490635
43426000,27236.663736170787
48092202,43886.73488830694
47020602,27467.174772022787
43186602,85305.18561520474
45696601,41825.14477308711
49123401,54960.81332903535
46764600,51401.56427304598
42750600,102295.23209167067
48568002,108418.55475666595
45487000,30610.13469797773
43141600,36593.294446910826
46477002,35261.90009949409
42074403,55363.944591096224
45969401,29476.48935957091
49278801,36872.55434313421
47238601,87168.58130453127
46171802,34038.56409222339
49678401,84516.52960995039
40966000,28167.1416167736
41067003,26081.23203113562
41295400,27870.732950658596
49081400,44215.58083562843
45505400,44773.77142032435
47435801,40452.48786589526
45449203,55860.14264517709
44869800,25090.557128097156
42764000,62421.39455297497
41898400,49879.790314912876
48019800,48414.699524307965
46173001,70138.07610197584
45526001,39446.849338544256
41284003,26242.644076203644
44322600,28661.58849575675
44431802,30216.706324821596
48564201,33099.35851529228
47018002,62993.254468644765
46740602,50029.69164567947
48034802,25958.663080414757
47796602,37388.30562548094
49159202,62092.040977774464
42187002,35501.51079244664
45391600,34572.569398161555
46782601,57985.37287016077
48254401,106628.1770043779
44532003,48629.49026534597
49084800,41562.82132952034
46285000,87324.6495180533
44139203,47216.862516066205
45534203,75533.50780536805
43679603,74328.89769669152
41319603,25914.706223154317
43241002,22370.617331822756
44853803,43693.12074827463
49161802,53141.61379389715
41336000,20939.213027071168
43786403,25150.81085012972
46850400,26459.498621078925
43850203,40153.40842275187
49952200,50270.55198076769
45813402,65234.91733054609
48163001,34220.26206058722
45486802,61590.83143829866
47444602,33880.397662930925
43802600,40389.169589001955
41412602,33924.65257867368
43819403,46040.1154673215
41597402,31499.662456540587
49324802,95574.60449356372
43723803,38077.37723914292
41937000,16239.315660193046
43735200,42343.0203372205
42146602,29371.258408050307
47408401,55533.4906311209
49404802,45222.8905447568
49440202,46694.72213720901
44237603,44958.36644186375
49834601,41079.04340150515
42890403,29442.54748575722
48475602,27606.847398510065
42265403,27460.03446852752
42894203,27940.791192155615
41372003,31605.009485140396
44613001,27003.948674615105
49429400,25655.017252576763
49633400,70496.15611995509
48962801,57030.57553576397
42584003,51665.41683522218
46337201,27837.267291932196
47949202,62503.263282213724
45674601,42294.48889306014
49793000,22004.631736362287
48963802,52168.855709209834
41681603,58801.86220763508
41267800,33508.399113021536
42632003,62404.28649117733
41475000,61688.3572799907
43248800,48357.600769750454
44110201,87603.36905905706
49536001,35840.82725954878
44962402,15415.56485795306
41940203,68196.65127442821
42723200,58556.82756440446
49639600,86754.70279880655
41433802,43341.51957080299
48403201,36400.981844265945
47416200,53873.96478680463
47079602,54619.119875498254
46700200,157004.62665285697
45269201,62647.151723267445
44176400,27409.656203699677
46924600,50238.36921224652
41599800,69168.52888334169
45991601,38048.47376659459
41476002,47221.939422114025
42588403,35628.24483235249
42911400,50687.37074859181
47411600,81952.53051444989
48314602,31337.103318829915
43244802,67884.02635812585
44495601,23732.774716712745
48502600,31264.195703928006
45722200,90585.74346612894
49470400,45295.27423794152
46253802,49378.29695093309
44784002,24100.299717137965
49067602,56674.444391630415
43190603,27902.9612923232
41286400,83161.50357185479
47625402,65656.84033165591
47449002,49183.320338693244
44341402,31908.8092092022
48917600,46687.420021384525
41917403,33041.754561853624
47652401,25350.860265313786
47449801,37138.19253692664
48017202,28638.51504394798
46588800,49123.80729641951
44234203,28856.9305899878
45411203,32546.992178944885
45493800,89918.42662966547
45248600,38835.83384933481
44841203,30521.619275381017
46578202,59874.14481173965
43563200,98192.99874374742
46989202,40097.03231049887
45357002,46121.689197216874
46783200,28227.855390804925
45839802,32418.460510697765
48615001,66445.72727326809
41060803,48362.62352046902
44311600,106367.58921636271
46043600,32959.979758639936
43851403,33315.42279429697
41244603,18724.64717561756
48033001,59040.39990307598
41388402,24127.245197790096
48660602,49750.90210405745
45112603,81290.10285068594
41144602,63105.607240493206
45100401,55812.14511925055
47838200,60859.06349988141
47476001,40171.67062409933
49624601,65100.18255384893
44630401,27132.118038977602
45963002,43514.93450849779
45411002,45572.12616757007
45573603,40127.67916494158
47117201,29747.7187233939
44179003,23797.779111285545
43445803,66613.18856257354
49699401,18322.929060276492
49841402,34638.82513123356
45318402,45681.27760922938
48500802,59338.73560840527
47146000,32061.71193698122
46852602,31412.50292542146
44657402,35163.43900926674
40988000,42022.39160470881
45557400,95487.88012891317
47250600,77266.38397855072
45776803,45256.55607103553
43911003,40990.02129840784
45650400,58171.25292173447
44363202,31338.12982715016
49066000,29899.539603602596
47335401,32173.27168083134
44982402,47292.633658233695
41599402,28818.057814833595
41109202,44805.90262224034
41984802,53403.03260009509
47658600,24503.81338641095
45970401,89638.39503013807
42645402,89246.49022515037
49778000,44704.21259320941
49078402,27496.43100291619
47939402,36726.00845327483
47314402,49219.15472265555
49219400,46296.04921379242
41944002,23653.19175832323
42025803,62759.86302995947
45380801,26577.928217358123
48727602,80205.120973849
41165203,39792.156656416475
45877602,31484.154898824265
44886400,22406.937235595964
44075600,27177.915749152795
41897803,14278.084898158175
45467000,36475.18198260886
45992201,34869.61327578113
43027402,38192.97710126361
44508401,35866.413038166575
49030000,74066.35114414588
49290200,77133.69301923104
46998201,39845.89636351544
48176802,61191.9692091227
43486203,57085.690575640845
43265803,49527.18280204783
43117000,52797.90189596835
44221201,35597.551078954435
41376802,32236.998242082103
44247602,65994.23301290265
46652402,38031.963070564605
41171800,81115.38298077766
46548600,91982.90745934974
42970203,41282.48637507153
45838601,23757.71831316572
48747802,42312.95204000159
49231800,50080.271949596936
45823202,27123.944817204207
41229202,28523.881364727822
45267402,32557.546807013667
42795403,37362.34045071208
42543002,85234.01633503236
44109202,93191.89002907103
46290602,40169.18044619813
48545200,110676.40672686405
45735200,50035.43063001368
41644003,115355.06832772415
45846603,53243.150040075445
47809002,120992.60754468023
43957202,23678.40183631777
41570200,25876.599731514485
45854602,31689.251555939503
43741400,57252.180799933536
41788602,41879.01012455848
43983001,25700.13579071144
44822403,121447.54376894509
41530602,48675.31729382184
42379200,48296.083887641726
43121002,41870.50810588257
44983001,43520.78999015603
42582603,51018.79829856174
48283801,49798.08622507424
44146203,51275.27003814022
49695600,28855.349437433386
49151600,55435.732541881414
46360800,77589.22979482089
42638400,28271.447780758645
44077002,52714.235314290185
49650000,30573.37154907778
43612200,38211.32397514234
48624202,36537.81308601613
41626200,29178.00439828589
44098000,30545.998537741314
49190401,69621.90993296013
45073802,48363.13324787465
47277200,45656.92380663501
41082603,80397.42667518076
42762200,28559.14471121808
42248003,30351.8525050166
44101801,62667.13836937164
46757402,29399.252360549366
46448400,78501.92598990099
42001002,30514.286992807007
43841203,68129.66139879094
49749800,67622.22905462743
43211000,40721.11227248362
44525001,49801.643640189825
43611402,24616.680923472417
48751202,52162.923078153624
44355802,46767.61622047839
44287602,77912.82326662904
46898202,57663.722649421274
45369400,28451.562762138612
41321803,18914.66099002302
45785601,58801.89912463072
42898800,47151.12082817604
49574001,75419.93596786076
41146200,23893.712691623732
46484002,89270.39725224693
44587000,96643.40854926512
48395600,52579.58512032794
42893402,33871.79737804223
46109000,101084.13854467933
42323800,28345.253146135772
43165003,49244.3204575488
47036802,25896.70286629376
46043602,61447.42223694008
42500203,34668.01268281313
43166203,34710.00629142333
46979402,24049.149011783888
44998400,29324.138634891424
44243401,34878.688409787224
45255602,70584.20778530058
45219603,48038.39248690766
48018802,57052.38564835341
48369600,29026.291842978066
43752600,31961.36923413103
44411402,21712.106954916067
42015402,70816.33887163716
48612402,48962.98932680917
48331001,68438.35779248469
41353002,26865.308821817693
43423202,30431.999462071428
40831200,50745.93904528572
48348001,91285.75298240359
41466600,42851.47051073048
47462001,57384.478368242046
47756402,95983.71730912103
49273400,23678.02434598752
47728402,94805.54543150615
47673801,38233.71284792451
47966200,27757.874098114
40899803,54946.58355047155
45219402,45180.480342737275
47083200,72336.01121873659
42420002,41288.76708204374
44811003,55108.165039767126
44576202,42563.078835752756
44721402,41207.66522354443
49976802,64868.13763662204
48795401,40050.9462150584
48446201,33718.1298432395
43576403,115638.85408801878
42434602,42726.778965990576
48972000,81938.2219622012
47933001,29906.046685172074
43218802,92492.07172107004
49244202,34660.40944019663
43290802,39267.489029562406
42883003,54709.905476716
42965400,37992.759253507335
41978403,39694.16808616225
46984601,27713.169358653617
43885003,95941.67247072785
45455200,99962.18465178118
44145400,36711.4401527952
45109203,42872.22732319568
49800800,47165.455088050556
47839202,50439.36112246197
41321800,19105.870498376844
46510600,25237.06670458321
45771001,36514.77589909393
44412601,111944.91800214585
44814403,51719.288488977065
41949202,34185.51551825801
49534402,28013.25666382144
48312402,47038.46374981106
44273000,61909.46964903599
45233201,59829.218521513234
43343403,66293.32823659008
48304200,47481.176967010346
48704200,37886.806812617266
49317602,24290.805376468314
48410400,65119.95783671265
49314800,67006.31278609995
46686801,36648.8923626266
42071400,48226.965378246736
42087002,41013.17624576361
46823602,34999.69432155852
41891000,67725.48471157707
45144401,39615.49258767819
47598401,28496.05628150693
42260000,36723.58752715294
43370200,38079.52833937757
42167802,68299.598040507
40902403,99254.61716014538
46645202,60142.2433539538
49241201,63618.81289697915
46692001,58795.654871827115
44920203,31361.33144890575
49256000,30249.531750903505
45710002,47172.80273873684
48012202,53304.55720569819
49542001,34610.37103732709
49278800,51419.5293309828
45792803,72646.38068818465
45772600,77252.9790973956
44741600,34512.44506136339
47553601,31605.713639116835
42183803,40136.8410302786
46905602,71865.34267605947
41613000,38390.88167696526
41367603,37015.03626394964
45581201,41271.00266364178
40889400,48139.953984468295
49159402,38239.39232683701
41681400,23830.824951576426
43297400,40826.59261220508
43615002,48822.862269954465
41851402,55562.54666673573
45501200,62953.50307005179
42039003,34032.926171052095
44071000,84154.68004626363
45923200,104973.16660125215
44885401,62283.46975740669
48797400,74556.25501080015
41134803,22318.58528670069
42514003,69449.83069925646
44820201,80071.16329673806
41793202,18394.88026523189
45270600,39521.12268763362
46756201,107953.76822917345
44539002,64414.13438227603
43869203,43613.53039568116
45207200,30833.83547590198
42747002,39114.92353028332
42178603,60520.59984936066
42860000,67568.17836050295
41011800,91684.5356546196
43340203,37971.4150755887
42589400,108119.81970597424
41957802,29992.780175290958
44183803,74401.41159283064
43747400,29680.96829025807
48685202,38376.71292518008
45223001,21462.61423154184
43928000,31529.342758188777
46148600,53602.81829159759
45115603,43979.26965273575
45336603,41924.395374231004
46061202,24283.48701702434
41866400,15452.368412884358
48205602,27153.523070665982
44040000,26676.684909213902
48599600,30758.88268280493
40854800,31550.00865962422
44784602,74269.36998925789
42110200,74987.78205376443
49938002,23543.466266982396
42403602,27201.418802932145
40812602,29207.187776818984
47841402,27606.387717099446
43895001,69715.81898780346
49315400,50577.280947467916
42281202,83506.19468960194
45999201,34710.42220029848
47967400,38180.90389212565
44390200,24287.26891845813
47239402,32357.628896796607
45675000,60191.90259451448
42930002,26710.045555602133
41025000,24511.946373715353
45780603,42848.04730506736
44789801,27349.13744202175
49932201,82490.99499299034
41249202,17981.346443253504
45709801,27794.957728084006
42264802,30257.945953098293
44266200,81776.42053877162
44508801,122574.29705628187
44901602,26322.204349571202
41249802,19745.336939500095
43541200,31751.710284468394
43449000,34087.56801770058
41332002,17925.430874880207
46589802,63864.15585102678
44285801,63879.03372528967
47028001,48943.79945574077
47021402,40845.15389228211
41672803,33201.88120983861
45130200,31481.1889640603
48315000,34908.08594073843
47016200,38395.825015218055
43339003,37381.73578231233
48511002,24500.160475118137
49460801,48968.01818954924
48207201,39183.898518855094
48791601,66946.38944662802
49856201,33669.09906246666
41669403,54489.8339121828
45085601,71021.88417308289
46770802,30251.87667361616
43468600,47420.7254372991
45688800,36053.88755747828
44416401,31582.57897776642
40829000,42695.58317684314
43317803,42780.9828098274
49291202,26441.102744647556
48130401,37933.22976728527
42610600,29432.727807346422
46938800,52990.38713426998
48446401,19037.829252947682
43225200,21174.34427245015
42116800,45522.858253342296
45872202,42552.87614075006
46444800,32992.106041658764
48872201,49342.769204415206
45644403,48395.17009079327
49512401,62698.924209665725
48073800,31523.945377450164
47641201,78168.5662672936
46330200,64332.9268474896
45622001,31413.47526826758
49334601,123164.09998378047
42093000,88336.7555883247
42932800,50366.76349787112
44411603,32304.383244100714
44532403,44692.05564671612
41194200,36227.82575230966
45800001,51537.13331317703
41005600,37504.642534905055
49796201,49239.250729670806
45424201,97278.08990276314
44287001,65340.27643579306
44008403,65387.24755475403
43198603,32878.38916840632
45766202,72686.7341696276
45839602,90938.30248756736
49180402,72837.12727417066
44875203,73770.67006141249
41479003,58370.84026906231
47423601,41312.71271499335
44702003,64102.5015707629
44110801,27406.01912687562
49072801,29613.989150691516
48449001,40530.8662561825
48427802,31846.78069088597
43183600,61753.52049356505
41459003,71476.25402373962
48086400,91421.77898655891
41151602,70732.52193651427
43125600,76698.3396034586
42671600,40695.91027279685
45224201,39806.613902930585
47583601,62009.98142206892
44272001,38641.92341033139
49918601,36619.29166270224
46388401,69525.21209790236
48264800,70305.12942901211
41315600,28311.860473543435
40891002,34748.43514494046
41210202,14832.9739037991
49056002,41837.414920501586
41067802,79492.63543121473
43655400,31544.139178068843
45290400,50221.69863825444
41955000,40083.67710854925
48695200,33479.46734503643
48940601,40967.097931296936
46014202,27329.255022261397
43518600,64296.79792414559
48367402,78370.02508416779
45584400,31925.594607594598
48469001,30855.800162096446
49072401,56902.83295796744
46025202,27754.201994431754
41718800,34080.26299911099
42687602,34878.688409787224
41573600,30200.455343570546
44219401,26351.557683126524
45570201,116970.55461951258
41090200,35602.96730785727
42092800,63181.712960674
47024801,54824.711695425576
41625203,38120.003931299805
49913000,43103.90194061286
41301002,21099.03011489
45377202,93504.25842706597
49763001,51261.6834059113
46450601,52245.92628249995
45340403,33684.25222305948
47774400,36719.59326557954
49093801,20229.057118365818
42808203,37553.93764893524
43837202,51565.777461798454
44477403,61881.63035292917
47520802,30931.41755513074
41111403,20355.18350224607
41441400,26323.348807239785
43764603,105704.08867397867
46946402,50542.83637007193
44343400,52708.302441328524
42965802,48490.5171873062
42233800,83262.03638061108
42459802,27500.57376664704
49928201,72278.73705631273
45132203,69754.20997242143
44461601,70622.04098198719
45782200,62230.52398546782
46385201,49612.48050559545
43854602,34702.21732698272
46675002,20577.43950347437
44994203,31531.289136180556
48524401,25677.71416831996
41527203,40837.70377647992
46981802,30514.036524798234
43620402,61697.6442657526
44846400,31266.93114601947
43997003,35375.95205915802
49867400,34546.32328091667
44538601,31515.16532467739
41287203,25960.454744133553
48064001,56514.44092765669
46304401,64243.80022040261
40843002,39557.72606363806
46503800,36215.29013539749
45247401,14141.225791223877
48011801,25417.972040238692
48136801,34123.875822263566
45435801,30456.768512004724
46080200,50204.08736659689
45181602,28439.756807575053
49932002,75016.3507638675
43903800,31525.92983433751
42465003,74942.63986413059
41501003,35951.04663886719
48827001,73260.31984785957
41340402,22431.44176615068
44880803,43482.67631701058
42373602,51239.262673011326
42299603,53598.90958313955
41196400,29708.134853007225
48953202,56825.83462868446
41056000,68959.84489188436
48464801,30521.584546475955
42805003,41404.721148703946
41177002,38231.37232002784
46921001,33835.74789433105
43015203,38786.43370029271
49194802,20849.057235210727
42695403,24557.533076483072
42472402,120437.94473604983
43546002,44689.04570692808
45415201,58654.8409359518
49464000,76286.08758735897
47105002,31234.479090088553
47579201,72453.53841885773
44738800,99952.39960216454
41964803,36026.2517597284
43932402,47378.572603335364
42349203,136257.5447152738
45792402,34889.66365678564
41138202,85491.02623640632
42215000,62057.269128030486
48977002,25278.48412611112
46278002,64424.48031375984
49272602,33899.281724037864
44374801,31665.75296979939
46374802,47719.669040311484
41496003,37247.16298149227
45880200,26902.011212308018
49774602,51696.93578705654
47978600,100359.25119418101
48106202,28220.89463115111
49938600,75675.68699659643
49860000,36949.99539606032
48092600,22699.105512711856
45311603,108782.41874184457
47050000,45748.49079105503
44551402,32803.47389754219
46939000,106182.43724378505
45445802,33002.04736148408
42198802,76698.34210875016
46580400,42796.491484600556
47899801,29634.076373732347
42693000,42082.634944085105
49815001,30000.799247151437
44739600,51866.57341005302
41722202,26700.38863207433
47546600,66937.351619388
47252400,54895.80371754917
42763802,43723.29886136676
43176003,37424.095989616755
45380202,25871.349138081514
42448800,42327.17902787039
48983801,93756.10180150892
41462400,47542.571471300645
41520800,45153.31185989164
48877202,29619.620741207487
41975203,49094.356150580534
48260600,48477.775486524966
45630402,84613.30181269284
48217201,121391.41104074495
43598403,22981.603336235105
42785400,93913.00036469907
49292200,24346.735757952727
44126800,42939.517581739994
45374600,26448.891796774995
44624400,43451.458143337906
49352600,69363.68368345864
42106802,37817.47051618105
45804601,81750.73988739976
46711001,45342.32813079407
47427800,45595.358900377614
46680401,33451.787396188214
48081002,46750.45790875146
49775401,31879.38970523042
43744200,38450.85092198625
49070601,52112.80828667975
40953002,54741.69284859211
46740202,50390.508877078115
46936401,53439.113261828876
49602000,50790.94355200015
46274402,95293.39310073164
42767602,17569.10482640995
46801600,73368.01170064624
42270203,50420.1918333887
44410000,82853.51804846009
49431400,75703.07412528325
47311400,40023.53835249344
44609203,38559.013726855315
41497003,38172.026312305396
48127002,24644.052868258368
42801002,76949.77245087906
49135200,54776.950557937635
48685201,44378.39567735148
46240801,79017.61288302387
43929202,58122.56401995842
48696401,26980.068796802803
43536600,38750.21216843611
48714401,41506.03013678577
44064002,54653.47366918322
41296803,30312.102097720086
48137400,64808.716563496106
44265202,27577.40567807144
49917400,62823.84640854504
48787600,70715.04105966614
49124200,45143.097787942424
44636801,19657.871905968488
47372802,34780.24342442851
44692603,26438.083322420847
47172602,62374.10655403107
41967403,63922.40362447192
49244402,36451.48497656708
46319402,39256.15143372441
48968201,67553.04122833766
48186400,36207.89995443563
45708000,21021.47458130372
49034802,41452.91349960279
42201403,43961.717730418866
43082400,32363.8379792471
45859400,106370.02311312854
47089802,58000.280567629
40863002,18782.336061195023
47886200,48856.78761746692
42123802,31036.756388244514
42235603,64472.16246416263
47089400,48033.8059571186
41073403,54568.35059789252
47246202,51658.24937185594
48091200,38616.57599547805
45145803,50935.8431101537
49531600,38977.64827174953
47579002,63419.61353937744
42384403,74586.10415068106
44686203,70496.86459655449
41391202,35038.66185956281
47147802,100125.79184495777
44817000,58734.08480685462
46420600,37278.423072737365
41565200,19159.94939207678
40994002,29642.81603737635
45718000,63737.44215956476
47620401,36393.31926739814
47529600,41456.08536008897
47150202,35165.59919425036
41379202,17334.181266109394
42624802,19360.1699625289
48201602,28379.21027297718
47619801,115532.7591695221
41722203,26700.38863207433
43750200,58632.8893731679
44666200,31879.019723686102
47615000,39408.39171374173
41018202,20247.41931721591
45104003,75387.11528931218
49257002,62072.647102064904
44122400,52820.16035999194
42551602,50539.43913328324
44433002,35847.229704636666
43010002,40543.35739765059
45134403,27484.41980240213
47713401,41839.31099752774
41494602,52488.66351573764
43631600,29646.57334878619
47484000,58609.99660830336
43816800,44205.79155299682
41791800,55471.92893338689
46792202,51446.56372829926
43879000,32586.076274203602
46396800,70658.8809533179
45581603,77912.96774922105
48576001,48588.24438505697
49319800,54891.83266063394
44502601,29907.939562740587
43622803,35776.24410449308
46593800,37942.16302748734
49738000,33506.13877953979
44212800,37059.505791000876
46314202,50163.28175158103
44723603,96806.91996683048
44033401,103721.65126238209
44130000,22177.472663973356
45252401,39265.46437093869
42158200,64217.32221831669
45096003,23201.645665914526
49729802,45325.61232828676
42219602,39227.418547080015
42594803,53819.194109150565
44715402,58343.06692320014
47378801,25264.421961570388
42940802,29151.011953006277
45804203,40684.19395519786
48251402,60106.19246698261
42723600,36387.66317256395
45890600,49071.460266261776
46272000,70410.75194660662
48219601,43110.02397292144
42314603,39262.05974969263
45837203,91805.08191063063
49391800,69928.72228232301
47654001,26204.06813449775
40889603,18268.85354502121
46044200,37129.268269974054
42869802,62523.24349899654
45112800,35368.98216519936
48185800,60295.04829949841
45591801,28885.122202565617
42208200,56844.67523518161
42542802,123653.81719978299
41965403,35438.69300906296
49403400,21923.079724565818
44407802,63937.58492645635
47821202,62759.824705534695
44092403,81501.24732359144
44018203,82659.32661572525
43300000,41456.56161443171
43320203,71009.65204507324
49480800,36369.99716925484
48562802,98224.27932371145
48102800,45376.843475961134
47791800,30325.62802327749
41919202,61533.85876556038
48020400,18162.102307092922
46960000,31773.970752805577
46395200,39362.270358780734
45682801,38311.414616173024
45597003,31472.865138170167
47910000,32710.424598577352
46826001,47638.080278653004
45738600,71779.24421288601
47537002,45187.635869848804
41865202,22977.241878673616
46162401,34694.9668415417
49219600,30266.479202643703
45491201,40339.95435351902
41912400,36750.361614757196
46497002,38432.79836240257
44836202,131721.081948022
43673800,51287.700714671606
42899400,113966.69540318726
41075200,45198.47277768606
44857601,47812.34862054549
49535602,65389.348018196135
45441601,75145.46387959343
43277402,47553.71955961887
49052202,55603.45303073525
45760600,25395.186476355342
44328403,50807.263242915746
46849202,34042.999528831504
41491603,32616.415830533933
47784402,34140.250934895725
44711601,24498.46786784185
41351400,17353.98658246726
49950602,83319.14124838835
42670202,21128.237772601653
41746200,33406.26344259144
45832003,33514.81839049321
43662402,76938.78378533936
48706601,42195.03738134833
43795603,75899.72783647955
42709203,35202.98115630937
46082401,42879.94818400754
47781602,40474.3551845649
48463001,41845.500885870744
49460601,49866.51302583763
49268202,30160.408925112955
45433803,43483.819828225416
41678803,34188.470746589795
47385201,65748.76171313704
46353400,53200.78025130265
49485402,62912.99843719766
46042800,57733.12067679217
49950200,73695.30992922535
42664400,28530.939168402183
45692001,43090.528046515836
46078600,88928.62681321937
46240400,73200.4854962961
45330400,31635.567840948108
49786400,59898.32112984279
43832203,46610.28558629045
48324800,47115.47996562402
41955203,45531.81409431343
44112403,48017.717592332236
44208801,22256.233097740456
46796802,34562.78647706333
45154203,86240.97509163499
45166201,51548.966784009615
45120003,85119.06760421618
41479402,43496.506093439035
42001800,66851.55350315773
44235400,39619.22078650682
41987202,68474.37807290298
43179202,66565.87240620895
47564000,65464.011178577486
44369600,46022.60130041763
41769003,62060.24498548295
49081401,42488.74984652482
46982000,56768.07157505145
44953003,66450.03860710238
44844403,44799.7908437813
47951401,54140.53057814449
44833200,45036.906873684646
41227602,15273.18162966398
49185202,33455.180679044846
45569803,26310.912267972388
41598803,62016.150620416105
44450803,39122.52087458187
45227403,19647.595975572403
41295200,18110.20549659367
42071600,53335.067774961106
47644202,28008.258531649306
43722202,46052.73486576923
42151200,50726.52209501712
47632401,78546.0535562753
46120000,28332.439639499593
43386400,82802.74917400183
46757001,35649.82404369737
41702000,30098.46641370351
44794602,22406.75239649851
44287401,50257.8451704836
46139402,69437.06497737834
49468202,42192.03570777613
44893800,24877.940183911298
46911202,61919.17762277066
44074800,36688.34536856752
42392800,48993.379535928456
42201802,53194.12224413363
44135803,26022.235829214424
43722203,80943.57016988314
43413003,51381.322683817525
48285000,65333.535985128314
44118403,52678.52092832772
41325400,19152.058052939967
45431000,38839.917481228455
45109401,41970.75600317328
45497203,39440.95589317851
48470202,58072.67406298717
44342202,35418.21101568416
46757201,29715.06561732556
44068203,51340.750805744676
48547402,36339.48408014191
46384601,116451.66258464023
41088200,61532.90804208131
43528400,63399.91179303704
45500603,70581.36714070597
47160202,83732.83782443107
48836801,56339.960692636334
41100202,83161.38542309913
48151200,54978.31780723697
43683800,34360.26370110456
43714200,71476.04311255466
47681400,30702.103220106696
45292400,28821.193929443718
47270602,51999.115260085804
44994401,72416.0724518682
49684202,27356.811773612644
46011201,34469.53751053809
45340401,29442.876189154027
41876203,30378.89020584647
40966003,32536.74221104982
45430200,106817.16570758617
45402002,23258.583857385358
45250800,74730.0041203772
47648400,78640.30956800573
49562002,37536.61525098344
47095001,45351.28974885755
46998000,73077.52609426377
49402200,51973.13267173421
44879400,23635.201435744173
46159601,36272.232941289614
49091400,31612.68054638213
46558401,39837.33599819699
43304803,24932.330797469145
46634202,32025.09026361156
46635401,30610.22882316097
44344201,91864.31637214556
48600001,54035.40222990727
41927603,23713.673974970923
41829600,29529.214335512963
45920400,58281.20900263634
42053000,72243.74158935955
49016202,22337.416829189882
47493800,54342.464793887506
47528600,43684.51810919248
45658000,50957.90665371153
42619000,34876.548849276136
47080402,50035.85319784203
45837202,46625.84585836077
45560203,47079.38467442573
46892201,67611.27579525883
41895600,26786.19691843954
43890600,38091.232684187045
45347602,53183.07406620613
44540803,37235.51085048082
45951200,23321.546794781505
42942603,61190.39029050327
49033801,37599.70224000607
41963603,25333.26227548688
49877601,45545.0329810438
43583600,39788.28254322174
42427602,60958.58639691755
42085603,31468.637469474696
42450800,71477.54062772203
43107403,23872.282296945337
45727802,34434.8257315897
44124001,46792.71607694185
45365002,41102.083296917
49268001,82200.17878851903
49832602,33381.23035077273
45112403,26990.754816688004
48540400,30825.656658351003
49420602,95782.40019679013
40841000,50069.58159584559
46785002,32222.406905684744
41420800,52114.14596169093
43865402,41949.323042177115
43016200,48720.053643420964
44550401,23311.994645464838
44599203,54100.25351977173
48304802,64291.889011691244
45805802,83481.21529315424
45995401,58349.67031811223
41083200,24911.320882742053
45337202,41528.3963730988
44127400,46647.76347847006
45748202,40366.1372063338
43070402,27906.846703648185
49199600,34909.99838232152
46345800,63326.689103809134
48743001,67685.69173524568
47955402,61200.19755560935
44264202,36182.318574486075
49582601,50748.41635325838
43259203,40325.986146712035
47470000,35687.941019554084
42353003,43662.34849862763
47475201,64798.24975379523
49725802,22377.34060125375
42619400,43281.43951565987
46386600,26288.44225257446
42900802,38478.12097330553
41041002,65246.480075297404
49983000,67002.95494311163
43455602,28723.373243032343
49623001,26784.494704962413
41660202,22732.78450416441
42003603,25249.225821672764
42773802,78136.0373449574
44172401,51220.3729103171
48305602,60339.9209544605
44913801,53981.16467202965
48250201,51976.693058348275
43881800,62734.11338448478
46143001,47068.87392564619
49065202,23873.90649925532
45600401,55924.92839863275
45189001,19813.440172789466
49752600,35337.58262578328
48875202,70211.08277601925
42691800,35373.06183580672
42038200,46158.37362933684
48728602,46202.91362745696
45533600,40484.120811006935
47290000,25755.450281094836
45575403,86997.5080332554
47508600,20484.620152165862
48497000,23207.179398282424
44460400,65360.06584447668
49936202,44794.32067273021
42179203,54825.89741818334
41232802,18977.390114984846
44940803,59428.671891484424
49689400,42178.746668586406
49882801,23066.90966413638
44262803,28685.3382065415
47143002,22953.416346866074
47214802,84940.65088336215
42824602,37023.88062384328
41131603,38790.717794291464
44254002,80576.68048984198
40800803,65965.73996123193
45419203,56233.39930792862
44775402,44852.42380236292
48499401,45228.844000080266
49590201,46910.24937780966
45478202,26184.886611552643
42956802,28064.268274019134
42927200,29193.148871140787
43334202,50800.028427887155
43517602,44444.2983825709
47441401,58209.75870640344
43339403,57766.54548256581
46917802,102574.4634440547
44126003,39218.068899262005
43427202,73758.37729290187
44814200,25509.070988913118
44686801,59565.984300918426
48515802,27643.534903168416
40843200,22649.835711213145
40887003,48708.60519385888
42665003,19232.895790318362
44290002,60093.561245985235
46730802,40722.857381161564
45717403,58454.89619050469
49204800,20394.666765148275
47981800,87371.4036226403
46224400,37561.21458800909
42820000,24573.043821621246
45771600,40399.74309910433
46444401,30922.685591470174
44739400,72051.06887426821
48752400,38624.59233825867
44929802,30503.82503082766
41228002,32092.194397900206
46579801,63210.720059020525
41867602,15327.10491511138
41531603,39808.73637749427
46516801,62067.842983693736
46985800,27556.89165528833
44072400,27056.870101584736
43870200,52264.95060308146
41277002,31611.988121360144
48336002,65424.19757125085
48854400,45918.49879849904
42402000,32169.234081380233
44005003,29826.930289826727
42542803,32689.450830833728
41074802,30567.28356115083
48483201,66246.9550840546
46952801,91599.77196485005
44509002,19850.421145330252
47802202,106872.33068381177
46821602,26680.144180289903
49048402,36905.7753545211
47781601,44459.60698613764
41342203,17805.893902655884
46168000,35097.508906661635
46018402,29878.736690688536
43178802,109716.99264321844
41493003,40288.103336595545
40998802,26132.30085450152
46174802,39478.96375138511
49094800,50027.41151035351
43383400,107712.48736466034
44831403,96928.70611442742
42210002,17265.027355614915
48516602,38748.448642141186
45522801,78409.09907133157
44722201,29529.871392894347
49006200,43023.02386269089
43771403,44055.54717354404
48951201,38205.16594107188
47746401,72101.36570561443
44482003,73037.83033186036
45616603,40340.086039832655
47032401,83721.72635218153
45661603,32372.709075199666
48576601,22921.22724621173
45025001,31343.88623452682
45740601,70808.50949777054
46247402,71862.46059584965
46096602,32959.54677625608
43523200,62513.39073471324
45050402,32530.913341044357
43180200,44756.70517523828
42544603,42846.268366517776
41805400,44655.0623402323
45817201,111032.92249279469
45459803,29693.261811139626
44847001,29445.77431419541
42732400,47767.579706522905
46410802,54649.218072121344
43865403,41949.323042177115
49890601,57823.45110872216
44225802,57163.60081772796
48343801,32484.188156804703
46013402,89944.55729703422
44067202,54995.56618670902
43269603,62707.03137898953
44665201,43231.03909311213
46982202,38040.16954555652
49530800,18747.047684423444
49639802,29360.154275939727
42176200,24133.801410263935
47043001,48768.39264880356
42342600,49885.51064228424
42306603,20239.078392037663
45391403,29445.522428690827
45148602,42121.61738621312
46371801,33147.95379473082
41993403,25190.51900241174
43502200,71613.92639977577
48844801,26899.22707935432
46634802,139467.38060536052
49063801,52846.08349354838
47338801,46834.51295716673
49145200,25073.103031482377
43789002,30778.25905052875
48576401,64268.239795183385
43935600,47872.12616957615
49254401,38944.28846146515
41202800,41330.15115032827
44275803,29059.365199359134
44661401,21378.025691782277
42680603,33252.975461999864
44521401,53721.36905132838
44075402,18193.981877959726
42918800,70046.72917922967
44731203,41424.5609027961
48893200,65691.26153173717
41386003,26026.739057595383
43884401,48747.87134531372
47687802,27404.569197430792
46857400,40674.53129467719
46671401,108829.52763788246
47205800,60148.28592250192
42304403,40460.78041095859
48181800,45062.690253057954
42301803,76796.05081463199
44095401,37445.11601108447
44551002,95658.5459237552
41254002,26064.27191384619
45157200,32849.33641195538
49028400,39859.06393925293
43779403,31082.839371079415
49620802,36917.7411740529
44322801,51889.11695432394
49750800,34951.71616248328
46962000,67217.9553338945
42911802,44110.58183968022
45584001,42614.69675544499
41329400,23820.99654154419
41591800,82581.6911136764
44839002,79835.73867091085
41017202,21050.991243563203
45698401,30198.639178028927
46605602,61676.200202869775
47147600,33742.41230564128
40875000,56638.031694713165
41903800,56968.79638227445
45566602,38237.776685681674
48100002,67378.41756388938
45035402,62134.43585673311
42473603,37882.00715203293
48448601,40103.26553287434
46788802,31245.137471191534
44897203,34343.38539933771
42032803,24781.748316905294
45236602,40027.791309811095
44215201,45750.30741453441
46371601,69906.05125451984
49147401,83973.08586649706
41344602,26152.56187136729
46485600,42001.298767678
44659001,24907.700922119337
45957601,24680.63433598767
43573400,107821.99920059332
42014803,69590.68974155729
43857600,50150.18393261128
41579203,76956.04991770715
42898403,87681.46771954084
43651402,30036.296412931115
45887401,39470.015128555424
43983201,91558.9373172624
48656401,28148.3414577802
49918802,51625.27736287856
42333602,46433.79659963011
40805602,76527.39307755035
42423003,45117.000169170904
41325202,18960.386328672685
43344400,32160.172989437175
48174400,57603.08353039367
47743800,36762.84173113547
47100402,31095.361485211946
45486002,22461.82497728456
41499602,56760.58970929306
45859802,34516.03051461564
42875002,98607.74787893146
41680603,29849.832439734368
45773002,63936.01033133674
42608400,48606.23122555112
47454401,48340.08957237579
45580600,55233.997401701396
44711202,44715.263795617575
48507601,69200.12769259825
45138602,34750.81310839321
47042001,48955.69746498323
43832202,27034.11116638338
42869402,33304.77415191763
48990602,49729.68019093886
49109201,27715.285845031285
41208202,16168.484231064635
45148401,28550.65206358703
41059800,26776.221639038533
44202003,41652.42265946316
49507000,65330.13328320367
43853403,32840.18231797313
41427600,42277.521909101335
45674602,39606.036617186706
41815400,41697.03435336301
41619002,29102.552313182037
43372203,41664.148364657194
46505202,37557.640416225324
46795602,29265.28138623221
49868602,39171.84749930553
46565002,28655.198496147736
46648602,45356.923282408876
46423201,22192.79978671293
45984202,43233.48498549009
43998200,32444.427675498177
43810003,62104.156256930364
48171401,45599.80450985621
44313001,26236.953498764946
44142601,26658.207084208458
49793200,35986.845449829685
44745003,49275.10770825534
42599803,70023.30481953685
48194602,25687.523512510565
41239402,30392.911945890628
40813402,74724.97461091823
45301803,68486.3487081507
42731800,60586.364905920076
49095201,48951.05095854666
46974402,41922.50059423547
47600000,77298.17569755964
44292201,36289.662006872786
48968200,67403.36031524568
41462203,84234.29746164335
44550200,111121.17850950007
45761600,37489.95617059221
44167803,37102.69087694411
42259002,59153.70760760931
49962401,24921.441748035584
44253602,46877.71775141007
46588602,47670.81384311564
44740603,36762.2859024872
46169600,46862.53369677751
44288803,38643.827217411745
48194000,53842.64063297617
41488603,55088.85631167998
47923402,42231.52281213435
44987602,55721.86346511366
48006400,46138.28982265308
49705602,58229.473405275065
45087802,56360.217453505385
47983001,51978.982059306116
44520000,33875.98955238842
46731001,29737.827941470932
45403601,102517.992593244
47064202,25225.926790104935
42474802,65494.43346963529
48867602,64627.13665788908
41209600,30367.955928140324
41880403,30875.06842991554
43996002,28227.521403025403
42328803,29728.22122271589
47862000,48501.650725792824
48062402,68289.08670675562
49969801,39282.953875817446
41070602,34178.92074666414
41925003,37831.23534827211
49756402,51273.9492717778
46780601,35045.88605547643
45563000,26317.880612358378
48998200,35970.135627549105
44878800,35491.13748222624
46941602,24868.360625108504
48126202,44938.934295257524
47659402,78572.05127894763
44712403,48019.60905715665
47812801,33166.72896317305
45254800,53596.48471075964
48260601,81035.12201159167
44445803,28885.18588569702
45165802,43047.234725119975
44471803,51944.605260058765
41856602,25263.535647626035
49112801,44216.338227076005
41638602,26115.772144541872
45801801,105695.77063809344
44557400,23091.967209987284
43684603,69277.2790709378
46525000,42599.24983401495
44524202,48046.679940434005
46141400,49506.31138271943
49533000,49120.85406597279
42636603,32293.285417617368
43012402,39763.68584208682
47493801,80777.02994816388
49382801,40180.58098586357
43824203,40563.706740398564
42373203,34313.62799815318
48883200,59347.82452140814
44471600,29226.73160632973
41590600,93730.91912108351
47056002,55736.20656846215
42436002,50607.37036401315
48786200,76958.19622060111
49219800,36172.69814360049
44066203,114108.58190233726
43338202,29734.782755266948
49727802,29459.666676565146
45544803,22448.488950710696
44895401,88997.13040569524
47172201,34185.50647856007
44780001,48195.80700597538
42576203,43548.40681472149
48261600,53590.80111070516
46358200,36624.7650449336
46884002,93019.79118698862
43104603,36843.84383887195
48755402,79742.59027200038
44895601,24946.040456723793
49729400,42077.609033345245
41626600,68319.50238591958
45416003,64583.364558816684
49169602,83032.44756554719
49814201,40009.814933740265
45860003,37170.89921964094
44719000,57187.42908327811
47455400,31304.98875740486
44171001,44832.870861489486
44595600,47047.22875541667
49536401,48158.85015656812
47378000,25172.81694360694
49970001,87299.15622595284
49896600,31585.98169959411
44131400,68801.46262635847
44303403,24160.24495833206
45184800,66064.17965580031
43239402,49080.5449998337
49628602,45520.99295978921
48479401,23337.97134700859
44146200,50357.442475693504
48505201,25988.249159317293
44935600,42512.61202474818
45160002,72704.45882475862
48995602,36775.64504373023
42471002,40572.05046701257
49693600,76910.22363695675
41529600,56114.43664300927
46047800,29865.441901081842
45051200,97096.98064939746
42690400,48890.632118969595
42978403,41976.33735955309
45407000,98108.25920978429
47937202,54059.77301325392
44176803,33829.92796952607
43742200,33514.11781424191
45634601,66539.07109552734
44824201,48305.06619988928
45548400,52656.52746647016
46508001,89430.71799912277
45957402,37950.53502895659
41452603,21579.844983397208
47357400,23859.765484743228
45554203,43592.51969837669
41564603,34096.11004704457
49731601,52614.321284111706
44881603,47691.15041570013
44504600,58609.82431210872
41057400,30759.1760686045
46471802,61387.70807938976
46553600,42588.555418960335
44671600,24861.13083675603
42672402,56286.904650852106
46108202,33312.13345197022
43843003,44401.93507386949
49366802,52508.29333015373
45303800,26614.872694067013
46044600,25917.98052203327
47418401,28569.13799137115
40981202,27435.14956974246
46294200,67917.72379921134
45855402,36249.444909865575
46590802,50173.12295089464
46317001,34082.100948153326
43227403,66089.57412421066
45756400,29067.78939856654
47143800,34436.231413465815
45469000,37002.107260158664
41276202,26544.578859290945
41574402,26017.148802801887
48268000,36878.15523996566
44479403,29133.031474887386
45132601,39587.59617435191
48131400,27808.130454365615
46937202,25111.26300230879
43636800,80068.26621338709
42115803,33277.52472433535
48301400,54337.281351473765
42411003,48884.86046030587
47332402,15969.126590991178
42689003,32579.667565980402
48076201,48589.777631653415
45613602,36546.22568271184
43241000,57946.48048793786
49863401,40135.76837989966
43865600,21938.10098274789
43784402,45459.5689499338
46099000,56723.28422965389
49117402,35879.55434227101
46188801,46595.075240079124
48847001,37337.393155743695
43418000,86704.06519754147
48419802,46564.04035934474
41470000,57934.87334541102
43218602,38370.78232504548
49987801,56840.593675506745
46007401,34369.79033707412
46261001,78607.42620745624
46467002,34528.61842368457
42348000,56799.51520462191
41873600,91716.59409390109
48322602,48990.05955778102
44121603,101663.30797505412
45519801,83777.27758548096
42269803,32974.52107508555
49404002,58450.49657567853
49804002,72181.46484863255
43005203,57209.35175814006
43172600,45150.1179393992
45579801,60791.264522945174
48090402,45114.60525611107
43538003,109204.41480768009
42904402,88094.04671981915
48145601,79671.439826365
41616602,68140.26725869894
47845201,31040.18212061096
49196602,25068.01741905611
46145601,98408.58538384012
42345003,30879.30460054442
45154401,27305.08971676862
45351602,37141.940518424264
45565600,69790.11221114747
44717602,92926.76338054813
47794802,27880.844033208647
46599800,37819.91786860268
46188401,54377.892515542044
46867601,91184.5612641124
41403203,46812.67765908364
44688601,34628.0659319674
46954602,76417.14852788307
45479802,56096.15465128994
43377000,37956.78337741172
42193803,45636.88091182749
44919000,36498.17850623277
43330000,55232.834761879094
49618200,37186.64216548696
41053803,48864.25151667265
49629400,38335.206121016156
44264800,32952.657135500616
41349802,17535.175865549747
45154403,20736.321629937273
43836802,26702.522418398537
43083002,50486.483483751144
42621403,31831.611658683432
42737600,26085.982311429743
48708002,100050.39029311345
46447802,27682.761742241248
45756800,20477.527515929112
45298400,18517.587607382677
49259801,53454.45086443025
49456202,81103.60003680493
46571601,53704.04927154605
47157802,37504.185578696364
44746601,42377.476234547765
44681601,25605.1675459696
41841403,29850.916952206655
46042601,78730.24621710117
42186803,30098.40279391369
41000000,77499.56954165307
43078802,44176.41270815748
41836803,23151.484085371576
49053002,50029.67842717111
49337800,43649.15320567531
46053201,51116.71154611439
42911602,63919.893491177565
41304400,22813.28821546555
45444802,42069.202752264784
44773603,28148.95369238574
49639002,46275.25970834735
48578802,43952.62184197059
45595602,32655.227039355676
47903202,101799.8337137847
46300001,16268.654614328718
43870603,34595.64012129817
44647600,51371.567376743864
44665003,43539.35586636906
43336603,112412.16404663584
47838401,43510.50757496865
41572803,26586.619289628605
45774401,41319.6494300051
41194203,61683.08917239582
43380003,37870.115746086696
46538000,27523.342501855936
48825002,20526.07729140553
41808800,57471.66237204175
42305800,47568.8284154034
44868201,32630.41948451766
42010602,34767.45750074903
46673401,36387.44194157564
46384002,37121.597010685124
44860600,79167.03238971664
46234602,37699.829016369666
41224003,28226.30864376605
43360003,41369.871592369185
47046002,32017.38874804273
42003002,26272.786737749644
47236001,67712.78774332935
48648602,72125.29929305291
46934602,27721.750353282845
47839600,20270.792225099125
41448800,19328.663986372216
45723001,42376.92753783641
45616803,59864.49115876431
45174602,61466.47856162363
41392802,45348.93647613379
47779202,58169.87708173377
42968000,48748.63777577632
46661800,36993.78594253748
46211600,21814.453374906167
43640802,36913.366838185924
49309202,34770.02807964093
48611001,38996.783226734
47823400,49698.83297679404
45249800,33206.022634582456
44883602,94974.87537776829
41368003,17720.92412098781
42797400,60832.69232743019
47545800,52198.08789533346
49546600,82500.83590242546
41928403,32362.805735843533
43443802,63378.967584117265
46624801,20841.188111524094
48200601,22770.846285839598
49274602,33664.57329096296
46391400,27719.96892008116
49276802,62367.52069866362
44843600,61778.800114184676
45477800,54991.88966975528
44527401,41738.60504766344
47636602,32727.459328509532
46190201,36839.1940651018
48484400,95341.91952689548
45860400,80684.64400359611
42350203,51320.73449621373
48844600,27647.95825637341
46830201,47299.738136249005
45796003,63913.16492149034
44554003,35761.42149083422
49858001,31514.681592798835
41236803,20149.49858745867
46468200,27457.014526530576
49502002,24464.691612685463
44767603,34004.697896851314
48826601,47929.13364096293
43432602,35488.395734182355
46961801,26564.190719213617
43026603,58292.737457696276
43952003,50934.43716035984
48197401,30609.462876388756
40840802,63161.887603448056
41762800,77337.12644988822
42061000,44583.59840848299
42402603,63347.16125777672
49285800,53388.735101310034
42341600,88245.46357876823
48083802,65215.93190595199
49911202,68685.56567520036
41478200,40970.97299813698
45482001,102872.28964849794
48133401,32366.348020700378
49906801,59396.52530324731
42846200,45337.792864239644
46323200,45422.329109517304
43378200,49802.06207385729
46877400,117989.89983370576
44165802,38814.74299653381
43580002,35244.915631005286
46801001,32016.988815041237
45569401,18418.963437273786
44743801,58357.42647470401
46643801,52192.727554392026
45586200,30790.450651414874
49547802,26821.434139573765
47583402,30631.678209256457
41795002,53263.28096704116
42597402,52899.55093012193
42193400,55467.01348890543
45150801,53633.52071540436
46728601,67783.00858306089
40998002,28432.468604169986
43416202,87021.65416518247
41259602,21930.480889155733
47173801,47910.32420937381
45347200,39912.7220134979
46665800,70437.97160719727
44134001,35400.15738833503
41457003,61417.73643310619
44386802,57538.23768095192
47481201,46849.193042650026
44562802,48994.911074445656
49725800,84448.90345122115
47508200,68687.3573804132
40915602,28283.150754131293
45768401,46141.64151672139
44928202,31967.749411443365
42555603,54587.61303145848
45859200,75577.79209929374
48764002,52707.1731947756
44666600,43735.26408559299
41972200,18948.531347689255
43124203,29904.92720747854
44891202,29817.397506070272
46817401,55324.044244601675
45891401,38654.78612235745
44951802,51966.29322522946
48101202,56049.236944115306
45722602,52761.98855561523
49252401,90269.69420719177
45051802,27031.522445158662
40955000,99569.54187392557
44298002,57631.320587244874
42664403,20862.442598605987
48635400,41771.53610918991
45897602,83801.26534186707
41863403,17467.089475736637
44589600,43964.40643926403
46972200,42731.33843451571
45789200,66048.00541222507
47123401,62131.35347526597
42675400,30747.497287354076
47903201,92354.35176426756
46115600,65636.10913859912
42368202,20456.92293162335
48476402,118468.3423199469
44406800,54556.65377763554
48074002,20502.21715027249
45428400,41232.144965750995
48925201,38694.12317904275
45802403,46537.0266645793
47142400,69077.78839810984
44726202,63151.805707751366
47422000,29028.37793112049
47588601,73517.6321167582
42668800,19157.606131581048
43922402,35398.422049651424
41218802,32054.96803988635
43593202,47548.64031974512
41293602,30282.018491606876
46695002,50772.993650988035
49951600,25676.48736349479
47856800,56357.88212208967
44693803,36692.12269987716
45302000,77793.62762613593
41841202,58349.643346917605
48685001,29438.781539275555
49025801,78676.32910171186
41695200,29006.396301807206
49656401,94039.13763786947
42726403,75564.4244728656
41918602,25759.714063032432
42989000,29028.775792617937
49688202,53804.268841135745
49294601,42827.84809950144
46747602,39223.47803805854
46787401,55462.864640347485
44995000,70425.29808416753
42403202,52079.4993920267
42043402,41500.239205159065
46086000,40306.03045070195
49611200,33790.53002194352
47517401,43205.69590874393
49150401,35311.72133788554
45187600,18403.04809329602
46092801,29389.408233782327
45323003,63327.47140240332
43654803,81180.10894096765
47264402,33128.32181229701
44695003,54148.05948985327
48918801,28473.05169450213
48285801,22110.90573664397
48950001,64772.04528900619
46281001,52345.96809775444
45269803,42297.044452860806
45746200,50284.68353677551
46007600,28894.50582253013
47988602,37151.528173532366
40819802,57687.8706563479
41847402,27491.635623970735
41683600,48341.400545233955
47822202,34033.53706142953
47980801,90374.47378339384
48855200,44684.65759708128
49913800,40318.34228445967
40965403,39283.20303970994
49477801,52478.207683542205
45662001,23068.69090524431
43985600,96203.66513194809
43893201,87631.70650494058
44732201,42894.90542275688
44032202,34990.52720695538
40841003,33649.93273904022
43679200,23336.006423347368
44141401,75538.25924671715
46878202,66935.17790810378
45106600,29579.895684565574
42920603,82555.97937073413
42760802,39061.30294323917
42140002,61849.42830567075
42714202,34918.38471847616
41647200,56305.37179576643
41599000,53354.46219120001
47876800,67048.44626626925
49495202,57873.27360379085
49942602,68937.8320083866
43071802,20169.8875137251
48752201,81819.67124881459
44100000,64836.02572496385
47445800,121868.985831797
48820401,83992.68956676926
46635402,52785.95332124643
41961802,91500.55823193215
49314000,86573.81486989761
49113202,42958.664495660574
42598203,52706.168434873776
40928600,83220.18985890989
49651601,87920.57469689635
45866000,33109.64195280497
43551603,73444.92680364155
47340601,51824.46382707732
45355001,20970.35040665636
49981002,27459.33380790318
47552001,41238.882492390956
47061002,62918.5362875429
44706402,32550.098714696036
45657200,51993.915369843366
49071202,71383.5827068086
46276202,55086.98153901323
45369402,42015.235601500244
48958800,26727.942663736998
44425202,35300.792911004086
45166801,45418.44685769694
46343802,41656.882399963906
45376203,28462.816084420032
41016803,50319.148220817806
41475002,72435.66593662126
47098200,61847.62611276519
45529803,75502.03609518863
45250600,40564.91406262607
48485600,77337.3591520317
43372802,73022.89077598492
45804402,21334.71882161578
40859000,49212.32295615782
45992202,82689.2188201118
48346001,38254.8592631367
46995201,96780.04571858789
48464402,29701.738982177514
46839202,101733.11524888845
41194403,50792.2895821908
48344200,55760.66810540102
45165803,57324.15041158112
43936803,53324.93044625148
43580402,32887.0669267849
44598202,42872.70198090173
44948803,68003.65585928362
41151002,49156.28037085052
45181600,45507.971197061066
48369401,37551.979164907854
42180602,72372.96472724312
44324600,34715.806896583344
43686802,81530.24426554756
47861002,36807.49620265724
42186200,38361.20581494452
44742603,23267.59496539742
41244003,20243.66436242542
44320203,61870.400093352764
44137002,36488.95943124057
49011401,60912.74018429334
47578601,40506.30401145049
43755400,48861.36719481155
48781200,52781.738639442774
44141803,31637.848223557885
43379803,57682.488963309355
46581400,50498.83474639072
43091002,69585.05317055255
43883601,90583.22546800306
45239603,45015.394795961634
47486401,28280.628662589537
47541602,34191.978895981076
49227600,32096.218802091757
44943603,39786.79979930672
46379400,29688.47843438173
44082800,103348.94422700732
41258602,16726.085364348346
42261802,59602.07709797488
47973400,43705.85351509785
47098800,58647.92959581433
41143600,89090.58476903498
45456600,56109.98271111963
47337001,99843.63715777859
49135800,30371.02415539443
43498802,28692.54225764968
43251200,35181.989869722696
49275001,28743.071763631884
49504600,77405.23771530404
40916802,51551.633520015785
43243602,26059.588386383646
46444202,32787.420751064485
44489600,19654.52044314114
44609000,30444.783497450542
41771603,70226.77527754055
45939400,27343.702432629907
43927602,95705.76979686327
43918403,36356.75991852388
41055603,42484.16600717099
41252402,17458.013692021952
45440800,34607.57717867854
49118800,47030.321774147815
47788000,29459.625971504545
41645803,23835.415869798522
46438402,68027.90340979985
46449402,42103.20248002839
45143403,71715.47829102162
49449200,38433.79778592383
49847601,31105.930300956523
44035602,33733.10195179947
48335801,45769.86914461968
46085000,43001.57135738988
46711401,38954.74218392428
42991200,28421.953067678165
41888800,27327.38470730681
43524600,37991.81167070219
41939602,34429.23407481391
46503402,58065.84557756983
48255400,50912.15237286377
42417403,38009.97756490121
48044001,35520.57264079661
47953801,56863.65486847627
49914200,56773.30957668691
42634003,46703.6514463245
49028202,25158.161038630897
49922002,34340.39168378702
45346601,60349.90186693392
48577000,44987.977700748575
44693002,32660.315822321656
48502802,33373.68207609087
49033802,37240.88540619783
45563003,37880.17937874236
41789803,43643.92415065985
45795400,36777.77291516768
46784602,58765.80693239285
48377202,39087.52225097878
46777802,32151.99410001778
45064600,118561.04821381404
48941202,26625.601544830915
49215400,33790.630923398014
40892803,34790.68087857181
45913801,72175.26922928164
47055200,38886.502014951104
43061803,31627.182613109657
42799800,41031.1442541571
45773401,30186.406009343318
41252600,15497.665018412776
41599203,105017.5983003127
43623602,71753.81961614462
44861603,49341.967100016394
44334802,33396.0729479009
47605400,56278.587704607395
48337600,36265.68798939633
44192800,48484.47186856706
47251802,93605.58772928648
42228603,75299.0213535298
44209602,75686.77639644934
43053602,60670.527288857505
47653801,109385.38702472004
49745802,34655.40221826671
45561402,29121.95644623804
49530001,29686.349106560607
42796000,28235.27174453444
45516000,99382.92546027756
42733800,59896.30400570825
45873002,48352.84945263012
44607801,49536.976652085206
45381401,59081.40299776184
41019403,20862.9113819641
49473601,43270.861853206814
45566603,44932.39608521531
42166802,94240.01538269859
48699600,41868.20897115825
43570202,34478.16925022138
49059201,43142.45743751116
43512803,44924.06734369149
43081202,41552.06550962499
44041001,68782.86395367986
41726803,35489.442497565535
47322600,43213.58025944646
47348601,79816.14073403466
45840400,45395.43390031941
44486001,58561.103724090215
44649400,77781.22149781024
41627000,102785.96389443873
42640803,32840.47823199409
41897200,32230.548342468548
41940200,40008.899908249
48558202,51557.45103974521
45087201,29366.538013581536
46495602,82847.40752677034
49355001,41270.16314455192
41205800,17620.501029815565
48805202,62638.83118278086
47292000,48044.94149381909
41576200,24799.987636302863
42118400,19568.41970595081
47052602,71272.05834412419
46147800,69388.37951524857
44743200,13574.599058517915
45304003,60030.096586987216
48859601,126233.53303200369
42069203,24511.33490077937
45981401,42776.43477953931
44010802,32258.67159287401
48992001,44274.163053099684
41931202,45034.94602709217
46944602,31346.854441999913
47691800,48786.92502618543
43405002,44542.51838594214
44252200,44549.50306981588
42289400,41086.97143581807
49972402,59624.95310821983
49566201,32040.143645064567
42143602,23782.755788605562
45933602,24120.6764861994
46144600,27522.008491196968
47912602,103083.25148998725
45589400,28353.41432637191
45234402,24597.516099170793
41734002,27491.672582445255
49346801,41893.72551319338
45629601,37045.68592961555
41605803,63130.28110166942
41365200,29845.921773329686
42389602,30862.48031066529
45640801,53737.89956705891
41564803,29766.453098588558
45976000,137725.50121206333
42876802,31389.712012968663
42600203,33170.031219213444
44169402,22198.2666436314
47042201,25698.878006462866
48685002,92313.22165029684
41866003,23126.116668710954
44689402,40096.06596630234
48530201,27651.753206405883
44467201,17368.432178137053
41162602,63769.08378380264
44791201,61089.136444567404
44186400,33543.885728721456
45381202,42549.68426124672
48735802,90132.70927054831
45085401,50975.23441342597
47611001,28186.3041534664
45512002,51662.534763365984
46950002,90207.20868185264
48993400,53610.73582720887
46954801,33391.48618075283
45505803,39301.61370109836
45142602,40243.19462230226
44801002,44875.31300728996
41537000,34477.68072311749
49390602,33449.19736285014
48413402,36382.597942186956
44194603,118417.3282760502
44125003,23927.04707698414
43877603,43027.09115144111
48792602,40373.360820333306
41007802,83191.78972788375
46569000,24595.327128825196
46021201,41286.247391173885
43228000,53743.859247675464
42283003,38495.73429885639
47917600,40964.92103384752
47620400,35306.88617792459
44592802,31693.60267321312
48077602,52490.66815693246
42414203,38787.45391010566
41590802,28699.003723470636
46952601,33007.87564034185
42678202,49805.05777931148
47773002,41835.0244289289
41363003,27517.172379463576
46389402,31329.117167339966
42873003,54617.1840701515
44952801,52798.73333407137
49195200,128902.55288895563
43268003,33246.50589702676
49575400,41589.09062672117
41464403,68534.15230886143
48762200,19450.57645349754
48185602,73784.03127382326
41229603,15742.101127473285
49579200,70942.04805624943
44106000,57288.17109940786
48088801,44110.40942158759
42908400,63904.09687066605
41232800,19169.23372251975
45749002,24663.461755348155
40963803,51189.35912415463
46881400,64115.08879117968
42313003,36479.67389334065
42677602,37887.12424104651
42756802,29400.981408062296
42600002,34417.58195543854
41505000,76289.88340623718
46926601,79706.32215842721
42587202,62899.00001244173
47757602,98098.86375295698
45307003,70083.34831950428
47043202,43433.89534056374
45059001,48116.69562622096
48486000,58048.61659155533
41504002,65188.76671471327
47694602,45962.39327492806
47879401,107377.07630225709
49913602,33119.9324933833
41329402,23582.601025800148
46055000,106621.88572859003
41112603,42638.532215370586
47484802,49525.212633635434
42626002,104829.82821452442
40973600,25828.210438481874
42629603,48127.310548512454
41603003,39735.860768063125
48831002,36199.806068050086
42654402,53069.05278149989
49903601,83635.38109217491
43992802,83063.86598140691
45285600,85543.17101058521
40828803,30831.659153793025
45932802,48355.136741582
47597800,49491.95737779242
47763000,38709.669836842026
46574402,25598.444317653197
44733201,87240.67692218903
47966002,37453.34283780561
44343602,46841.65840544089
45752200,62821.333086893894
43133602,70939.45704526464
45725202,46021.60644407549
41708000,25794.980307882983
44194802,28489.94830373917
48240601,65707.78707541458
47525201,37710.17577946751
40845202,87421.34784809331
43534003,37394.80630347888
45689801,72920.79325746134
49313400,31338.440721474697
47282201,30301.451453105823
48576400,67730.02118202181
42388600,26008.322508974565
42494600,32632.15097592803
46154600,56556.355678543834
45592200,38031.44622635175
47970200,80605.13684827255
46372801,45434.73186586115
42599602,72479.33099597823
42135003,49223.94873884614
47193001,47955.876239744844
42761002,96153.01109759213
49760602,39029.0886680285
45208200,75286.2799522022
48489602,22368.78958863628
43991202,22805.092090030364
44312802,68345.11850833615
41456603,24976.69677300476
46036601,25041.784602716405
49056202,29697.028389591218
49887601,38706.99599227908
46639602,25386.935533675594
41433400,82319.62503332166
44857401,48491.95299995491
43258203,51996.38545097246
43861001,23459.137792206264
44973603,39539.06875995791
41706200,25527.06497608118
44969603,136002.6989806805
48884802,36934.05893078226
43517000,89309.21449959156
46599600,73935.07251715226
46397200,146255.02927734892
47630800,54074.550141731626
41140602,90744.23967273068
44140600,93516.10201969383
44239803,46331.18358421466
41828003,17568.092071043415
49829801,25635.936602072547
48346802,38551.71467951923
44688600,52564.39929451796
41558600,24137.857549414854
49912000,35399.56225668684
46374800,63477.799522833295
48349801,35316.300782452774
42112800,28240.773085321132
42752603,87430.86374920706
45777200,25782.318608968377
47533001,24212.08373806285
49186600,39560.3968275917
45470801,53491.75907963265
48116202,54741.63781089062
42801402,27404.787520996077
49617401,51796.70124990943
48422600,34532.261180511334
42193403,51004.889908664176
42439600,39274.02116315107
44721802,115459.77143184743
49019602,51081.161009667805
45487200,49884.78100180106
48145000,27256.37918336613
42183603,31574.04757921359
45857001,74387.01369489267
47547800,51592.00584802608
42704803,31628.073860217963
44195002,24370.815359793192
47876402,50065.0435257725
41114803,50457.791403159004
47056400,69701.83228693662
48416002,40819.30715707156
49247602,151435.25077843564
49971802,51341.32051334296
41408603,80547.81255803468
45408802,36120.58308297363
40886402,37921.5779787301
48637600,47954.980779191654
41187202,42544.19846241296
42805803,36556.06595474074
44956200,76718.43646605284
44848000,66384.51853007954
49130601,93916.1764844391
48046400,63749.15801581018
44685001,73648.65473748554
46575801,26570.742923636084
48054000,59879.44915659357
49257000,46387.83368895203
48110400,53739.78282014086
40806203,86034.63357141436
43168803,116585.85657009734
48355401,44121.866168919245
48382801,55251.755364175035
44251800,35069.365630123844
46346001,46281.32013532647
44190400,100572.11046493337
45042403,68919.97405786015
49039202,43795.229780022244
47861201,32049.82438939774
44632803,28861.257921654345
47969801,71976.68844329462
44783402,59553.36436004374
48501200,142177.46725627827
49860202,50155.20352661867
46688401,42124.41186246031
47003800,24441.049169675884
45348603,39330.576496835056
45332000,62542.63261885369
44696003,41973.81813505441
46911601,30500.789811356284
47010602,40578.306383688854
46532000,59377.71194683246
45536403,68314.03558640268
42961000,26715.449341022555
44488400,45148.05930858704
46321602,62316.91435499697
42595603,42439.30911553591
47424600,39842.41424701316
42341002,108947.05601259343
44889200,33735.81205820231
48176001,64728.22886452239
43964803,79459.42797493147
43021400,46865.878744542235
46680202,34422.75302445593
43911002,36816.34130313668
45624601,38956.29050127297
48907400,24766.12431715015
48529201,23974.377734316222
42276802,54074.88873878895
41281403,19094.346729180077
45820003,76559.19532273064
44094601,30283.38130282222
45484200,17474.56186414186
43440602,62761.68485257662
41935400,30058.11249092546
45415200,71108.77507131816
47460602,27243.35318446866
43028203,36336.45386569786
41542002,38912.34491424701
43937203,33186.55459549678
41725403,58110.20370818107
45950202,33877.736673056694
45442403,24257.50028075348
49803000,38390.61335083527
47824602,22786.510842025986
45767001,42118.284814573795
48728800,72053.42769109034
48407600,42847.373227155396
45282002,29459.875023182565
41114403,22669.955050007957
48535601,40294.48897200872
45561400,94294.91839085345
42777800,88914.72305323511
46677602,54979.03318154196
44606603,46191.13682483787
48269001,48299.45561727003
42184802,47904.05114130771
45516800,35963.353595310036
43382200,38935.10303807607
42175403,72164.78385088372
45103600,60446.4842534261
43464403,55282.10580777955
44240802,67936.3850325837
47305600,49400.219773232864
45639801,19147.35566777532
44166003,37195.302001915596
44920600,47682.14148500044
43921400,53110.99630077581
47025402,42638.495106125156
43412203,45502.73970551504
46571602,45904.577188877745
47612602,84651.64906951885
46790801,38308.10741898091
43929803,25759.895261382815
46088801,37807.203029488126
43979602,84868.36045060081
41465802,102115.82196320215
44985402,29886.224462038124
41360402,28920.19866320943
43182202,23259.86464927763
48928601,52008.34119096946
46206400,35821.95007052866
47129801,36893.73198192784
49538002,32955.527537372385
44307403,43079.986990022015
40837800,20698.967042940454
44268203,37769.6199545162
47570602,48978.256496234484
48695402,20851.407788749737
41794203,83919.56732257816
47746200,27542.260783704973
45134000,47532.259461174806
44105201,51058.89899241581
44335200,21521.76871394316
41484600,20828.911709467546
45312002,28345.657255122544
44701003,72590.1494865338
42968602,51537.26463413145
44407601,91918.30511524579
43846200,62609.09484326314
47498201,71464.8421163618
41749400,31961.919390147686
45910602,55807.938634055776
41256803,25746.15399030046
48423202,71284.65849752293
45626201,25882.79026256513
46722400,84310.43367910065
44920602,49275.713018045666
44904003,34591.87394490466
44281600,33920.25662763146
42012202,27498.12135447161
47146602,35956.58707489512
43904402,64881.04902294762
48507001,68443.55524008627
43279402,24665.603653756683
42182002,39250.96069095901
44427602,63199.61019423071
41251403,23152.927564873396
46571600,47567.61479842149
44869401,55785.912259682606
49528800,66031.89236237513
42337603,37685.01658421941
45152003,33168.35820907728
47676601,68083.19141017982
45421800,63100.04254566231
42046403,40211.04416495548
44580002,38531.772095471584
45130003,38768.012863307995
48109801,32030.579344641683
49786600,30545.770739449097
40952402,26898.29441113173
45617802,54661.16026186345
42071603,38005.177091974016
42796802,50600.71776628046
41368602,25833.589332613486
48293200,50996.839134046626
41524000,36013.91936176017
46665200,86356.0855979988
41351800,29667.380357312453
48600800,45153.110407523476
41170600,37492.60689872637
41117403,42811.67844629567
45742003,37422.25711533869
48180602,35770.61684282832
42663802,18757.019793255335
49820201,39212.65913028119
42521202,84378.64943902256
45827402,30204.637286086083
46619400,70931.90646504509
42104403,57829.76863946056
43186003,54201.60639666027
43489202,26708.739858728484
45859402,42964.05812732246
47717001,26026.129545711377
42864800,33118.81031669089
44041201,44681.8341109879
44100600,37715.05113122812
43009000,51163.44052765277
44220401,74663.02998450214
47347401,76566.0431395111
42635802,30031.615813616172
48524002,37496.71495856162
41344402,28243.222247315516
43573603,44778.14280792512
44905600,24606.105111238565
47880201,40457.7852641848
49521400,30504.601519306078
45810001,32938.20987505643
49098602,44220.46096903749
44881203,64721.574162337194
48377201,29735.86381412914
46482602,42397.197231157275
48943601,69850.32202681164
46406802,40693.52812270856
44477800,45289.98024888094
41803403,58552.13276348338
40947402,37124.90824389771
48993001,29448.60890747065
45358800,44163.394634518765
49813600,35376.072011701704
44033802,25869.246882423082
48437001,27348.708058365435
41082002,93288.97446171298
47807001,41694.906980748914
43030403,21608.80908083081
41308803,34288.5409507736
45325203,54109.73659393465
48810200,54132.314044921164
49667200,52594.87265390868
45173601,31849.538851843885
47122401,38424.56751189184
44410203,85263.47195903098
41433203,45293.90586957387
47092602,52112.69100900339
46146802,23466.001484753793
47241400,31706.92342475117
49494800,44262.77059896425
47717402,42992.6446318499
44473600,32607.76333394644
48971001,32569.212150527714
45557403,40688.100757221764
44427803,38615.76245436457
45537803,56332.61088158691
45544003,53896.979144601966
49965602,71857.55244091214
41257403,28376.180159531883
47256400,60607.535095721905
41826602,20869.58196289391
44302000,63451.4635837565
41806803,56115.6588236874
41017000,25446.15103426023
41042200,85602.29983779507
47683400,56001.79815927663
45348600,29309.5900459007
45422600,35608.30836499692
44573801,39448.07229153739
45710200,22038.65340682752
47768201,125890.07781818182
42329400,57987.31348020719
49930402,50710.719623235746
46308202,30169.83889671326
40856000,52463.10653655983
42651803,46437.148753178786
47437600,29986.89686864523
48179600,36315.65842769481
48045400,57729.717242803905
44622603,22731.126854062386
43678800,61483.81218204732
48138401,49371.481094362076
41548200,39947.21709494549
45428002,27980.008241658757
41163002,76893.55504022588
47481600,51743.79377655106
44244602,34140.250934895725
42331202,70418.15046294272
48716402,35801.982540053556
45472803,52212.1425854075
44208400,37760.94399361311
43674000,62640.49840803756
42842603,24025.625949058718
44701402,24214.18054324818
44235601,45972.469505318906
43450802,41124.630839178804
44545200,48715.91936871634
45375003,89556.8657560232
46374601,17379.6308847457
44399200,80306.8257782027
45227001,32619.655363865695
43524000,39528.00544692888
41384802,23796.760150400234
41920603,13598.853441032334
44070001,78941.63822149255
40842403,23669.90103541937
45194201,58817.69584052342
41103202,41164.013560184794
42123002,34974.42471299419
43795403,36686.41132514984
44955203,42254.36709108969
48714001,34013.31323195666
48564600,55320.77377159783
43830603,22075.642666714277
47379001,41020.82779671856
47257802,70966.62394555708
46560400,46793.189082088174
42446002,72330.3239389165
41635202,39444.757680302784
43242800,60779.47133726613
45356002,47127.22946379277
49159801,39904.35406295496
45699003,61853.153270449286
44912601,31771.895867632098
42946603,34256.28106842249
44588600,50907.777721604914
44708003,48348.19941041599
41969602,66919.00800748322
42027600,50767.285988508804
45830000,46473.431302820725
47565400,47265.89227142265
46497800,35104.67859056146
46270802,59764.283280979165
45974200,50895.62415906402
43903403,73606.09098960737
48109800,59707.323945104574
45448602,35697.284417591574
45803603,32424.1082975389
44144400,36079.8697237456
48488401,45093.57752366014
43062202,43402.17965421591
47609802,67609.11920189996
43426202,44577.474626733194
41723400,43887.52262272124
45250201,41442.4245735098
47571002,35796.02977687649
45071401,84719.63016023733
44694002,40790.09921122402
43903001,31978.781479708276
48453201,95949.04260757199
45803402,30947.0904455287
48351602,34777.40940898312
49806002,36515.977313582734
46323402,54675.87098640951
43423000,45536.67696689231
41464602,103036.84349980902
46668601,65290.16179204824
41989802,41132.016635350425
41794800,45973.86323514421
47672200,41916.97270226892
42880400,52693.84653706936
42925602,35797.37968152349
44097601,29302.130560875066
44171203,32834.419468793385
40911402,52340.82178160142
49242801,29191.564952049644
46650401,61156.06267381945
44367803,50293.03058737636
42590000,51891.06136251668
42292400,56164.38172108099
48109400,64846.343151179746
44753600,20458.206076366143
44868802,102101.4714119248
44969401,102456.54960423856
40916602,26186.847075532634
47978801,91370.20966928452
44477801,40739.61141873883
43837403,56387.9621484088
46332802,69341.76680389766
48981001,27797.870939325534
46182002,28308.051985482318
44269401,60534.09888162935
45311601,43859.449130202345
46753400,35930.75079752429
47417602,32270.14171133573
44073400,33855.18918415935
47706202,69590.07706673621
42907002,43923.07258651894
49681201,44468.65659173645
43799202,39931.18730993118
41448402,38173.91129369443
42773803,77552.26993666292
46396000,29202.443674641963
41928600,78351.68813020166
45722400,44325.25523803432
44670602,50545.26689623913
48505601,45165.421289799524
45744400,30240.958320125777
42846600,33477.10444550256
42465200,28319.664866660278
44016402,59784.20848677177
46198800,22065.4188767824
41237603,31101.68455034355
49388800,109625.77327943966
44543602,39634.98393589998
42251200,28779.01397313708
43389400,49578.744183675575
42526000,26846.93138850281
42869003,160112.66069160379
48218400,21573.319320356877
47314202,40501.07842513045
42983800,36240.039943209995
47243200,33359.49902836009
47681602,80626.04389561091
46121601,64286.11586919181
42597802,48626.12901744759
45230001,34745.28646538781
49959200,39166.56212758005
40807003,47273.502220672766
45957200,53124.491278942536
46065202,72284.21177267916
45197203,77960.14278635308
44548603,54809.06764317633
42039403,34430.840110761485
43956201,57762.00226698719
41291802,24676.182849414712
43142403,35512.599745061045
49491800,71239.2733520243
43888003,25116.20203443567
48783402,77478.10374075954
40885003,26225.894587020903
43507602,57014.767795085725
41376803,32236.998242082103
41340400,22658.200755093472
40994400,107855.0763446345
42436003,37272.08708670439
49825600,106819.04929004986
45581202,32381.31600453845
49772002,56525.98061953233
46272201,55150.469134241815
47298402,31498.232534966097
45315802,28052.83665246681
44365801,34092.15738131378
44567401,78890.21526288823
47166001,32483.302669841258
45579002,44744.97984335156
47750600,56496.03444543084
44390602,88127.06568525395
41564802,25955.591426408573
43811202,70704.3598708857
45697803,28568.249770703205
48717601,51478.985982468694
48649002,47650.84549808077
44563602,31670.794441217655
49492202,31360.505733970767
45938601,46678.25764628787
48424402,56984.68682739116
42148603,48054.10166445482
44647403,41517.96291740737
45887601,56721.824399946716
43889801,22465.033461219908
45290603,87246.30930885179
44337200,49010.38753072847
48508602,70265.47094238816
46588402,39943.914875871866
45890800,28556.389065439602
48448002,56736.084914291125
44921803,49162.17781219663
45996001,36672.390602679356
44802603,66085.58524360496
46360001,44943.121398226525
41589202,47991.952405279044
41951400,29233.31658552286
44121602,32948.341110413814
47866402,72463.05589239472
48304000,65712.29476816472
45881402,24179.913354242017
42484603,27378.560508229173
45444402,80198.52069975533
48371001,39440.72179266505
49187201,36708.51462788661
48223402,39852.59629115206
40950603,42655.106835300365
46001002,32292.489720241945
44716201,65764.63597595494
48713000,21394.372098484848
47959401,45977.10579010897
44263603,124266.3673888059
43420202,30252.78047640274
48780001,48938.681864824655
41064400,26430.665656826663
43774602,41595.97030233719
42708803,58860.61863654825
41752603,19198.26402041623
49459601,53844.4046031178
44330201,91792.89904410245
47873001,78252.27700008519
46626801,59348.71167461727
48717800,34428.14394746778
41241202,25696.272573689494
43697603,33767.619411711916
49317402,22159.235379070033
40815200,17768.491907060354
44766000,49432.75478889287
49463402,62713.71199453251
46217401,48212.175258254036
42975003,52411.14304487582
42177202,22403.134334765124
47373602,64630.87518021148
48621400,47981.76439971992
45628602,43222.660507697874
49094001,34336.777189449065
43262203,31173.10391830942
44598802,95506.02011570254
46493001,34082.127929261886
40931802,117904.3498439968
46132602,56418.42769818917
47425200,45210.48189705354
48064202,55797.88985191389
40985403,65243.46834679907
49496002,29561.615181262932
43100002,41115.90055242135
46917402,54376.78385796513
44879202,47898.972618617954
45171603,46444.09877006529
42263000,32688.061865155643
45436601,56229.884926958526
45298801,71126.3713702311
40982600,28917.59802248608
45237203,78187.52092041895
49927401,41089.87047865727
48282800,77531.21146445943
44390000,55095.166253715695
41369800,18682.332923982816
48812202,48408.8002216424
44284401,84415.94282456313
47546001,27261.12749561915
42778203,36285.85095020544
45355403,50913.986831353475
46916001,28328.73250323326
45786803,36904.01412341038
44781603,79112.54819806923
49656000,30007.189794233003
47217801,43779.8598241565
47266802,42296.11788036594
41291602,26287.51019452767
46205802,86089.23615200352
43564002,35035.41991998125
47814802,36457.03213013311
46512202,88862.18889516332
49889201,31005.89453099784
48290602,25802.32582399217
49420002,56565.12768108443
49491000,30335.74195628559
47585202,19565.80033320698
42551202,24809.22819834695
47687200,47927.79699634909
44992001,77776.40973561039
41519803,49720.61506725064
46856001,23214.212048067136
41646400,65900.76825607219
41284202,22802.869525821818
40842602,43691.09002412961
43078602,42392.79280079041
42248202,40847.88564238732
40974602,31823.179333385688
48211202,30519.114848304882
49926401,66354.03242688358
41838402,23705.6946554535
41937802,24323.619222547877
49535600,29973.551301544347
42187802,44429.17945039718
42470003,104563.00168692567
47764400,38437.41806818404
46959202,47213.85093947932
41084803,23259.51904643254
45810201,68268.37344596002
49713600,29514.299539144933
41459002,52843.5645149203
44546602,44757.26246164529
41125000,30464.545190969726
42357403,47314.00221967806
44028601,34979.335595331686
42382200,58510.27684884755
44807000,38875.22356056995
49329400,32123.77986794498
48327801,37784.67778699884
48358400,55590.75726011485
48809600,58682.69302958114
42940400,65903.47078021803
47318001,53958.17821950603
47082601,72256.18391418766
42241803,46210.465589948406
45408602,34189.08331657136
45691802,22080.130803536926
47460002,29318.384303622308
45590200,37942.38091192233
49418802,41119.10198619597
46954601,27860.659140417018
49780001,29554.215004315112
45919602,80439.41281158241
48364401,126371.43016860426
42110000,78465.01389443668
44700000,35651.87081740548
46508002,76623.07311645817
45339801,72544.05928945236
45394801,34024.337369666115
46622801,32712.710181291928
43974000,82451.1449389471
49340600,30048.057188461982
44707600,124288.04043312481
45520203,84801.35803676743
42286002,30500.926659150973
46584402,80661.16357188592
43225203,93887.31197546433
44930601,41298.62995810885
48063002,62459.288049564086
42587402,52919.48912192496
44358803,56038.11212328327
46228401,57166.343219706585
42344200,51834.489153783834
47878801,86398.83979679953
42847003,32767.57550856474
48916800,43372.79308870574
48045201,68981.30100994445
46671000,22117.983032884167
45620803,21417.960481835617
46001202,35280.466511231716
48865202,48962.018095731146
49752002,138141.49455156224
41587802,35918.46709693731
46934201,33471.56117042116
49556002,45788.05388757256
47491001,65176.97159316716
42712603,133103.80502064124
42286003,35707.979301579915
46964801,71156.46529358812
44890403,24242.812203447887
48328401,66319.26891974236
44400200,40634.14901690664
44770802,37931.14678158061
47118401,24881.64350538033
44394801,30311.344436153053
44209802,38056.18739268296
41742000,33953.77867547635
49816801,51178.20873689435
46387001,75456.41890098175
48342202,29250.758596975735
49442800,100431.68076608262
43161600,68551.30925081954
42469203,37217.968265354255
47865602,62983.16259607185
40892003,25411.835558156392
44926001,38081.30656472607
41540402,56093.30228823755
44218403,41494.87520862065
43276203,41267.38890341725
41253002,17782.063178016302
41570802,48472.40690539718
41345402,17531.65696335968
45720400,34967.83585839248
43647200,43826.393730026975
42556400,42971.26339717511
46293401,25685.092108561148
49848201,55471.705118874204
46963402,53465.911011135715
41737002,30210.412969575522
41282400,30516.8602024098
45913000,32195.957644086357
43332800,33457.05898872292
41450803,56438.13810618822
49035600,60147.97438196661
47950801,40761.37972850101
48845401,27018.026845445085
42986802,48234.22546126162
40994602,51144.39453691786
42884402,27026.12265125535
44045800,81351.51144435113
45430201,67110.6689799966
44381200,46425.31094255632
43653402,87389.94021123662
43891401,45328.30260183519
47805800,30007.68407012095
45305402,46901.91025263264
46423602,40210.79636809832
43846600,26495.082071457124
43416802,39542.2605669849
46234600,35905.18246064352
45090402,62230.19746796257
44167601,55757.9372618074
41549803,105462.49221738277
43261600,26916.892451514115
41153603,30966.878640526564
44864003,82616.52263814314
46040201,48941.33801568609
41470803,27887.06415516239
46628602,59056.31411276649
49685001,58462.567492938346
41375400,30162.91972461208
46257402,107713.00970158071
48681600,22553.858851910627
48596201,41878.90266517403
42798400,35037.93796771181
46312000,44488.67379669703
43230803,34647.84150236034
45777402,69442.63496147707
46103602,89110.83769119167
44804800,28622.824028608426
47241601,78922.6053242749
43788803,66683.33796689063
41113002,44431.012662721994
49217402,49723.44528462707
49353602,37020.285073186635
49180801,28624.034673290724
41619403,18657.283672490965
41359003,26642.855139476498
48596401,63485.348818465056
45239002,31408.623565664995
44415802,85134.99567367665
45514800,51306.16090744817
49623201,48638.57082451426
46177000,40328.9881874715
44649601,25034.08124588839
45681400,24641.3139642674
46072802,31000.63639767358
47676602,68010.4823084794
46509802,48925.48541593958
44138402,46888.229976425355
42092803,60032.736870123554
45514600,37281.772140789464
49613402,36323.22159048873
45406602,46360.44818713581
49183802,63343.93569930479
41230202,18710.262586778554
47861600,38654.92093370957
46606400,83941.36329316595
43562403,84002.41174381837
47521400,54532.83287885104
46737401,95539.09424172906
44926801,87370.32881710125
44919001,55750.49620265205
44574603,48636.74746264318
44787401,36186.46050176235
41866600,17048.463900508745
48306802,33606.96342839523
49305202,21659.76452018524
43793402,44331.342026875805
48603401,73158.58818519184
46239802,54107.54727802007
45833601,30839.535176446712
44061400,40983.178875638274
41365802,32833.0198660152
42031003,83993.16937838294
42034403,63211.87384377745
47544402,47300.145360124356
44753802,72585.51301583709
47833001,35992.83296866166
48247000,34211.838098210304
44961200,48809.20087745932
47483201,83338.76924502141
41723403,45703.96541288692
45411401,55765.770658024514
44689203,29491.92087531269
45820401,25008.409672030328
47987201,31766.576549138706
45583201,27379.67690960695
44988402,35964.98200442229
42144203,34110.378839772995
47353200,55841.93722384189
45612803,32618.832966486338
42056200,31500.67542827498
49202402,57064.27775191184
45973202,37199.387626241754
48410602,31791.807325765607
49490801,32420.188299599264
46294402,73064.74716757315
44224802,64892.936330941775
45524402,52842.44963153139
43378003,30425.528404488334
43143403,28929.89489906963
49264200,59284.49861176819
45593200,29959.76178929102
42982403,55590.97171922888
41670600,48487.9527297483
47049000,20794.9837585882
43654202,36917.78762771609
44747800,32865.165941045736
43021600,46590.68806509261
45721400,57955.76633588328
43534202,62216.998667104905
41460602,42177.647782055225
45079000,29620.310285704716
44627601,68486.32742634558
44212202,70751.16741348954
42765403,64769.637161351806
41666000,20653.65080126114
46401000,75286.98317896241
45604603,47959.8138786844
42243400,89815.94178653677
47898202,73308.23151186414
44891602,36352.4820103569
48186002,77588.79808537895
49474800,78512.29414914921
45608202,62866.58942702053
44789403,45619.29692622732
47762201,64950.89164691572
48350202,68843.80479985633
47625801,53176.54804401861
43581402,43445.238612920875
48496400,32026.243773342263
45364003,73943.65573906871
48371802,47294.12335153341
45961401,75640.88852848065
48593400,30308.108562105605
46922400,25818.355338220234
43904201,53790.462423505676
43820003,54876.99801785841
49251602,30370.75897325442
42635203,41694.866334251965
41338000,32152.4853285917
48206000,26203.9912366355
46868202,31625.152476874693
44453600,39867.45477511507
49014400,51357.16176606288
46584400,41413.22936435492
48786202,77091.34491060559
42906002,23916.796300640413
47597000,70328.11997408223
43335003,25425.27297322397
41504600,33983.41711473142
47875600,43751.5824110939
41009800,35457.71007502737
47887002,72777.50585383407
48918601,34891.55473174555
41284802,20624.091457760907
42028202,50414.07707633115
42470203,33564.54557989124
41851803,63223.80942464144
41214203,15994.119837400794
43103202,110583.57438663168
45252202,22554.781334249932
45338403,42644.37913966901
45981002,29007.138465150794
49329401,89223.466890237
46344801,35655.53037290551
43746003,26395.786465673078
43938602,43019.071581077806
47420200,68559.41888855933
43041000,70930.46700978989
41986402,22300.184466785988
47089800,31607.52374248919
41264602,16015.48283739049
44834203,55889.66930208554
42868002,32062.633562087063
43992600,64555.199276967294
43726000,37650.83851642854
45875002,99893.9830067449
41981602,81453.79919787288
48911400,30849.914191185413
44678600,23834.32119771856
45250202,38815.395208013586
45437003,52273.305277957836
41042400,31270.216492320822
47025802,114472.94274564284
48720200,23213.655751609025
48009201,26893.691386472477
44023201,27329.42069692997
44884001,116491.7912059277
44221003,139909.0588896374
41649603,37125.675584502
47691401,20428.426674052196
43862001,37378.9170743022
47465600,41374.65510487259
42608003,41418.047252735894
47837401,31279.36238175434
46734800,68412.72185399212
45674003,74003.8433493139
42485602,28411.576412306273
41957603,34270.70295802229
44571001,66526.67962734964
44746400,18335.60972571368
41436002,56371.46448747237
47345400,60671.46848803925
44221200,59543.72268412023
41198600,40372.68314518688
43000803,77169.2026718999
49139602,29693.651063250207
43969602,27959.702954671928
41301400,17695.610963198058
41743800,50199.08698866948
44080803,32702.436085291924
46270801,62874.875351920346
44528400,96355.25162624559
42238802,57579.89745073653
46519000,41383.14672875156
43420400,46660.38401133362
49845602,39887.87111660152
48752802,36415.84632866516
44500401,79706.46803244799
49995400,42298.13731430726
46064002,45463.72833940595
45991001,80083.9398358277
41172003,34797.70232777827
46510400,81118.47944136734
49907201,32330.770736721453
48922400,39936.10248960823
45396603,100834.06028156375
41467802,28741.944698036776
44012001,47749.708596307086
48687000,49868.642726281694
47138402,105616.22424643987
45987001,36481.65138983031
47523201,94231.11261454805
48136602,24635.540176990376
46520801,29677.97466956243
49698601,33387.87803688602
41026203,22973.297630114288
45239400,25604.064485295927
42661200,20816.492361169538
46886402,103388.66197794059
45991401,44094.97656349048
43026003,30075.909303229964
48201600,26120.04347880118
45250402,35272.48008345907
44012602,38841.59294393511
43160402,30278.46514354432
40899200,55152.0101751348
46347202,27218.971500549076
42168403,66305.56266139622
46986201,52879.062177385924
46924200,81113.19397561798
40864602,53926.7589072604
48150200,36898.51963902794
41074200,37428.53448514923
48098402,53781.64212680178
43294203,79336.3176067732
42405400,55256.89086343776
43861002,29943.205641211567
44945601,54664.35814346385
43439202,69036.54573578271
44926603,48680.50068435068
43068203,23683.049461707567
49635802,32211.3996803656
47346602,40341.87475151753
49547202,36075.48668988983
42407603,58504.77004483358
43750203,39127.5053686578
48356201,32677.185673073935
45927202,88475.5898003616
47148400,78282.77677863117
45789002,29125.287703665483
46313402,47440.02735717629
44775203,29214.53454400636
47327200,54697.60034814439
45201802,40641.48388872561
49924400,125462.91725730897
45076401,84140.50977542422
44717400,90275.32745296843
44877200,25729.858017194932
44363201,40607.472018943896
48617401,60319.08021238506
41582402,22916.269513466294
41167803,72526.96570859043
46218801,90863.00716828674
48160600,27728.40814238685
44884203,89927.68121750286
49454200,48711.408986517265
45250603,25747.144844837407
49718002,36907.71333524578
44615401,54539.94309612582
47294802,41382.57384872738
42494202,26296.303911996678
46690202,33105.70580165744
49508602,177254.3505647102
40993600,33361.44614892
44246602,49468.34287023517
49041602,27110.484904121116
42536600,30071.09473016915
45064403,41351.84601925865
44264201,37494.590946125
49382201,40935.80702648141
43468202,62847.822089314745
46710800,30517.801579469633
48841201,69424.55434689349
44380603,77779.36540912988
45536602,50072.1058236001
47893401,70174.77577474166
43374202,42389.49509949354
45610202,28530.017747367867
46695801,67755.64244282596
48443000,58784.539827659464
42410400,89827.83442063881
41082802,48454.970178729985
43030000,56408.87849466685
41697000,48006.70549354695
44356603,19685.623792999057
43301003,35551.1163089754
44840000,58797.017451264684
46340200,91089.48758955002
43531800,45982.581857534606
45163601,34376.644201485426
46371600,131517.7443220112
47387800,79017.66029102556
43739803,34748.64847096529
49842802,54976.54955558687
42625402,120032.372988011
47654000,21078.853859105944
47431200,38380.553431455024
47020202,34489.600061902966
44109000,52922.06278321771
43369603,38633.177349031524
46338801,35006.014896180764
49824201,72008.73059549565
45191800,88973.19290222805
49502801,74661.3679034721
48821401,43876.007294284515
42788200,76222.23380607534
44651001,27281.229882643886
41419803,53366.44844408168
41295602,27591.810227289676
49599000,42123.85859341394
49886402,96945.01051302729
45568803,38296.6817095488
43137403,36999.84508407045
47194600,22251.58039096234
47533201,75248.65181527694
45862201,27623.57661341694
45503601,63702.36457570472
41498203,79519.63779772908
46142000,68398.12067290618
43120603,39292.59770054824
47870401,32311.956508118277
44591202,31240.699281849767
44179401,27316.745672866393
43258000,47023.0057724895
45291200,60409.62289537354
41499402,60105.72706842588
44374603,44745.25467849112
42045402,18230.941118162278
47028602,25872.39809678057
46265402,36716.310215454476
44942800,41584.02480138092
46677002,38222.37062786232
47476802,36484.88563014071
46986400,45874.04494606041
44834201,47421.20676344272
47551002,44146.17431808463
49428602,32069.125762276642
43654403,33648.711955753184
42115800,29997.19738057188
45878400,117242.83743065315
48689602,64103.417290496596
49056001,40358.295520744476
44385203,25548.922812746263
41354402,28210.517784387543
44663801,88140.21011176542
48767402,44815.290260908085
41029202,43096.65367166807
44004402,51480.061755437906
44179400,26349.271979260793
44204200,37665.09612086551
45287600,63095.65060390499
47227602,38034.10429640124
47143001,37435.40909489735
47734800,73196.82093741203
46280600,43080.463638289286
43077403,34145.871423997036
45592601,30703.360505939036
41521603,61377.41186172416
45971802,35635.30410731769
41943600,36375.56565514374
41548802,46861.72180956402
43975202,129886.08395587541
40833600,60482.84833009897
44854400,40087.71968371361
45424200,33711.45191710967
41247402,17332.887648449505
41447002,35637.72921512079
45884602,38933.36692884117
45581600,73235.08894077629
44799403,31813.485121238395
41547002,16890.760855704728
43286203,50813.088626815836
46915601,33213.643862175675
41044802,88627.63766430301
49632000,37337.95169042571
41584603,63377.9396103951
43998802,41368.63991363263
44198400,51684.41939308715
48446400,48557.20402809689
48023201,44283.169092748554
45163803,67839.0685133198
47409602,36845.791593018665
40818003,29218.28016272936
43351602,44453.51006252909
49685000,59282.86097273394
43596402,52981.892857132974
47852800,51286.30399794232
47363600,58868.28612398092
47727600,36055.16339026086
46748600,55746.46205093093
47180800,126291.01137811974
44618001,65374.54197605255
45462003,50775.48021500374
44864401,43565.92971796926
44347401,30630.148442038964
44789003,73790.4183316167
43221602,41973.92880388963
44644601,20604.39127642198
42074200,49765.52992472458
48229802,62287.50157668578
44455402,124113.7014967501
46853402,48374.10419146931
41533200,45652.40770067661
49160800,66391.52311721168
48774601,62379.07060047274
44811801,65602.65871577863
45488200,96200.93900665628
43678802,26552.766401701396
45923001,34379.95162728985
48131401,36485.84959333344
48148200,29228.765307993337
47946601,14746.343529125565
49614401,44358.88750514823
42149602,25118.35793588521
46172002,34864.482461441665
49871401,24747.723084384554
45847800,46385.045537528196
41695003,28206.910469998656
49105400,56655.864526292346
48276602,42575.55158628143
42928800,64824.1984408572
41549400,25918.393586356193
46557401,39056.838099443594
44975400,56417.861472289165
41785800,26143.9921388615
48215200,50061.23842882034
45195003,56835.23100450944
46994600,33448.481313854696
43760402,23562.899178597567
40859002,61768.42035599009
44672600,121803.70779359089
48781802,31556.496345356885
42019802,41430.73812400302
49104201,27085.870921280446
47530402,24534.318109195916
48110602,42469.49361243043
44561602,36515.618246570935
45722402,22150.53633359675
44887202,91445.32043227195
46107200,24395.724349950422
41055202,45228.633156369
43140203,33362.99673586355
48959600,53224.26890023699
44637403,24293.42708322075
46403202,18726.820290858985
41149803,22198.195846184706
41256402,23582.681628000555
40843800,86153.77866319242
49866001,25347.051431965607
44711400,26800.51724893711
44905200,44423.8266679104
45319200,31366.1913908917
47719201,36073.64624925641
45090802,96118.6072400463
46923002,49264.870763076055
45840202,22853.33046863556
46203200,37488.01084868368
41757202,27570.244124123976
43276000,42935.57757644204
41434400,64941.830234106324
44901203,48084.227886727174
41322403,47971.79246786103
43383800,44802.33423809258
42392202,46190.527685615234
48130802,47841.33258250969
41047603,59116.5489231999
49466201,33535.07971366671
49230401,61135.08188333875
42419402,49176.8585920015
47274802,38035.7475837831
44143203,46149.25210167237
44219801,31443.693416609378
49711800,30988.244331278667
49537400,43834.52834407573
42705200,55713.213990960285
44544600,25957.138799679444
41248802,17072.37612497144
47817001,30963.093769498875
40871602,97516.84038204541
48578200,34210.50965407566
45416601,49896.19675248858
41933800,29776.456664553745
41146600,41665.68268597806
45218002,36704.62255370668
44380001,33717.12115083608
44545202,95088.93168767216
47497802,38850.01197606496
49422800,30877.419302490383
49234601,58359.623281111235
41498202,80695.7358287398
43871200,36364.34470432339
47712200,46409.43716929027
44232800,60341.24325495912
45317802,42937.61728749987
43265002,67417.71497681065
41256800,26006.419844007196
46830801,57934.119173826075
42556003,19771.1222054998
47755600,93540.61329715214
41359203,25710.727983854078
43699202,56596.95058008499
49535801,62090.522089487684
45155403,92756.32777020392
47559202,48728.47860047111
48650201,16109.409222981236
48200602,29175.821308792867
42594802,48203.206506892086
46033000,86481.36455314452
47010802,35093.05311962891
45005201,35233.349632519064
49867802,30367.721360592728
44908002,26556.365704945307
42832800,30048.952597903557
46279201,64093.372974923186
41221800,19750.010653472895
49433601,69347.84429276036
41211600,25420.253211777403
47642200,42501.96372263856
42625800,41680.650290376434
46359001,48837.414760158426
43685603,76259.46402601452
49868002,23953.734305961363
41246602,27537.36592404067
45065402,70785.73485065914
41699600,65848.79423387916
49101401,65494.2173202806
48844601,95563.49039207031
47863800,54762.60319161604
41042203,25480.761884559804
42148400,95459.3258815415
41837603,36570.81687835929
47638000,35907.27361938724
48681202,42662.69058583791
42716600,61237.97643134052
46160601,39227.761059220094
47351600,21469.789946401997
45640201,83823.23877276284
46380601,64460.301115546245
42258802,82019.8138697736
48906601,29909.11983781842
43794600,44592.23087628942
44934002,31408.488867998443
49126802,40793.876910497784
46778200,48150.52700798323
45391203,27377.187587325112
41364203,26396.016217518754
44970200,105699.1146573401
45937202,103581.49707406048
48152002,34362.99662937798
49578402,35044.28353130928
48441202,45514.17373704845
49887400,30643.061739797915
41299402,16938.01697979157
45161200,41546.131825485456
43690203,49206.387938593005
49191202,83332.32092919727
45691601,99463.30121431279
49687602,63110.748131606895
41233602,36132.900875400606
47040601,45988.625171348765
43809202,62012.227084721395
49700801,82315.79324314202
48624002,64325.64902329155
43155002,82291.95865217148
45418403,95131.5133147483
46608601,73112.16911066216
48337200,20391.98111527588
48508200,98192.67165995693
48686200,73728.71765179007
44421801,40285.67278502258
43174000,89272.36963319148
41870003,27923.557534127336
41808200,65366.15754782814
43905603,116897.55974731887
49822401,30513.930873011373
44486802,100034.26670105848
47576202,31212.21374321102
45532801,23543.74930229941
42150402,16594.155409121737
41358802,19554.032845451773
46837401,44874.04637082686
44163801,47287.310668709826
42039402,37705.203030949575
47694400,55283.9336366793
45902602,29204.875025476857
41297600,20770.690102699056
43843800,51593.47118632837
46876601,53964.42976217993
47910601,37530.298273758635
43277403,33949.9325337066
43368403,45125.92855198706
42474403,30127.782672401674
42311602,32134.50459644042
45014802,48118.93945963268
44810800,57058.60471503774
44641001,32329.421286102435
48335401,60002.87032817568
48340201,34598.7467264435
49678802,35389.026354770205
46705200,22909.383153913463
42725600,45511.565536022405
49792601,76450.37246222675
47592400,85469.2594918384
44487600,48731.611117919514
49177402,94163.38488979089
46009400,37621.79333898614
41181402,36972.44720263359
48683202,31300.2974835345
46375602,32774.43792668901
46068601,79974.89552343545
45544400,58173.10730959622
42472003,50838.232537735224
45300202,83902.6033169863
49968201,52543.80614547727
42770602,72930.00523924339
42677003,37318.50163067699
45110801,58530.791246828696
44525203,35951.323400231275
44760001,51267.88644571264
41026803,71023.09447735417
45221802,33411.206273767
45841403,74925.65450864773
47533402,74755.91385890234
41482403,52444.985424772916
41572602,44447.9981531775
45194001,57940.075373712054
44493001,34238.8005454681
42283603,38745.097860133814
44985600,41465.26131662318
41555600,37709.0127187927
49748602,56928.21328455799
40808602,29685.00858481485
47299200,28608.2653386677
46759002,21871.274047709794
45064802,39721.88062182214
44633401,65692.09972287698
46587601,44979.005619442156
45212200,30434.35022716349
47417402,84011.06136903694
45370002,34146.03099952596
46383200,32483.481605255274
44172800,41524.885140566264
48063601,30663.999487671746
43155800,37039.09682485464
46678400,74175.13658690042
45310003,28437.833917384898
49758402,28897.612044306723
47760401,116952.064171732
43623803,41840.96984482547
41812600,39110.13614142228
41349000,17507.684978808775
47207402,86271.0100527945
44260801,38916.395095092776
46104002,31753.499144402253
44085400,30399.926366838095
43687003,36051.11120969719
41254203,22371.03767555036
41893402,39822.164829449335
45875000,26233.868470826183
49930002,64557.78135666765
44470203,51509.53999137738
47856801,33330.693804820716
49544201,38837.06713587651
47735402,47155.82383877955
43045602,24579.21505338645
47723202,36910.37820781874
46479000,43447.9133535158
41319403,27323.822634326603
42079202,33552.80380450493
46612401,34911.653007960485
40882002,49753.36742064426
45357800,29112.86136011484
48979200,32045.293680608094
48576202,43580.400635523365
45392801,46792.53307162473
45167402,39370.19025317324
44009402,66620.30387984186
45091001,37486.14390477531
43857003,43871.58862468054
45537400,31014.88234234604
45391401,29445.522428690827
42518800,62877.44679479848
42461003,43183.48650458023
41569800,22954.063159949954
49635800,48182.410095392144
44454601,39867.0175298536
46960002,52274.08166169212
46310001,83004.47926028562
49482201,63573.885325943
47624802,74512.3321930549
44110200,25077.344151813904
48193402,48855.49897840444
42640400,84101.11752454183
45055203,38772.416024957725
47571202,27517.57891159858
44579400,20868.784227160533
44156003,63523.224912041595
41969202,40767.844118999856
44387602,44342.38326248104
44047801,37188.39739630286
41531800,36590.80622219676
46956801,35752.23698245168
46590202,70189.18050785134
44324003,54492.35109045804
45580202,25319.238504374214
42824802,63580.02151363403
43794803,35593.98198280868
41535603,81717.89681720009
49870400,84247.22579686386
46194600,52714.51105161167
43064203,26364.40775754144
44664003,26402.264745189146
45638200,36654.44031380992
46517601,23200.5019438472
42242802,45273.19143969353
41088602,24187.33311532157
47475802,49508.95968767299
49411802,70649.49188689317
44937600,46253.13607812074
48618600,55638.2924276942
49328200,42996.5039932108
47712201,65675.21464030392
49895602,25745.39351428165
48614600,51967.854248970136
49023802,27153.40656498969
48824402,29683.41635642406
45195401,47478.846563737454
42418603,66720.71025929126
46910000,88871.02735473734
45645600,74059.0632197965
46398000,58558.03145568601
49327600,50668.91477256712
42102600,27632.91175000656
41037002,35888.318832384466
47031002,47930.38980511757
45849000,62570.50577309309
45590000,44542.277219459356
46747200,35572.98383061458
48489200,19352.15134886445
41494402,25580.522967994515
42600003,148338.28792190814
45055603,36250.20342518581
44120402,31105.988013920556
49006202,53977.14897739892
46279600,58341.92140171709
46998600,34049.351218845055
46408802,33611.253506824054
48466601,33762.34884196553
43103600,36612.82647033071
49378201,30116.073361580526
48688201,36801.21885786364
43194403,46738.58466654269
40896202,34839.463993642916
45622601,59833.19655731127
42733402,42721.62274797446
41047003,51517.645228823465
48169202,50410.30675647187
45087801,27744.71311188863
45026400,69582.37510543075
41794802,35765.658818497956
47776002,47922.74495817984
43549403,58301.08087379662
42629803,63051.41076943995
43863400,27807.117657367893
41696803,37104.8931686295
49211402,47224.80295008749
48518602,45892.204430275655
45937201,82701.8200243215
47781800,74176.79994544805
45804800,29531.56843047727
43414402,32435.31701743038
42640000,47439.915532546125
43173800,39427.12772222854
49629002,41664.22526063187
44551403,32803.47389754219
48318402,31433.528700230447
43878201,76332.11245834999
44556600,25359.98186627125
46425202,106967.17568527561
49361400,31867.689667151782
41693402,22906.766938044715
47485401,49663.68239198027
44864403,43565.92971796926
43614603,64805.90907775106
41124403,38448.02689659913
41997200,24153.342515583707
44877001,45016.22539494007
43082803,64560.24532764026
44517602,74015.07084838286
47463000,51482.64039448935
43468200,23725.191738616093
43307202,47173.04784229427
42979800,44142.78057600288
42537202,35771.24792731762
48433600,90712.54595783188
40826800,33687.5009680673
49024802,62409.32360664444
47218801,88650.76083538812
47893200,65443.28711909379
42403203,36535.440505732186
44559203,39219.522712813465
45123201,36797.5768407867
42848802,25577.81757766518
45623802,50410.91610447822
46835002,23419.11925580206
41792000,94404.67184712994
44115803,66527.60374396842
49642001,34484.011334073184
47577802,63431.22236890218
40861003,25758.54028507605
44910203,25854.829464408427
41374802,23043.72010257377
43115200,51675.01517927439
45996002,40372.86378811311
49107402,54903.16648749363
47896602,83951.84339935309
44918203,39525.37264114723
43639002,69668.88617208814
44881201,20713.68396068747
45651003,62103.277878253604
41306003,15501.103747466239
41239202,26648.967780908224
41477000,71244.77361143586
41049200,119294.14700568891
40972800,37326.852576338126
46349801,61324.76084162199
43566000,35403.70465955976
43940002,69860.241611615
46069600,26765.979251603367
45773202,27190.143980099347
45704003,43815.86262806961
49030201,60919.53015796455
44448000,50456.769608741735
45175202,68899.31316825797
46579800,49893.57504508088
49540802,32641.71906929429
43596602,51937.20990567669
47077801,58132.76636802794
41936400,80616.8250959793
45906801,49984.6607948386
45637401,40142.763389545704
48078800,45415.3245758521
43990403,29387.719114831867
43658000,21631.07693322251
42612803,22324.60360312788
48829802,73242.53011753067
45499801,25253.81532905096
47257200,31572.068995872043
43183400,36240.61973719155
46935001,44436.06444510367
44863602,49273.28015066767
44012603,59291.9098016373
47820002,21036.9458100013
44158800,54826.47147966686
44428403,29176.472575391857
44118003,38969.12318995281
49289201,41830.370871128136
45666003,60333.05672807288
44387402,49393.44422589146
44451200,52978.95775309929
46364600,55195.4015934081
49859602,77896.49659748266
41599802,38576.231981168996
45298403,40092.73983243688
45862200,37654.70968306662
48155402,33257.35617427071
44002002,20930.551766111734
49489601,37109.67952194268
47488201,57388.44469064284
41086400,41282.14269157039
42778000,79621.95946142297
44032800,53713.72844065148
42665803,33329.85055933472
44151003,29528.69389195458
48032602,32662.90569324805
45456201,57179.952317026014
40854603,47666.51830998502
45686603,21103.611172223926
41114003,114144.344836206
48047400,56082.17315989188
42967200,51478.37131996825
42307600,24664.85831369722
46638800,44722.65255545662
49529202,70877.82940394932
46047401,88801.15456288974
43668400,30612.882801731765
42751003,116353.46752859012
43027802,23722.696797046523
47694402,38953.29133590548
49683000,69608.50084570528
45624801,28981.199789996466
48234802,41087.7373737841
44581202,35471.52317270363
44632403,54287.944459252416
41761402,65397.990510015814
42645602,31553.551161022762
42139403,112475.80139294249
47809400,68242.0561122436
49166002,54503.086055690925
45502003,26091.87107475987
45541003,54429.58186822371
43180603,50801.671637709595
47457000,65194.94267391454
48650000,42461.28586115562
43366803,40073.843144772516
41897802,14278.084898158175
42237203,40807.03370447282
41338802,24227.374277262345
43742403,33887.311760602315
49732001,46067.316957646275
42894002,33224.90318352355
41624000,31679.083656306553
42797403,46715.58450499575
46371201,49816.95562460427
47227601,21290.286946240023
41984403,40130.91812550673
45069601,35039.04240066472
46166001,47024.901485771086
44382003,33657.96917363818
45100001,37517.25059056276
42122200,74868.80610273959
47134800,67999.67308921812
43796600,37217.00493261132
41979602,16575.89678419276
45669802,51090.19102521003
46474801,90680.15772130231
44849800,54599.24546183237
47021801,32942.73429417948
45207800,48856.57822438834
44950003,31717.1454311329
46935600,35138.29625058871
45439603,19111.94315231769
41702400,27956.840224106538
48029001,64521.91330171924
46945001,30759.605490838858
48616602,80293.90914256437
46189801,77622.7681171113
43558802,38457.6890944169
44725800,42263.60654952888
46633000,46271.65264973532
44454200,47296.10949380961
41045403,90753.89253714688
45423401,33726.679088637924
44107203,57180.36214658807
43124202,41318.57448763652
43627803,61924.331410416315
42616603,24170.472656307797
47923001,43835.99485414499
49302801,40383.35644594643
48277801,31423.97567721689
45317000,58717.02472089704
47167201,35850.7681607787
46333802,101436.92717274743
41849000,20789.371067056873
45199003,34658.949608532734
47347600,27739.7062517482
47869600,54975.940482984646
42538403,56545.826983846084
42337800,30850.442671988436
44988202,34711.26671876408
49336001,37018.96158023877
46003002,48570.632967113495
43848000,49330.25296947728
49907200,69946.29819950563
42223003,42192.23533866796
41303003,17045.088208641333
47291400,26749.36058776101
43935002,153957.6762136764
43882003,23826.85552821485
45915800,60208.90949934588
41726200,42462.43641626465
43002200,38432.03623290364
41237803,31101.68455034355
48938601,23747.297161918537
43167202,43474.49670797541
44102001,77151.38292063246
45774002,51032.41529366541
42634203,73888.16078568698
43797800,41016.76627416584
45697601,29928.86806698554
44556403,36097.562246078116
46707601,45037.87569096801
45259602,54457.37951607646
42338603,51526.42478497393
48546602,27345.716100533074
43377002,63427.78424251222
45384001,43623.98417928419
43234002,38917.18808198065
42969400,49342.90960966748
41119802,44121.50773492527
47232602,82863.83581468096
43815602,44152.17815425404
48071801,35992.64661116212
44303002,35940.437700533876
43364603,34855.73849321927
48634801,59485.53724233117
48898402,27498.714798284782
41255003,26002.809109505346
49355601,58653.1070934745
43757600,36319.46995073191
43570802,78226.85977318273
41377002,32236.998242082103
41571203,61423.18679322873
46665802,44396.09575426391
46955601,35975.72665454454
47873200,50857.696320776384
42752002,23679.277783696536
45309800,39728.7834862873
47872402,25751.375953204875
48097801,28303.2149564786
41129603,34410.565745956985
47776801,89551.95266426782
43133600,30100.510739625202
43306002,57025.691231042125
49005001,81933.8496911439
44438603,38210.87879650373
43767200,37484.97376952973
45711603,37691.98790671577
43914201,50288.60440243769
41307403,18126.599497634215
42963203,44242.23727936719
47371001,46235.76419045087
43950603,55452.01914737621
43868002,30948.76286976826
46090601,65485.43333205644
47713001,51301.37443976586
49064001,38479.23850645817
47629800,46667.00539350666
44254803,47958.06359171832
47700800,46886.191895260454
41051600,47495.746138578834
45170401,31032.044067688174
43815603,115874.34798830071
45489800,37668.21630453114
42759203,55060.49501465061
44681400,61180.044454417955
47847202,51387.074609042975
44020603,23869.932228672333
43588800,22867.070038813734
48858000,43419.08588034314
48521000,88200.69352628909
45483201,39927.136423279444
42566602,53117.63692888293
44942600,54717.76747872908
41389803,23996.59746850805
48888402,48725.66173237659
43387803,42697.60047524031
41702800,63943.43269947159
49288800,101498.5530631952
44353400,104194.5980989922
46670400,64177.73097509788
43262003,34636.35093316105
45459801,30737.271663648284
41649602,29852.53570697001
42861602,22147.565523063284
44201402,31078.88282099682
44976202,39023.258488157895
44583802,27177.984545910494
41526602,31216.305174742094
45674202,40391.062298962446
47844601,40647.39186129098
48283602,35181.53736035281
41582003,26889.880541148974
43552200,78590.17518823677
46297600,25512.190913984403
47128000,92391.63176958595
44404801,35820.68130771346
44532602,107462.30525837408
41950403,74953.59717292317
46937401,24378.29418774213
47243201,40480.173302301
44689201,28255.47746307298
45191400,28969.765833359594
43788600,28729.81774748858
44050200,31813.63608827545
41364802,41137.880822702304
48650400,43758.95897657005
49700601,30602.557621620483
45449802,22901.1948132791
49700802,86793.29320420367
45103601,48541.09373405766
41890402,13756.334840522048
48916200,75160.1702329011
46717202,55981.91545774145
41830402,16780.03890082545
43544800,35354.14961076451
41571400,44320.06033361107
47788601,34852.185069904925
46588802,38296.501727497234
42732203,24358.420545767814
45951000,23431.157283935347
49759001,30822.620369370554
46342601,56770.075754012694
44016003,45066.37291809239
45074403,65056.253539010184
45721000,59425.70963420045
43059200,36727.90332864743
49245600,43580.92822342625
49622600,56057.90741327613
41013800,32124.06270588919
44488200,50610.157631647024
40916002,61465.17088452863
43552003,54922.304069491394
46175401,92708.2831388982
45523800,50707.67427920793
41230803,27261.866277113488
47788402,109967.00971552815
43028602,58299.47079790577
41934800,78651.74472272274
43728400,29092.441029648577
45750602,47200.00284089891
43189002,54691.25136592622
44257003,34948.71736576468
44873800,40819.61028755908
47792402,43637.868606582124
42081200,41649.922214890525
45610201,27476.43640210134
48613201,22061.06486435793
41902200,79323.67799619121
45898402,30391.9474695431
47678201,47310.09732695444
45386001,82207.8685969988
47315202,33475.74696575171
47793802,36365.92109524404
44787201,38313.34678054572
46001000,27238.052941308924
44891403,55956.55460452574
49242000,27989.104456694044
45491601,55623.1505940941
44536402,32665.297357940857
46192800,19274.966632232245
46076600,36523.730325707795
47478201,41766.48822612627
47003200,81797.20760892145
45525803,22983.171014299776
47914201,59717.39180359077
46444602,43742.70683313669
41370803,31287.259152981973
41612203,49233.461052123326
47256201,34303.94548931476
42946400,102361.84639693676
42543403,76881.37627292001
46947801,58887.70872510736
43723600,45372.173817966956
47730400,73688.9581868087
41942203,50130.88875165104
46043601,71588.68099554103
47740802,25556.106870407748
44281601,50926.548085626964
46436401,54115.10658655786
44333603,81691.75899081414
43881601,30362.474949015894
44437403,35744.03190202853
46146801,25307.540214399898
46118402,25953.354582342316
45227601,75510.31211004742
44765002,65211.671425263456
44985002,70304.19005718295
43755402,52016.075740966684
46351002,59721.11585800874
41719003,49926.68012376523
44843401,102036.59297535992
42984403,46172.137598565365
41338803,24227.374277262345
48631401,47667.785277737035
45850202,54302.616046152245
48233000,42980.9552827898
47281601,26733.624230093603
42857800,35307.93341667206
44821802,86222.6915965839
49568602,26623.999062366518
47692801,35665.20972659124
40970003,40526.46837689161
44529403,57936.101276900445
46328402,33662.99615626746
48830801,52221.40050601689
47030002,57757.27830560204
43531200,63525.89185441692
48441002,45256.779726870634
45051402,36214.1670843848
47214002,31917.211257871182
46721401,52318.52673076011
47590601,53258.90623133993
49110201,60831.2261893084
45191600,43789.43727191941
42311003,67201.14914161812
48410402,28310.545273838186
49721602,25552.484697843043
44830402,56927.0146344563
44511203,73634.56466570625
43474203,35133.103845474856
46708802,31878.36921550605
43565802,106040.92708110769
46639600,39659.990871002905
43086600,33130.205751372865
44237002,25019.4646539766
43899603,53873.810013964314
42313200,101549.8127254104
44390002,35436.325189698364
41947203,28173.26912060951
45537001,65242.712870154995
47986800,55374.92016832691
42151602,33018.71479377636
47461602,114490.93493180162
43629000,22758.594773749726
41864803,18415.061548373196
40994802,26372.040293361064
46185200,42937.57391445468
46018401,65306.39085669231
46275002,59160.59504710308
49356200,53301.64244335533
47171800,44099.521394875446
44173403,30961.76204775903
45589201,100194.47511614278
47746802,43371.972941254106
48318000,30769.99605307368
47193402,35111.37528358002
40905203,66421.58666992556
42847000,23633.935736935855
48523002,27699.097587566535
44984202,33196.03706183546
48870002,55253.561837923146
49859600,78683.92570367434
48954401,28393.75101178324
49841602,36964.75444435319
48303000,38130.31131134992
47551402,33363.03561000524
48864002,46232.2311117613
42895800,51564.40463696316
41508600,66990.89674534867
42904003,35353.34757039152
49292402,39051.40624897574
46595601,34304.54623348277
42601602,80905.39094834273
46535400,32380.597135721626
46482800,71914.7230546192
43689203,30433.066806811625
47840801,25511.905104326677
41443003,40615.38619646405
44611202,40111.7660502272
46081202,40317.70905040035
47336001,45961.96497022298
46434401,30841.369864733893
46090602,43966.92677146438
44596602,28025.670469278863
49026402,25270.271898640487
44895000,57037.17051312122
42863600,34351.89788611389
45139601,105507.43778023691
41644200,27258.978968339183
49632800,36471.30514671615
45147801,30122.733923625554
43666203,21157.75161218785
41678602,36330.80735483132
41959203,27845.344891270237
45332800,32406.511624730054
41957400,52191.13078741601
45274203,34117.41331825412
48591800,72228.87524468769
47995400,58199.2479401393
45730000,48232.175562543336
46776600,30125.62386279234
47477400,82841.45790096308
44062202,23567.471977866924
44205201,40777.98366773084
47105600,73045.11488918719
45932201,28832.16203975348
48486002,93674.16882188621
45792602,70360.48757779087
49428601,25996.027540527688
43334802,40892.219644618446
44739800,53265.052379668545
44305803,26784.552113473837
49148602,43984.02455894777
44257401,45245.37437070611
47331601,48195.98894948988
44221001,57197.53178991489
43580403,32887.0669267849
42567203,28468.32884626401
46673802,86893.32364041654
43669003,20753.286681553156
41640403,33487.91307352632
40858003,57917.868457981356
40833200,59616.34714653103
49350600,89681.36073345228
45076203,58581.75130651814
47147801,34930.92600203507
47269800,35597.95917217926
45713602,92236.89925111253
44483400,62578.74098738221
44973003,45820.591929909875
44335802,34643.841330291834
46049200,98490.22769271572
48743402,32930.64133602222
41911002,63314.15935783822
42655203,44351.57030955931
41698802,24339.452683364376
41179602,67575.70902066698
49112002,27561.97557672627
40889600,53656.53123254197
41941403,23637.05531044902
49778401,40661.536846698014
46563400,42020.24177923976
41305600,25614.430985405892
40809203,34778.451332287324
42953800,41171.41063997331
45062203,31313.29424932648
42170400,23611.976620640642
47695002,22446.59604334076
45263201,33793.044086160946
41316600,19075.25119016382
45152000,55141.79187436169
41930203,35729.42559477427
44453201,56433.62077429091
46457000,28782.03713019768
41211603,25165.853344003357
44117801,28906.938119483362
42193603,76032.31446444936
47616800,37271.97890363237
46831201,72273.19778927893
44229000,61907.11220630696
46952000,76087.53349441286
49832002,28123.232842518297
43374000,49404.65100241363
47271402,48244.22576622677
47287201,33029.86732655862
44194200,32847.17710952053
49352202,91037.47202918775
49658200,79297.3004220973
49874001,77852.80687520346
47261401,45980.84817177248
49247800,86156.86058094769
44717802,27522.672325326548
41318600,20515.116496088634
47622401,30383.311518932354
43886402,50462.344465282345
44601200,38468.39504174504
45967202,33201.98080214557
42305200,46793.85776731034
43624002,46819.44855643465
46696800,34508.49330524985
46710001,33682.844822063096
48808601,67093.44091918711
43168002,39217.21900786307
49572801,54450.60696848734
47478200,45892.381031218705
44228801,33905.69687055092
47710002,33820.15169703049
41161803,30154.07628058358
47392202,81326.28206980386
45660801,36499.94685874733
43410802,39820.27746792662
47747402,39945.932458479176
43953800,36819.68284121261
45316802,78105.22570798518
43797203,22838.172606437485
46217800,62252.97368924513
42874802,60583.22299712394
48138402,62843.777149447116
48860401,21454.04394200053
46579401,45218.528249718256
41167600,39529.49737066638
41496000,31976.039157975625
48382201,47871.176451246356
49719802,55227.12229929538
42477000,50075.196077963956
49001801,30905.595267376782
45316203,53111.64251987577
47329402,34006.073157358056
48974202,36784.600529557974
45214803,58952.76880484161
42281000,33492.00782676687
48551600,28977.395051602314
44301403,80103.35876156464
46961601,68747.99859160079
43102600,71620.89768110533
46842001,49905.78440003753
44246601,45800.76005655352
48975202,38371.27141300174
43576203,92452.3382696591
46116801,45095.86577580087
41986202,17372.415240095597
43969601,29745.050909395755
45833600,33205.80211969568
42243800,29160.241209540753
47493201,51777.57622128328
41136600,44431.63632669061
49303000,25607.98597278652
47860000,60108.76783345495
45524401,76747.14959490276
44205202,41590.479663686856
43200200,51410.61932683547
45107803,67891.96492027468
46616200,35186.31240485436
46271400,65802.9532293786
43276602,43420.230950272744
47080401,37276.91968894258
43996600,85494.59394696541
47629200,44150.12364958052
44713800,23631.2122792745
47541202,61220.27464979224
46689000,45067.72878407271
48528001,56953.51220807933
49703000,64341.67356807453
47320201,35135.82738447579
44661002,42379.43103812041
42260803,35809.21083793169
44285400,35793.8732730266
45552200,42417.850159533176
48113601,29410.206619705546
46440000,53959.36339345702
47391402,31504.437591513288
48909602,28957.212942126585
46614201,50748.953930344025
41613400,61779.06847325576
47195801,44871.55754343804
43419802,40726.623249981516
45366801,60123.06203314027
45837402,25292.504161753546
42093603,66578.27132179297
46844000,33599.101871001825
46930201,48787.36306313927
41232203,26661.927325651865
45665403,64477.84769449611
46121200,111973.60068704146
44134000,30238.5561769973
41752002,51309.54473388611
45566800,37886.592722128415
47679000,61210.41872889968
42837603,24396.293549556434
42651002,35352.2532404181
42377003,63821.685896203984
47124002,26293.041750912882
44209800,35817.61085248059
42435800,45546.14101017257
42442003,42053.8295823951
47643400,26163.26846104144
41139802,29160.531001164305
47152602,33690.2204665079
45818801,53474.54447472878
48385201,58955.403594274016
42436200,37089.807921618245
41630400,20971.26789849783
44412600,74042.08011900503
47808402,20405.407515556955
42945400,35404.45191845551
49036000,24605.48174432935
44446003,34273.343114244344
42147800,78610.88229045356
42920202,36604.40978510492
47335402,29803.435338438754
49340202,56331.232124843365
48141400,83432.50100557972
48386402,62133.67002396654
47733200,33086.126124710296
41111800,45726.497996650876
46712601,24159.685008059932
41283200,19287.372596045538
40965203,103147.78032412668
45592603,33715.65713544929
44472400,46473.14614208767
42460202,98914.87797837441
45503403,104230.72811194316
41027402,58807.1181457718
47870802,99186.65264663959
44911601,39804.62744959765
47802601,24990.392541065146
44827403,31646.095127299985
41106400,45749.25815289695
46358201,36416.01474027418
46331600,44433.59188759815
48587601,73311.35449063226
43900401,44008.35678330093
49454001,46677.08944577322
44308400,24464.41897928062
44570600,47566.17285414077
44588400,120037.13451058273
44703603,36599.84839799005
41782002,20639.901582548628
41183600,38242.63456362478
45092002,34321.59801213329
44719002,44362.02148841867
44488402,33929.807359371465
42072403,49427.99521027616
49540000,49283.28191874357
42441202,52030.16671561074
49462601,29747.673558206017
49858400,45734.475557505284
45056601,79917.8162765942
46759801,25777.836079907058
44020002,45227.757861543694
47514000,23495.846805712572
47716800,25015.56566077143
47793600,79115.4702281813
49196002,105813.58285495666
48163601,29178.178905011795
44198800,71312.668317328
43641802,26664.704783819263
44423401,27363.145141146306
45500401,60558.36236172841
41882603,32932.71395839777
47376602,49595.94174970455
49751201,37041.91271923607
46073802,50768.33035559693
41781002,17419.734614315646
43566603,22793.915659178525
42821802,19380.77738149078
43334403,97596.95410960964
47553802,53345.14503893694
48860001,29888.096519847095
49911800,49309.860217861205
44745202,60820.144448039
43216400,27566.2097864876
49418601,50483.71028344383
47226402,37909.09631610412
43339202,109040.174807385
49119400,36241.35255697014
48490801,32795.633501003584
46703401,37609.59483861729
45538202,30790.017424400427
43219603,59335.889177790545
47900400,42967.125523924
44576203,33986.94248992042
41085403,94150.62966269263
41727600,49834.373155326546
40857000,104143.81082867889
47685201,30251.87667361616
48969402,43899.08270986586
42030402,40250.97757624233
43398003,77031.92692429887
48313002,60540.79824194698
41521202,56922.552216816504
45926001,37535.79534138455
48880002,53533.82462541873
45114402,48991.78028301894
44981401,31969.776626527313
41240003,31281.55110153969
48209401,35480.53926742748
43982002,37681.48616818687
48804202,30976.055481811934
42172603,31435.910532299156
45345002,62888.073842626516
45974600,31138.454385116598
44736800,106859.57471983989
43921402,42819.52279424262
45767601,40050.133108026006
45187603,25751.290464828333
45779400,50648.519308231036
48975401,76072.73639093645
47030400,47065.95901236486
40996203,61525.158089212484
45509001,38171.421250088926
41321802,18914.66099002302
41463402,29209.847600583093
44623800,30257.257465061553
47985201,77246.02986714913
46521401,36339.627881109074
42002002,51830.87437607173
46931002,31292.610405687046
43740400,49950.00776335072
47831600,67251.28510294545
41494003,35589.82965565837
49020200,31145.129177839975
43698000,43227.68725646969
40886000,35177.02066364147
45184202,22062.876629840528
48805000,58346.59883661466
46484001,47954.135541505835
45480400,69155.92543905013
45935801,46245.73490442445
42292402,91325.17415584627
48432002,59677.00320763815
44572400,140209.5962115364
49461001,53731.27887056777
47753400,52231.14149293447
41243200,24816.20805883114
44984601,37964.96570525543
41730002,38501.98831397237
42838400,24756.75388027378
44404803,88639.67241382194
47843600,59101.16790998096
49284601,49295.378687947254
45128400,32783.88240750351
47600202,51504.50483422726
42367603,34871.908763795494
45907200,74353.14852901125
41683003,27016.42902256925
44481003,44621.401017678785
42979202,39151.69281717018
44721001,34200.04051887732
47711202,29512.87165736282
45399002,93708.336619601
44043600,21949.55411798967
43432403,34554.703184414706
41206003,50434.69225504016
47870402,54711.58255948184
42034402,61987.11063706086
48096200,83429.62529836685
43862802,51363.66427585759
45846003,75602.79394437965
48809202,21737.95801544757
48337001,51642.03856703588
41009403,35530.566808258096
42204600,30536.602624356266
44832400,66856.49838463248
49659802,25729.422538354036
42538803,38904.92207813201
43812403,30177.672731947187
44566603,20880.53051292985
45233603,63526.04288254022
42051202,62888.6390571426
47520001,72016.54818024562
41992402,21753.801794176183
41769802,47297.98563689743
41105402,68515.44936039727
42077800,25714.594089402315
48454002,36781.637138583224
49665601,30522.07049604296
49094002,60450.8736187717
45745801,53859.49313784017
44302800,27873.239491329037
43520000,32681.995311966828
47577602,25341.403878310528
46127800,25797.174806597308
47981602,26571.24209998767
41822200,30484.118936824278
49411400,41221.52949696279
48519201,29408.306296029838
47758402,52012.89994093507
46702200,25610.9310366688
44927801,103283.5642684717
42080403,91071.35270075353
43053603,44011.98835712735
46712401,62139.49913609066
48362600,34221.86140910613
43181002,38857.84033718783
43500402,51312.19778434572
44300801,30404.001211689556
42263603,103005.74793254267
41225002,35893.70518612172
42810802,43218.79219925386
49837602,56928.78797340578
48763802,71327.79029274575
45649403,32942.83353306437
41287002,24682.24461565387
44922000,102029.58644088922
44901800,26289.054272103025
47845001,52646.150376749654
47014402,53642.70050396929
45662003,23352.76022179538
46266601,69074.88427118157
43468803,31413.495888468253
46529601,85224.74743709982
45092602,42326.85038182039
40915803,22208.194805108447
42447402,30095.43132748885
49776002,31207.6280783835
46480401,68319.33568292725
45364402,86062.24466937322
46071602,41894.539521956984
44267800,35954.47778306628
41239602,18090.872395189283
46337600,43834.881442580576
47834600,20251.71933902164
48584802,53567.159471626655
47951200,42138.566469254794
40875400,35494.54051165997
49528400,29932.145095242966
41995403,27157.761216483923
45926600,28000.715669951445
43138602,50567.62213125036
44561000,29164.4014022919
45440400,40135.039227643756
41717200,63301.68529036932
43371403,56043.301235174105
44248803,31140.822183646556
41200603,34528.69352846889
44984600,51583.414955517386
47183200,45184.89226606553
46987601,44815.347740834964
42740000,25392.464070208858
48562800,43551.17094157569
41766202,28002.297250050164
42362200,95010.8645975941
40854202,77907.98396844888
48156001,73228.95372865745
47383802,42241.9520488323
42301802,27903.727938491294
46828202,36569.314097360984
47323602,43428.73252077438
49711202,41912.672778891654
44607400,79722.05294297627
48124000,28617.02328810986
48991602,31346.157327800014
45458201,41179.324359790175
45553803,28086.059421045335
46056801,83618.5482387424
41266003,23201.78021062685
45925600,31017.007558090532
41759802,84694.36499120842
41660400,26394.305085505108
48553401,33624.34606884755
42149802,37049.80218627304
45217802,60759.812527426715
44749600,94667.72677950672
41114800,67936.92118972458
44184801,36075.29109301693
47254401,36092.67232938667
42234000,55768.85411769836
41570800,64556.07720010687
45537203,35272.70668599889
45219003,49175.88357915962
44867000,63910.77463108278
45563602,54383.27896046037
48219600,60401.58541454166
46204001,32069.927601369334
47813400,44664.97500679462
41830202,40953.85063297976
46488402,54094.748853802455
40862800,54644.56246404266
41827403,17175.830521597836
45350601,49236.308136221385
45822603,45764.06257119232
49344600,37294.67095988766
43640800,53759.33035567174
42489403,97205.60500990835
48392801,44978.99173978587
46312002,46329.996820931075
44239600,60383.18689852307
45857801,37985.74855098116
43612400,19023.16072184219
48962802,56683.834324608804
41219803,26155.68433540948
41893802,36560.50562056859
45416202,90015.93397170157
48076801,58229.09272262077
44166200,54459.251681730624
41187403,49912.99380886942
42453203,43242.830485510865
44330200,62178.693152112755
42798003,28099.319037633173
41195603,51939.33191616008
44926202,56112.22370146166
44564400,34928.88711388958
49228001,47313.34255553772
47054002,31272.22061583104
44643000,40327.582052735044
41590402,43589.86731499214
44733602,95528.366579392
48121400,70512.34762518725
46524402,62409.98811158696
46155401,106357.88615736258
43796803,77090.54014649287
44617400,24227.762629759236
47424802,42900.84415017938
41635600,16741.8877751118
41100602,26927.947948034987
43775602,30825.3214907768
47778200,30132.127522659135
46926201,34589.526668843064
46578001,22969.03132688715
45428801,63140.8515424909
41075803,61659.450694805986
41496600,51215.42051171348
40893803,56916.22766211972
41554603,53625.51634387497
42114002,70108.98009225285
42473403,30270.920075763603
41664802,25255.825419839908
46354800,42686.50206821018
43269002,35926.773621067565
48760201,29000.879479547697
47982602,53422.032791782185
47237002,70743.55824327414
46237002,60028.4300300679
46568002,45579.91749607431
45047802,78858.81303066487
42985402,74594.94474966919
44746200,50327.000942955885
49720001,32354.512078732558
48229200,45536.1624148289
45134002,41491.45192678675
41723600,81740.89065612038
47014000,55551.94340827156
48006402,32527.120175433025
46170600,53722.88098527107
41985400,18199.57851397562
43602003,39702.20170620582
49745600,55345.637538695984
42527200,65907.30494460891
44467203,58648.41697100742
46750801,36122.27519263245
44037202,40771.807510839855
49314600,32967.180540878086
43225003,41709.340647544195
45068601,43069.80481256474
44446001,38487.56329619306
44903403,74358.22077671037
43600002,37518.68574052257
42292202,33543.91431560009
44378403,63244.684937790444
47526000,51321.35502872694
42488400,54273.98579145671
49736202,94567.04688247552
44547203,70325.92740216051
42346803,51981.48914095476
44732203,31805.826255583805
42276003,33009.386392636035
45365202,72273.84808250767
45767002,73843.90991856653
44313803,51168.15764041485
45143401,74397.07953496868
47297001,60308.357264552156
41013202,87668.25602235371
48592600,77271.1434235808
45884800,52223.33196563799
45533003,47073.13419493617
49333402,33371.30512060536
48498200,17457.32668953276
44452600,55632.46684538894
47223400,96164.11034353361
43974402,40540.33666764022
43023600,38146.14953582144
44490200,35960.45344200931
44636603,43826.605491897695
48774600,62435.281273584755
41370200,30124.797423544343
48871801,36998.11238141917
42982603,152386.57364462694
42261600,26642.043048734016
47882000,46634.44946445603
43864202,53737.84425695842
47178001,20181.740026289703
46458800,59815.7379805528
40946602,58074.05733468752
47226801,43559.615098132126
45634202,88549.92056966423
41442600,117110.1477861673
46633401,57104.00634982474
45604203,42035.029183256214
45509602,67535.92285268274
41923202,40683.165953683856
46911402,61736.91726904547
48619201,57917.35597492604
43730000,23139.876165093687
49882601,29143.511728147314
48676602,76533.08270575195
47347402,37550.311872784005
46088401,24822.53211315582
46739000,93268.82701876403
49534202,63213.38495619114
47457201,41624.33207716217
41434200,110393.52233958645
46762001,52774.39903427972
44482402,122166.22263394947
42666800,30668.094309341064
47741200,28605.32021928794
49728200,39900.43774127971
43020800,69679.08986232216
43685402,22815.26520686362
46781402,35236.16398630395
45477801,59791.762790570065
45756003,52353.36360953632
43036402,46572.18123931337
45236803,69527.8836663666
49522202,38866.47235531677
47337002,100889.42580004764
43498202,22070.62022788337
44456202,80768.836654372
44439600,66565.6673113635
43492400,30923.86209789551
48611802,30933.34543072394
49587602,44969.901823590786
45410203,35426.05551118672
45242401,100468.64281641458
43082000,25271.312918885833
45618602,58152.08053976805
46068001,48182.64953013023
42268402,53294.174811645375
41883000,52011.06860471258
48739001,41579.2814248502
48738400,40155.11498434483
41813203,28379.034607133577
44690003,91208.74169469855
45167203,24449.13576065176
45139003,26785.40041104187
49737400,42629.78557001858
41501802,36258.296794857175
46983000,36070.30461419488
41138803,36057.11081309314
48051002,32563.39936278098
41099603,26285.38713650454
48999602,31542.024188476844
49750201,40028.21595218075
47722401,43495.25589089524
41227400,29120.69260333806
44641203,53997.597122569125
46345402,69756.37997578684
42701203,65428.81254194281
42922202,36300.17881145735
45271403,49479.836769977745
41355800,18630.981786327397
44112201,48885.67413235321
44693200,68802.18312837051
47197601,55231.38800029127
43755403,59350.80752503363
41149802,22125.138471579885
42057603,46015.707013265
47097801,94737.22321403738
42214603,110083.7856795254
48869401,50592.1898128917
48831001,63756.61703527147
41780603,39804.72835764887
43801600,41230.98690010571
45316803,72271.81703364544
43990601,33415.3423042035
42259800,48370.333512049
41802800,33517.62233709722
42175002,48240.358561641624
48482002,37473.06446914788
43314402,20654.64026176259
42030002,29123.209257819934
47764002,29011.5429075165
44276200,60374.727254952
45468402,91350.49435510712
44898200,48338.194433960474
45360402,38322.28473606632
43286000,49042.123573440476
46435000,66101.23761768983
47444200,39700.57609923019
46694201,43835.03332597217
42967803,38574.13767729473
46437600,45755.59795534816
45615201,23770.978973548266
47656000,30575.960275408193
47674001,58807.979459828406
41195003,61751.93115727144
49666600,39036.1830274562
45329801,56670.02969448382
47201600,54091.32887509065
47480801,37973.08116914014
46020601,61576.92512919716
45244602,30502.692628511857
49704801,88107.05437699454
43124002,56686.44538105486
41201600,50639.186214938614
44953201,39393.90469179555
48280800,74299.56647206699
46055201,41697.49017680472
47310601,23087.58881278731
47911001,43518.718871741745
42994802,40325.85689462521
41765002,29750.88341142121
40814803,51251.98061493363
48805602,25357.244825647023
48723601,78237.02097302434
45939200,91758.51255647036
42952200,51163.44052765277
44220203,64251.72386512755
44287600,30483.413273332335
41775202,115938.68760666673
47597002,77396.23820077276
45697402,41553.467481153755
48911801,30445.925718689075
41084403,40952.70765961107
44453001,39058.32214904103
47200600,118430.73110049876
44294203,110166.07670748515
47220800,52805.10365043245
44181201,59700.91013114344
48437000,29003.78186512787
45397000,57623.86105368605
48279200,31014.550434503413
43315203,54930.668102967466
45371400,55702.93072587884
45835402,62587.66089325406
42887400,29663.143940270515
41540203,51534.058198587474
46710801,29859.201976148554
47398601,49752.746009385584
49679402,50335.07973734695
45710202,77641.69226267125
43948800,46811.68096089785
41768000,40921.44069247271
41937602,36195.58995359692
48634600,28050.673711985757
45074803,44942.41876583795
46581202,70993.92739545551
44972201,91195.00598326312
42394800,37889.75571810402
44751203,58506.8477827448
48856001,50102.3619325395
48775802,19868.792170565353
47826200,48329.54889684404
46907400,48231.1919864248
41328200,28489.59883221712
42121202,44204.69530559745
41036400,21966.071584969835
44344000,26423.991470550376
47688402,31684.23761932705
49860801,92400.76656693152
46511200,28205.070846567214
47461201,26636.31623715295
41226603,17656.76823793407
47296401,57445.94422503921
49028402,80436.74572339213
47356602,28034.180649487524
47044802,71053.66710667306
47119602,32872.50283042363
46902000,25950.073503963926
47544800,44106.77099460372
47312802,60203.55129069114
46682802,64619.69315635121
49552000,60901.35521778185
44790401,31460.75558187786
46323400,45046.21388857028
47329601,25224.085740366707
44451601,24504.401287447323
49416200,22866.352597517307
48797800,43411.855356629065
43833602,64848.068959859644
47844000,39204.07297710753
48512602,49676.29595550984
47878200,42051.707221006516
48243400,28635.59564532471
46440801,32331.17075634871
43939600,51151.556460316664
48861001,46761.249817813215
46702001,40016.48100543087
41012800,38471.40321946722
42930602,67027.07333043752
46895002,43788.46156237845
49816002,36603.138396708244
45374203,36249.800750656745
47200801,26080.810061805703
48748201,29794.303210583334
45067802,82689.69276144888
44826603,89871.60518749572
41178803,34176.37414336464
41253602,17825.625652970688
43127600,103512.46249636408
47251601,51987.90975737312
47710800,97184.28955349726
48288402,99314.9709131791
47073802,32951.35977406291
43002402,37031.89076028985
43874401,37206.892568739626
49945601,41058.943004764726
41939600,31283.076947577567
48861601,29254.502270174442
45344200,40908.83350569523
47316002,36642.60462316561
43549200,23901.089516905082
47218002,57733.740598831406
44207800,37736.75870802271
43636000,39376.018168043214
46329001,21793.72589314606
40952800,28465.93619494495
49446800,68135.27695537663
47478800,58304.21168205543
42180003,44043.47249289922
44044002,30202.48647063067
49109200,60125.18830645515
48759601,35957.54858168145
43954203,56360.50215232829
43618000,23930.081297060853
43799600,49728.612537512534
42424800,26170.17049081641
46772602,55492.66155386904
49139002,136910.60875558766
45270403,29639.387403692555
41302002,29859.2877113449
45225603,58094.71977246497
41023600,38689.55833661307
47682400,50868.80989580498
42576803,36350.1102513395
45591602,65479.41514102169
44852403,64135.90286262687
44520801,70896.55052745291
46005802,61016.30945528579
48051001,22648.720891953744
47670601,109548.58985578314
49833002,134781.79444903924
41348203,17420.619033246214
45083003,59806.55166640909
43772800,38575.67489005862
42828202,85974.28922401599
44948201,55600.33987465212
48519601,45974.420423669646
46749401,37048.70554417242
41219200,32303.9294256234
49110602,32838.66441952146
45755600,67060.65212636277
41493002,56737.32061966197
42481600,68824.49842776464
48204000,84821.1990285561
41032002,74903.1775463727
48996201,25833.808292659152
41098003,57881.41166135143
48320000,38130.523383699634
46329000,30818.364505589234
44218602,30121.33728619339
49404202,32822.7508118035
47627801,34834.10617038879
49191600,77714.64897940663
44942003,80251.70488352882
44035002,101779.16719319436
48053402,23349.362823392188
41137203,38187.11385331329
48383400,43992.830126871035
49877801,74968.397576316
44431000,76059.41849691435
44739601,46938.317200190795
45036800,106005.83863874976
43283802,53642.59351837794
46823401,44531.12451455962
44156200,26772.07340624903
44122401,81212.67338860441
49277600,58004.890947299304
41451402,44930.75028201216
48731002,22573.30180608113
44993603,37848.115096556365
49147600,25309.5441227835
43815002,25642.59358867858
41861802,21405.36840321196
43568003,42709.43179259218
46130600,80690.0812169649
46973201,64785.90448226534
42441000,27951.54034596901
41160403,50520.9308629828
49686000,65396.31875517636
45654201,50540.99624296264
45029403,35987.245537454066
45781201,102420.55306913193
49832402,42465.23254475012
43210403,24301.618126057176
47716400,35728.95328623466
46846002,33723.88152079175
40818803,56122.99303371027
44297603,40843.95611341564
46660402,45731.658586422534
46696802,110986.0356533366
41474803,26933.23735040811
41135202,30802.183178396623
49739200,55510.213199620506
46587602,64850.96567442617
43226403,22183.40315148821
40812600,35419.02558614965
42441800,54843.22260033365
44505803,95720.7577277683
47926402,103671.05730197548
42149203,60695.0264937282
44510002,48081.13973389771
44637602,36397.52145372144
47449201,58518.34269406407
45118803,113049.63128477903
46855600,42679.78306912562
46088600,71509.36969045454
42861203,27574.41482787943
47820602,22835.894321984386
47869602,27672.57647795429
41925203,100259.77939631259
47694001,35745.4726496943
42849802,46442.51768466542
48379601,43291.587245799
48402800,43972.74639209227
48067800,29720.445067591885
45260601,52175.545240737934
44345200,30001.44172402747
42930402,102351.97441424285
44819202,53012.50210945711
44178202,22421.957385824106
49387801,31995.36592915312
44659400,29007.060143872328
42190203,72839.56959957533
45050802,73309.94451489698
48577800,50825.77988288716
46959000,96283.03216082005
43122000,79481.87172051886
42136200,48619.493292573854
49795602,35865.88197467755
43617602,71424.64851128565
41128403,57277.761283972584
45848603,51472.8304129388
41554400,41543.02196788955
48843200,43451.34386164681
42554003,33449.3517600099
43296003,47341.88696359346
42491002,44072.72862925679
42165600,49332.71954138817
42198403,58113.487850477104
44387001,34403.79542654693
42795003,40831.363608008665
45640800,72008.51249247583
49222001,38366.26662627502
49764201,59442.53504592029
45311403,99805.73459683292
44946802,49437.42253926331
44342801,27672.362105881304
45969600,71351.20823190994
47935400,30932.572142436013
42912803,59683.98502909636
47538402,26497.720162157057
42520603,48457.353816558716
49078001,24207.825674082273
49193202,88369.39065974005
42269200,50275.98331059762
41914602,31949.13744335152
42492202,50569.6324341557
49716800,25218.796450377107
46196400,30533.345407197565
46122400,67714.41489279376
43638000,63691.205510282314
41655400,27665.193192910145
46554801,53385.84153950792
42668003,31104.445022527954
42904602,46635.311848477446
45302403,60563.49965127425
43323800,24937.618417075784
48398602,63240.38104251615
41483203,53631.83151250539
41577802,20107.745565150246
45402203,58939.98608694916
44854601,78133.76649964288
49855400,24043.443523621234
46365401,18562.520151775712
41689002,54511.62530770786
40832800,73315.28011407875
48405800,20725.05666181292
46015800,35121.971569517314
41384602,27265.9747305831
45804002,34151.9566927998
47574402,48222.544468952816
49072802,32069.125762276642
40991402,28482.727965521888
42649600,42767.44329383796
44527002,60230.961653921375
49271202,45042.90705763482
43061200,117719.1074413317
42300000,67507.46768670871
49688401,47096.49977948066
41100000,72833.73764819054
43876400,32383.0468766741
43338000,35152.97541590042
47122400,38812.993476812764
41573002,47484.71906561186
44551800,31361.800825228605
48731401,28764.60775535004
41103400,60583.39117792638
43117400,46582.544812623746
46967201,44765.80893566473
49853400,51218.38877157037
44359401,61054.74582851528
49052801,46433.89789894574
46459000,64585.17732762309
41992603,64081.14167180849
46536201,73115.32476100301
48834802,31446.069955721927
45136402,43713.461044397925
45834401,34756.89820573647
43462402,40687.568284570276
41763600,66550.20577952755
49722800,52159.07156491169
48814200,56327.11983325852
49613802,68131.07455533867
41072603,35119.70098532404
44222200,51704.91190135097
47951802,68347.096123068
47064602,55780.92185357505
46754200,75555.15351168295
45691602,65060.79909650692
45714800,26183.189969361243
45648803,82631.95022853062
44528600,36954.33672046009
41646000,38215.01490354923
44569401,60120.61658424445
48242001,40881.44272596824
41159803,38825.777646888404
42872003,39431.432979838166
43238802,45420.12097063203
43741802,49032.6784984872
44583401,30116.716226645414
48436602,54602.690331866484
49565801,49199.68757935213
47657602,69521.86050186396
48161800,67245.99126844054
44307402,39590.443862723056
48962201,33980.818295482066
48052802,54445.992737033164
45943401,60817.81282761441
43115402,76118.25104861047
47950001,46311.41372491194
45494202,49058.834612167695
48398600,61601.2838403265
46603601,76890.05275137212
40973800,26974.28669962617
41552000,64709.66565205643
42673803,43540.238088461156
43586203,35536.23639753696
41132002,61525.38647766675
45424601,41032.90569328239
46718802,37563.36034189852
46916200,67507.47652586584
41945400,25783.223780793014
43887802,79013.6925876308
42432400,30969.92344934607
42519802,32060.45633711359
46433201,50566.63748611716
45407802,68038.19215626201
41828000,17745.689748380682
49699602,56439.86749473068
45627202,49564.526003844476
48492200,69374.90806739312
40885000,35233.08671442495
47090600,38567.936854322565
48783001,49626.041924418336
43229602,36512.596031172674
46007801,44765.16459716022
41261403,29853.6404326943
47532200,31526.60441223305
48109402,42083.37216722618
48146600,33669.45686594955
40911602,29318.102141203537
45505600,57666.16927220497
42515000,39783.508149377
42870800,48392.26181752006
42836002,25157.42419138215
44497001,25899.534992246303
46208801,54458.64616704904
47892400,41347.14186586501
44795003,26931.740041437115
47791601,24159.169161791306
45668603,37544.37940085047
48473400,42310.669780560085
49252600,174472.2864930879
48074602,27494.02631674948
44901600,45399.98935803836
49062802,60642.69115004136
47783400,29539.086961064022
41821002,36401.81630254392
48771000,85655.56017568902
45150403,24999.799868573533
42267003,59068.982508393405
45116401,23966.613790890744
48402600,42818.73371918822
42934800,49081.77491041432
44693202,16180.134973625269
46167601,32317.551505762443
42472602,47473.46587985476
46747802,56346.53816444306
44133602,44116.928176824666
49248602,34646.062797968014
49376402,53822.07650137339
45967602,23326.713262711386
49492802,45848.876177576836
45209601,53266.69337069455
44672000,48562.91223299823
45968000,106029.10293925699
43747203,46426.08519937764
42066000,35861.31766103181
42441600,37765.576297627915
42539402,43806.273764130565
41920403,38023.41986682743
42491400,37093.74753483224
41908403,41653.26078045739
44403800,50216.50840677836
46058000,29088.767898432572
48007000,50815.69061956878
43539803,77721.58965105744
42830002,71748.89155181282
41473402,91596.49032117121
44965201,44500.58071252548
46584200,45733.31303368043
43913202,31702.028535103662
48550602,45199.52954285229
47181600,82077.78950541143
48803000,42595.79734349248
41329800,26088.025634597863
42539203,69439.52597337699
48135202,101809.48722846508
48576801,22753.5574384946
45288201,29109.787128559597
41381203,28987.69723925712
49479802,43871.564155900924
45986800,75537.56236453501
42489002,56555.71139201271
41918402,28273.159992881996
41604802,77028.51375817317
46178000,45743.11067549779
44030401,18954.132786398586
41209802,27434.21140999542
45982000,54064.693598606784
48252002,39640.12722952069
47593400,28508.124287316987
41752602,19570.143044484736
44616601,27916.501153562553
44828601,31480.13244019036
49830400,76130.87295431574
44989201,33415.93380663903
41248400,17244.96284327424
44274201,45177.48963585621
49648801,82247.28840180326
44445001,45371.342540119076
47085401,78250.67886175773
43311202,39012.63267918538
42929403,30226.80665794202
46446600,24025.823887086317
41856000,17411.756424275394
49531401,58145.83099158716
42249000,54091.68689362188
44072803,33366.464823384886
45449602,54597.56106357693
49183202,62622.7901563695
47796002,104914.08455446253
48010002,32515.335001937907
49297801,63343.58142752297
49803002,39340.10056567999
45632600,77757.51590877454
47208000,31975.4915482337
46912800,35845.86852840634
47583000,48517.19841161836
43746403,34341.097099767765
49408001,96837.75673502925
47648201,27751.728325571865
48340200,27265.526630005836
42760200,32202.82732181473
45206800,47022.52851959998
49802601,33650.34695108988
45769601,31441.9721250854
43476802,37372.52288020259
44059801,50904.04433602345
43476800,77760.21801531609
45194801,89885.9702460001
46167401,31852.943999665516
48058800,35938.048968503244
49784602,111033.0057696013
47820802,22735.971672308693
47851801,38668.404026025666
40959800,26277.815733581556
49811800,69905.22911956231
44243003,45977.04154536096
41936203,31939.82978716992
42633803,21903.036247082127
41327000,27911.4639700427
42451800,45262.149061999466
42007003,37986.523147227
41129203,54369.86922203861
48755401,27433.34746093904
45803801,43618.76847760149
45235801,56983.59850388138
44624800,55511.966528318015
42168400,38266.349146382825
45820803,25103.33576556027
48689600,55966.72030025339
46905000,27342.69626944881
42672800,47673.98145282312
46805802,32340.303191391708
47104401,21669.311483016605
43140402,26429.207865374505
47731600,64964.53185360703
47315802,50665.05119567936
46772201,27537.67603095795
42684203,45295.77075699885
43932002,64416.172060453566
44753200,52028.70361206094
48110001,54372.58458706434
47755200,37874.3226197403
49116001,34103.23972697917
45331201,35226.01563474134
48570200,98856.88590964889
43407603,32814.32194326403
42279803,39493.198984222574
45964601,32760.955816821053
45082002,31848.66799623523
41199000,72739.74665739623
49171002,24591.79216186566
41254800,22196.096681658033
44990202,93967.20569172478
47793400,37986.09943340124
44889402,43925.229860958396
45173602,45474.12160065287
45801600,40720.85537792303
43553602,50647.02536505288
43327802,59206.90703834509
43355200,51348.32514830751
43014402,35124.55057532833
49978800,78273.44804068272
47120001,81664.49616259184
46146601,23722.65193613153
47366001,67914.19080881341
42553200,21690.220230559902
49704200,28393.749355050888
49427200,29174.086719151277
44001203,46612.493438119585
48603800,99929.44007522358
43044400,69476.89236845556
48256201,36956.642360477315
46061000,36295.67853647714
41225603,24227.41154939957
48393000,64658.242621324396
49617200,33009.627658453974
42469000,27635.263075221683
43660403,58171.37062750644
46230601,54440.292783443125
47259001,19273.637851193103
44513402,35992.03193185969
42652803,27619.138826347127
46728602,68423.2230201017
45432802,38588.794860218855
42479603,49291.85074321661
41257002,21699.072919445716
42017602,62094.87493886581
46041202,27824.75421370364
41720603,26191.034172222182
44541200,38867.221049638596
41617602,55154.010331314814
42063400,27742.99008978427
41032402,76333.5065032651
44742400,17764.23981502388
49495601,51480.86616826179
48083201,107300.74866006005
48041801,82795.71057035113
46159401,56306.39670673968
48046202,19233.65642989932
47729800,67718.61148731876
43722600,25972.287919638464
41829802,34100.104952521164
43028802,44376.93016463024
46342602,23132.7710381425
49560602,17625.110821977367
42757803,26654.507371386957
42941803,92564.87332156411
47019001,52460.59600981913
47635002,31027.151309895624
45575000,74390.81109252143
41237400,22216.489858092595
41262803,19159.540288276396
49181000,39823.664475444755
45448601,30827.841168836425
48847002,41240.32063428226
45495403,34481.22716638915
48845800,40859.33443012437
41829402,17074.72351166986
49319000,57205.752098991856
43204200,40767.41467712679
44598200,52897.291071725056
46156602,56248.72373968444
49072002,56294.42258823798
45419603,73953.32503832222
47724802,33381.08388028605
41829602,53705.81016231528
46646201,61569.419548686026
46312400,46598.5737538186
49777600,34970.80835726293
44908201,82732.67372145658
49242202,121317.7813594808
45321802,44224.372375312756
44938400,56141.22403631472
41895003,34396.059847644596
47237800,39354.71418092437
42131000,28981.330676685422
49934800,27461.495794442355
48260602,90225.37314034386
42130002,48265.7485860994
48677602,40150.491620590496
47966201,42087.770639756265
43502603,28380.288800068778
42840803,19147.79655482591
47524600,64008.37546428126
41918403,34083.74698364537
44419602,33651.50774582563
43760403,53308.120883429896
40934002,74922.08763412772
44788403,155489.56678434587
47048202,27860.882789904696
42749402,40812.66749002071
42494200,89153.7888332819
41306002,15655.829701509434
45883401,76083.05293481861
45827001,32611.336146726157
46335201,95147.57091717905
45086001,100616.63744563352
45056803,63516.1624280581
44917800,75389.43589851006
44353600,102032.92974500122
46298200,63245.792258084744
43191203,32910.76941100892
44046201,75377.29376416013
47068402,33485.53784454141
47504000,21683.259762405058
43050003,88019.94159874409
48686802,53962.17829885285
42112002,48848.69804932176
44074602,87027.61324232693
49254800,58434.119263760294
41126600,27310.062366567723
43736602,55826.9931083021
45772000,70599.32058148271
44747203,37711.62455994888
43038202,40525.833328360866
46135002,26741.265490357724
49244601,26762.20317693575
49839002,115438.3516741732
44297003,40256.03241043875
43302403,61579.87867636674
43740603,61490.244766242584
43039800,32197.535327336413
42711602,30388.574672425046
47444600,24967.680439958705
46776401,52460.89684163568
48533402,46399.35440905434
48371800,57717.95862243606
48832200,40170.282842553155
43373000,22149.887880104063
44541802,36569.13139366733
49925402,70538.95426816531
44763801,24733.31644726217
42739602,83845.50432416066
46782001,60299.08090255463
47908601,78443.74066455131
46039201,28771.147145689025
45138803,37646.0998123815
45118802,113049.63128477903
47018802,76984.60548397661
45865000,34138.62191558693
43855402,57964.69311073087
48870800,28131.665535580116
47327600,68683.0259116159
47204402,27274.93332243338
48288400,37323.3553981981
46955602,85497.96156754188
44628202,37539.13064967412
43847400,35976.36571435546
41951203,18771.61698153074
45559202,36766.33021616479
45287202,28970.609294550417
44617600,42324.134838229766
48491001,38812.85900833975
46374600,63449.56633114404
42144802,42192.22569425358
47632200,57599.33542081586
45826600,38580.756405148306
44082401,30542.758346130362
44038803,31155.61392216914
41855603,24969.544490645134
46244801,53805.629575344436
44377001,24824.443210169196
49504402,60069.08061334352
44081600,41934.90390112201
44036402,55070.37852996457
44028403,53474.120507221254
48737600,105857.67631400608
45851802,42811.13388810471
42878600,58681.574837983586
43339000,39305.80641577842
44891203,41997.45960491539
43016803,50971.86445888853
43698203,21801.7181759177
44903002,121309.6050160178
42750000,33221.84543217003
49925401,58228.235456819064
43531802,47450.30058973898
48210001,63965.20934912684
49869000,33218.89624148262
46307602,42958.83422941152
45125603,51518.35523922727
41378803,15172.919660342024
45967201,34381.540624073794
44953401,45611.18193503181
45930400,31887.937163185466
49397000,67725.78516471491
44735603,40363.075162478315
45210800,42205.68490776222
40902400,30588.764136999613
42373202,83216.39148180747
45640202,35375.876459101826
41827802,54972.16014084385
47421402,84394.5198802412
46748400,21057.224218611413
41917602,44639.41020575618
41089200,39186.98307898818
41377800,26083.212619665563
41648203,38558.45364250157
46705602,61705.10108961551
41015402,35590.949876898216
42168200,77589.92602518963
44076801,71711.1128135915
46300201,52378.698398096196
47192002,21067.462792107337
48925602,49974.542726401334
46073600,71130.62866526328
44930602,41298.62995810885
49421001,21577.295944009056
47118400,99424.20549981271
49756600,48804.17339259461
49025802,47448.062807070535
41168200,28065.87001066926
47472401,34883.0891073496
45223400,30370.11434842186
49093602,43754.77818701238
48537400,30172.57371353578
46127601,26717.02365397587
43877802,67578.42852314736
42237200,72081.84550020962
45560601,23965.51721625178
42619600,103207.42039814613
49410200,23695.48815448409
44494403,43436.06087537483
46742200,84681.37323412223
40858203,77100.57557943017
44022600,53726.828632646946
46344002,83229.61490491012
40886403,37674.04632385327
49352601,46099.48893922132
46438200,68416.3789531315
45591000,35447.94944397312
44155800,22710.94329407532
44470201,52805.62288053495
42287203,71485.46265231265
45193400,87544.47857336994
46598000,58653.48482935652
43210402,22661.11892548314
44570403,68279.5998753696
41246000,34268.009784476686
41793003,57804.54856178591
47626802,45339.23255025659
49055802,28943.14690627084
42676803,59777.19809289526
45220201,113363.05366458325
44014401,43807.68329725221
41754203,33171.2591495581
43922602,39248.22366792615
45890000,67476.6253717573
48971402,37252.257954217974
44000400,38251.04147845725
47993600,49489.701139442295
41820402,44188.13090595136
49119200,46775.793433001854
49647202,47314.86072682712
46019602,21843.622954044396
44717801,102681.49145724208
42514800,24230.93209746232
48376000,58597.40099988068
48001802,38342.28361039522
41573603,25441.662094471227
42445803,23686.086529900727
49734601,73222.55166037576
45228602,36112.579986690704
47943001,48682.58157727275
43701002,42564.29081712093
48166002,75621.01681385968
49444001,71073.79666397191
41239203,26648.967780908224
47161200,84793.99572713098
43206202,62707.22634878738
49770600,42149.132900745455
45407803,46287.72645465526
49051601,21111.270417203224
41587600,62373.77487235164
41889803,52693.65853587935
45354803,47715.23751142333
44257202,56544.02266107804
48654201,114898.46607766043
47641600,33558.72038726609
46788402,59654.02367095391
49331201,48251.42081265932
48172602,33063.307919513456
41228202,132034.5282240168
43449402,99455.5520641609
46163602,38055.63884790372
42731002,28804.652310849095
48492800,86811.60777398857
46439200,35163.37969921663
46500602,32867.67192712905
44010203,31460.283761534705
45160000,68679.26539269173
49758202,54444.37096794123
49184201,115506.41603140326
49563201,40582.94531107387
40978200,54696.06570741781
47193400,61637.28014207554
42802603,40406.051220918474
44334201,60627.981555906685
49917001,31632.84131529694
49783201,30360.59156133507
44569602,31552.238553223826
48970001,24585.534692230438
44771000,30935.818461164534
45375602,44578.012424060544
44884003,121660.9586147508
46530202,39965.30202179822
47303802,49973.18851560428
47453800,52633.04431461452
49113801,48341.61099496683
46124400,49896.466174915506
41829803,76448.05517678634
46890201,39306.467518812206
45526603,33203.54355211301
41762200,102075.43651817861
44296600,40249.13314620093
41654202,46429.3461554695
45320200,51119.17298814485
47509201,34290.81632251722
46703402,81401.97780722349
47169401,128602.58160228883
46312602,50535.635026190095
45497803,98739.71918039356
47312002,29841.702958826216
45056800,37250.40864795708
44416601,30342.00717394284
48510400,35208.44295503576
42527202,45886.17664743656
41208000,91503.6917823672
44050002,83158.15518250459
48547000,40839.17134680626
44130001,22948.777990507322
41480003,51260.75288393217
49114002,31665.156537542134
41590203,65862.66485239331
47526202,20057.698746248396
44037801,23260.42234156239
43050000,49309.28007779692
45696201,29987.51973607577
45957400,36447.764049173165
41954400,36960.17757861724
45904802,80237.20943484592
44673201,41858.234207351226
41011600,74559.19877515409
44627001,79180.48376868299
47749201,24498.03206490846
41290603,30058.40390281507
46483201,19586.19750563312
42547802,62126.795887040935
46585000,40055.523574540646
43935003,55138.67466193481
43271003,151933.42923409172
48315200,37662.11228569071
41512002,69972.30383557186
47454201,37315.233760311676
42471600,77796.71655725705
46515800,36623.094794521414
48405201,50875.06319405309
47193201,102185.27438786233
43710003,82752.42687588953
48385001,39212.23142250552
45626801,21253.840866994953
41924402,29779.777380271476
47539200,62584.06000997757
44471800,35404.55322944159
42617003,31971.921787323747
45424202,45694.58280269366
47493202,44429.95703474771
46042000,57437.116520795316
41241200,25720.366269582875
46312402,46556.620688165036
47842802,32133.403185204523
45437401,24734.162777374786
42467600,25393.27113556926
41005802,34975.99255090809
42924203,38455.19203455253
47513600,33122.11927930001
42897602,86861.1906076827
44811400,46436.077978105284
49241600,45399.39548480557
47111400,41541.18470555241
41134400,27593.049286751484
49201201,60695.86794176095
41234402,23208.191281191634
48605600,39094.02976704998
44597600,33218.05993767839
43997403,45299.05554605263
48058400,54934.804657393215
43700602,28088.45593971631
47093802,66315.92830347826
42894602,42013.92708918327
49475401,34849.97539336017
44029400,80022.98834475692
49876002,46214.97101335508
44253600,36730.504133608294
42190800,45964.66514332506
47535201,42787.713470188355
48735600,38401.781540201766
43581002,36911.5848411698
45149800,59523.62655300783
46850602,38068.83016762674
43520600,41988.04743986948
41568802,23558.42855265567
40949202,66785.28946312385
44054801,42299.14214467482
43917403,43464.98893527551
46987201,85622.46971549102
48318602,82600.98183133925
41585800,46785.42227505595
49833802,51493.009703234995
45734803,46919.106168671155
42653602,37683.542544242766
46649802,74451.5768113414
49161400,31860.673900121874
47541001,25483.63912010145
45698001,60766.89865981526
46312802,42028.59776694809
49776201,46413.35227558237
43144000,47701.92755050752
44377003,31370.737205127753
47390600,115403.80517756274
49269202,70411.75332669959
42572003,23074.00032890543
42223000,41637.88815934184
44462000,28629.480891774525
47965202,33592.675441646265
44925001,72596.51868636571
43672602,45396.4084490946
46289001,56034.53455884876
46938400,49903.150927213916
48455000,64979.109428722455
41647800,49227.0104788722
44564803,43875.32658018089
46699002,112918.0255233789
41516802,42544.41901702997
43926002,38709.71376794432
48051801,48617.67805636786
44591800,48671.905044915184
48352202,24606.01638666927
44532401,31927.824714065708
40959203,74703.36695465658
43586800,65482.418176845116
49955001,26205.675180485418
42274602,70633.41085970365
44156600,45716.59228591226
41262802,19159.540288276396
42797003,29041.141787290253
49426001,86100.37413789722
44742802,71898.02482442037
42319002,63272.30741383148
44654802,43449.37505708951
43092800,22305.460514547303
45343603,98552.9617414531
47205401,51444.0170877418
47366801,35748.5008836846
45894402,83296.07958025872
43450603,35336.10300621716
47399401,37213.56026590673
40832203,21941.87353654857
49209802,31812.751329808885
48644202,25712.66331811002
43684200,68187.3028724835
45822801,46647.84421161613
49574401,57134.53473380864
43651200,23921.78998872745
42376202,32391.30841826704
47726801,37754.620130162686
41603802,26380.812825375844
47673202,37294.406440259154
45119602,101655.43989469261
41245400,18577.987365055767
42152000,22015.29847589423
43031402,35017.972736008334
45183203,27877.59647345195
41983000,30295.008641326745
49740400,31644.193906936784
42109602,102417.07494891812
47030000,56908.801183041964
48536600,32894.41374711177
41903600,77702.01449194047
42150002,49634.75292674425
49515802,37135.93745803099
47818600,20365.2215482585
46764002,31747.629282229274
41867003,23410.6382778216
45377001,22515.392643484243
48268201,89247.41004136288
44707002,60908.180693425034
44471003,40166.17331385659
48073202,53286.930427333435
42602803,46019.0910069218
49509202,57782.19933625116
46808201,41141.15020893792
47146401,96055.188048809
45213600,70181.23727160784
49777400,70707.28271331846
45299601,69863.01076871606
45933402,65075.92248831991
42067002,63389.672785799514
44222002,98775.5687181126
41970800,43941.03032828085
41531400,41093.27884712313
45743801,47258.968809562124
44523200,23907.18431427174
43512002,50675.4682073905
43739600,39832.86754398931
43184802,20712.57940981046
42781000,65826.00447660597
44703800,37053.71626178128
41756000,106465.52666605322
44547603,41559.12611453606
49437602,64603.850210853314
41039203,61419.814591445866
43720600,52460.974515467475
45069401,51757.18937645007
45752201,105008.27317386349
45989201,25497.34418357618
41098200,24460.55032445738
49190601,23889.94590122085
42302400,51488.235663758554
44131603,37296.101103710214
49630200,64283.65045781597
40823002,35886.32747497163
42407400,29259.769681638852
45637402,31714.62555919247
43856002,42728.406401289634
43137202,42509.11764897883
48866800,26247.684897151576
42602603,46883.50207029697
44205800,82465.24134526539
46357001,52433.08886683248
42562000,30325.45543671071
44688401,23605.96782242282
48325800,43581.98189587494
45678403,29471.603719584
45977800,23845.374003459943
41423600,41512.16527261454
49546802,46253.78448385286
45394001,70391.05780034172
47429000,66147.39873207182
49206402,76381.74607638082
41012600,36264.369706530604
49241001,31769.20681714395
44633002,39424.28556005912
45129001,63203.197729471656
48767601,25362.593187411807
44755603,57899.04369445921
45421203,32484.735769280207
46057402,68343.28499859967
44739001,67712.46305217361
47619001,112132.86546922497
42760402,87005.53814017196
43535002,53865.486766674694
44932401,22674.310104758642
46166801,31450.54533699677
40952803,42963.073974322826
41366202,17189.550156650857
44630600,28854.770477729377
41824003,74683.13272079513
47686800,47696.181780833016
48006801,59724.2843070119
45182402,38639.713344500036
42874202,43917.3680751274
43004202,45437.598515906015
48496800,17574.96060607878
47717600,31443.404894861804
44495801,23292.287451253138
45287200,33372.25229059452
45967000,28896.55303031047
43655002,48958.759520231244
47922802,24197.40936607846
42594200,30584.08707986629
42168402,65913.81893145913
48949601,43082.35847622709
49041401,59060.67394535615
45665202,90256.14197929621
43995201,62107.53536264019
42399002,31817.393019614487
44182000,63526.76900095933
46556800,22792.208601425522
44853802,69572.98056686907
49046001,38764.06744838771
44527200,79256.48048747703
41818203,44762.860513871325
42879602,42238.51618782102
42957803,44810.12184796038
45432200,29410.4761786262
47972200,28989.075550240017
43516803,23323.648620333643
46459401,48073.819092074446
47727400,73640.65149831926
44494803,44862.12653818721
49161600,37048.5826183692
41956600,76795.31450960084
43969603,71909.97324233296
47284602,52031.34974456753
42207602,34109.790508211714
44821202,61252.742100832154
43998201,35852.7251737345
42181400,104195.16969196853
47752200,79096.4782535228
48566002,50945.208424086835
46683001,27848.47526026078
47089001,26052.82385251067
41168603,41514.28111221134
49898001,29356.40552620083
41525202,64694.67851321055
43322000,50377.33261905212
43699203,35222.535203135216
45518400,21851.753063197288
46808401,44935.22931566483
46430001,20547.720616433984
47462002,27573.510368826606
45233802,63372.87284881309
43134600,103368.0245693581
43921000,40021.2433778125
44183000,21225.874030109193
46252402,64878.34045779021
45557801,33272.533112281664
45535203,29838.582022772436
46067400,44930.114562695824
48341202,38751.54592819599
48704600,58093.015325646345
49176802,27379.347848913494
46867002,25731.926342664847
49199800,31566.400723863488
48149602,25914.16219471238
44737202,66080.46156303324
40861600,71464.46062459394
43987601,27973.895899883348
45405202,52834.00721193596
44907400,60397.567412826626
41379602,19879.21579902337
41774602,72710.73859548046
44497000,51846.353127094364
49529200,49162.71463871961
47748600,31737.898841213908
49370400,124594.952847171
45106000,44468.349785852784
43422203,48967.34378406099
42261403,48806.96606374975
43189200,34580.64109871908
44654601,32074.352738384732
42041202,47022.67937185081
48517601,29601.289024036676
40844800,59979.69592624127
47011600,32531.398246236862
43237200,29337.29266853166
41289400,31112.834521988505
41294802,22947.925880028386
44593402,28096.524503852695
45058600,30121.602584442648
44227401,23083.816100945693
44672200,25597.35676611901
41331600,27954.476905140415
41713200,27126.240154119354
47493000,27360.664477216877
49100600,45105.68285032839
48241802,29413.660543641065
42498202,48347.71371912124
45802400,41821.95913380104
44355600,54505.148110971626
44501603,20821.169076979084
42145400,44423.58591823797
47958400,42582.20259536445
47157002,27625.00249014823
40816600,67258.18993822079
46801601,39107.71234533705
44982601,43886.01698448378
48909801,66182.65507320872
44101201,31727.19291739931
41258003,22011.49052017926
46199801,34902.818567930306
41727400,42748.7802273158
44434801,24760.849830331375
45182802,43934.66716175476
43280603,86733.28505708734
49779402,69646.13684360115
45516003,52166.204404436336
49884402,42461.47720165999
48091400,26309.637117823087
45822403,32604.34366277003
49820600,53072.504103228704
47120802,28361.77224274801
46281600,111532.03279834845
47688400,94741.18779573846
47458602,62806.94770999844
44728201,46762.93916309436
46938002,32845.190169023714
46063002,66174.14600675773
42718602,31917.65396569815
49105600,58062.660136595725
48163202,47920.45491219266
43977003,74981.83546831807
46390201,67920.67397883793
46353601,26136.090856626568
44227602,26985.516395864823
43392402,33732.61049668443
42042203,94651.8093206971
47298400,70807.63348152202
46438802,52885.94694833554
49775402,38969.951047727685
46667001,40338.69607111601
41250402,16753.132644123452
46091602,34135.29472557052
40961200,45549.13132585984
45570802,20821.711816485164
49898002,47120.97344304426
49988201,62881.273756687515
47483602,21708.907784253202
49081201,55223.464204099604
42807400,36433.20189221169
41991200,30262.62697082513
45317801,32822.312405428704
45995000,39587.51623441538
47211800,43238.60142461201
45549800,33582.69004233998
44648800,27796.510125584206
42956602,62062.88975904156
44279000,55076.65597250641
45843603,71460.40268725336
47949002,31392.42343653821
41164603,57380.051233774015
44178003,61157.3978533536
41470400,28267.411458556962
41992802,47058.89168414247
45721401,60354.460665540115
46522601,38880.97951714336
45379602,65137.135649731346
44694000,76121.47655988864
48982600,29965.363333069345
47825401,53053.65615409302
44015400,36619.27817818297
47739202,24710.316646061125
46068400,42208.11213728926
43827803,79433.64791240147
44473402,52740.390607469424
42094600,45347.94644370639
45612000,77071.54281278474
42171203,34515.711103466056
49766800,36054.61757553136
42018402,24245.62950697856
48351002,39507.48737083231
43021802,27743.345553210936
41899000,110147.04834577028
41358203,30196.54553935036
42714603,41261.349042338545
47579601,58669.828882830014
45673200,48500.437763973416
44648803,33140.48289218089
48911002,92705.79874267452
44008401,46701.865323763195
42974800,29713.025541917523
47531801,84084.07208588281
44947000,31662.207196310603
46412401,57549.27787154129
48977801,71166.36421268666
49366000,69278.9140252106
45279402,48496.71631660803
41533803,63884.61050440707
47008802,37677.31332312684
45669000,34366.80298359726
47942202,48307.03626486561
47914801,36575.275784043304
46554202,36067.36096213775
44926003,42087.50933339659
41162402,66163.96011532035
42697402,73187.27142606814
43987801,24590.63692352759
44667001,43727.64045700589
47701601,31917.96360457572
46713000,58272.28541213802
49037201,38377.03006786385
44977600,50576.94769975787
41616203,59672.87910280699
45057203,42854.420265560984
41478202,33334.61871943123
45556401,88910.45846000628
41105003,83183.06641540775
45265600,52627.49972115712
44225600,71485.74538088615
48284402,56986.78483669961
43802603,49048.553585853144
44257601,37393.29510792053
43174400,116893.08589387636
48204800,38117.872136202895
40991203,32872.53983448551
49671801,79130.98805733073
41612403,33476.39568450391
49281001,34659.624942494964
44861403,66064.51321738338
43185000,70678.3233055047
48393200,34119.67834690465
47773200,50919.112849102596
45848800,55133.71624081969
49077202,31653.2819301288
48949802,38172.05722336755
42767400,34467.99509867221
43251403,36409.496313682874
49728800,45632.30056166025
48396202,35067.62807621808
49384001,42347.01353250384
49501400,56484.26758981156
45122801,73501.75151561113
41600002,40982.11488516677
44809402,26446.612303514852
41677203,26815.482732804885
44623801,41694.108098986515
46871600,73676.56154693049
49516800,51599.098003033025
41719403,87590.90322370263
41162002,50033.98358159239
41533802,46145.533371981415
47982400,39781.277510334505
45732000,36395.566318611905
42086003,39485.26923260809
44345401,31182.19568629541
43408002,45217.64241018816
48766801,125729.99561745123
42098202,34306.484983374394
48327600,48210.508111678835
42533800,39909.96771756333
47551400,41969.47943478861
45990200,53270.49540279136
45553001,56484.39445821181
45475000,22707.52859473482
48110802,64268.62003724954
49141400,85577.03043484435
44163803,50551.92583896918
46703202,108633.81802124946
46627002,43003.1019986136
47029600,22393.884960971427
45391202,30055.888935203973
46178802,45926.09553583525
40815602,49550.053192237225
42287602,45108.53721389716
48684602,68682.00312100917
47632402,77211.8743373413
46962801,28771.49944696494
41659400,35098.50502269997
41675800,37006.8661523332
49555200,63391.170857697456
45635401,46734.43375095666
45122202,125427.20482994184
44873801,125134.82011056901
43749403,33048.870305332086
48997000,33234.7752569083
45951400,43123.597330544486
45705000,34262.29184513094
41882600,59815.94389539426
41502200,49091.471330965745
44363203,48793.038065592984
49673200,33173.20746073478
41985000,22358.440664956473
49674602,94998.9304292551
45620402,57325.73177105086
49440001,60535.87391138138
44015800,32479.63386399164
49354801,29661.016160978124
46509801,34228.06296201048
48188200,92612.67946814414
47602402,34564.63453657362
43736800,50945.98317186413
46073801,42542.55364503858
45454803,33997.93179701663
46185801,61885.24146183207
44352400,24948.958098219104
49088001,76339.131462985
47835002,22155.903373285742
48617400,35327.17737218884
44290803,42246.47677093675
40985003,77417.81080363951
41017200,21263.79590831558
44388201,62110.241974440636
42501002,42504.439698100025
41183000,32495.93774201461
47765802,57023.18652441579
45775402,47385.572550251694
45642203,33853.48084463992
49492401,73721.81419882891
43240000,44769.59876579887
41696003,39615.02263387964
44280402,48131.464583656474
43276002,40017.77177696523
47173401,71323.54656962602
49329801,64355.25762775309
41589002,99493.0603773861
49688800,63632.48451475362
48600600,105788.01685119298
45040602,64502.769086969034
44244400,32783.38240764277
45086801,48463.690713802585
46096402,29244.521572637015
44732200,25402.15133714566
44209000,52090.68788808644
46280602,46726.01415500138
46186800,40405.515909978865
46155601,28182.77291898599
49509602,23218.514452618216
46703601,28741.548317415407
49337401,51310.2755913466
49289600,24410.21433642769
48033801,59647.91082914243
49781800,36347.70821748546
47330601,26438.89302200797
43981803,57393.43848975664
49854202,107558.66912189878
47685602,55207.16632790251
47502602,101254.28021565654
45256603,47071.20898049509
43993403,32469.02574260885
43788203,51023.77126140416
41549602,19458.025104723183
49313601,55217.57881832876
48383201,65301.39811451573
48390202,62305.345456527575
46120601,33086.32828503333
42287003,57072.071372961946
40917400,57219.13717641944
41271800,27544.1141917367
41043603,34060.36801093889
49910400,80004.09478567865
44336800,40671.618045815485
48404802,51155.370359698194
41205000,18096.20311080245
47315402,100780.95869107077
44301801,39362.13983806365
41690200,43535.83809892894
47230001,48124.460988678
45635603,37742.55657701331
48102600,27436.74053694574
44248201,24858.189360644228
43570603,33707.93037183578
42324200,52528.910495230506
42953000,39345.347322109585
43368402,33403.40476237077
47554201,24175.80179356656
42728200,50253.336822605066
48856200,44725.118614017185
47987002,35289.037450465315
47473000,41244.16665004878
47311802,52881.96909406828
47338401,29748.734186865688
43163602,25211.29773685916
43541202,55530.098363747355
49725601,62265.35779823597
45971200,50347.41497704538
49199601,64167.66519750471
43072002,37917.622939233326
49138602,36521.484976336564
45985002,23772.440270079514
40844003,32156.725230991768
49181200,34748.453195366375
44847000,36171.16787712658
43262603,33348.61127372135
45123400,52004.96183894609
48279201,45233.2971498999
45445200,39433.24922693919
44508600,40921.6038206362
41123403,31303.182942430558
42890603,81414.44045887928
48557401,61442.057945186985
46891802,55255.696593744615
46840201,35398.992297537254
48875401,29901.843226653946
48180202,19100.60263802825
48978400,69842.49210585022
42030603,49181.24586414444
45852201,41343.73959622718
43254000,65719.67847987053
41800202,65702.70046122122
43078403,55952.47314473707
43621603,44310.52069521453
49688602,33982.28317149832
43717003,26156.077732897797
46244202,47869.75390251479
49812600,49602.61008311596
42616400,23939.849678969993
49821201,23135.025694529737
42189200,102480.11311842814
42062402,43293.64731683222
44743400,24713.624268615964
41051400,48758.730820806224
47483801,21971.750690636756
44090203,46506.657056598444
42316603,78634.63665134812
49872400,38252.52781012265
45940601,38993.316925618026
45420801,55709.0016268477
43158802,45594.100287390866
49772200,28729.57000683625
43353402,46413.9792261917
44114602,72997.2430738499
48399001,60908.23524563399
45179600,46232.84800536595
46173801,49229.04763062482
47211200,19263.803786257802
43985801,49893.03751763439
47086401,56934.42942712534
44503800,25035.106411536948
48549401,63478.101015751185
42857603,24915.01769733034
41574000,25142.822348091533
40870400,57034.3889027643
45195400,121699.06998271127
45991801,58969.85916062597
45597000,61809.703923349305
44174203,37470.128721620626
49474401,36525.32953262655
41155203,46519.819267005936
44533800,54524.31186716965
44683200,53263.813226151324
41536200,23719.6156146384
41453602,24073.19489767373
44741401,46013.63147305192
44520200,84621.62436673282
43422200,44916.69389284185
47874200,31663.530587475903
45856003,38196.53075689728
41268603,31231.96437297198
43758203,34617.50270780456
44956400,30186.350406837275
48738402,39410.95954382635
48905202,35501.59717126415
45104602,35827.445044976426
46443601,67937.27556852977
48582001,72221.22728410094
46948200,113441.44552943589
49460002,27383.957544799025
46848202,53179.676990960725
42885400,37494.45115718505
44496600,48999.208716202804
46666001,75933.76422205886
47995002,48743.90305287155
44729200,41876.27007754231
43272603,58811.98909509243
46485800,53636.67557492839
47740000,21868.365588159468
48883400,69122.82861909225
46077402,54143.85791554229
48578801,43952.62184197059
46735602,39146.07562652014
42979600,50689.1645790868
43592203,53405.04577649298
49636200,42667.39125390179
46291401,32847.78555855533
45327603,44990.29909962895
45210601,44194.75827993681
41223403,19768.889575697078
42569600,53431.48721180337
45135802,62788.644052579584
46696002,30789.334268558126
41485603,80762.58300076304
43380403,65500.76479776431
49210200,46445.10961867725
44721803,46328.73058892756
41417400,91769.58571814254
41957602,42771.330742417624
43050200,37591.948201962856
42921403,75072.78395579434
42419403,68482.56680269641
44547003,39703.413996168616
45730203,36732.389717434715
48310200,39089.76708661086
48959602,95717.52398283841
42925600,24240.660582684646
49748401,47968.20324570114
46871001,67594.72045313733
47309801,47605.57495313383
43804403,51539.36925222603
47556401,33446.89672745957
48102202,24319.888630978254
44477400,25356.121119522344
45777601,25339.62965980114
49281602,23732.66267519673
44872803,60016.65784757366
45085803,53629.2179115294
45428403,69828.85318201414
44468002,57817.9630062157
43671403,57594.44162572814
45396401,32595.60073471756
45501000,44515.96654716006
49415402,41630.279397217106
45087403,28578.82961944679
45050800,20460.675486797045
45528201,25142.685175399078
46824201,47009.71182340338
45260003,42916.09668672851
45669400,75413.79135495708
47106402,37617.491436966695
49188002,24182.993604555522
49542402,103203.56593613677
46516402,45911.87930872091
45471801,62539.802122198445
48565200,35082.61475058262
48014001,48432.90658714872
44379800,39251.97317014197
43472800,29263.07782488423
49745800,81126.94245419832
43417602,116290.70948779507
41255002,26002.809109505346
47218202,31688.64836154723
43174003,28932.88578667758
40990600,59729.792442844
45203403,36602.887320692476
46472200,23832.749667339463
42473402,71527.82649276854
49321001,44276.25131506864
41624200,84421.28493953776
45180400,14123.794986134355
42941000,28655.19380809368
44929000,73258.89898788712
45689000,26108.376955475564
41579002,16222.725868209725
47128800,44864.31247609502
41386400,31902.501971967766
49934200,64732.91285002199
45527801,43659.66750584899
48481802,29027.058721465575
44859400,36944.01238715993
45341200,39528.43818172495
41407403,27410.611251801638
48396002,43415.436544405085
44073202,37354.074527441
45933000,47618.61080840602
47666202,49338.60210341417
47989601,75517.83374418483
43828203,29991.680413286893
48569601,75841.42999558644
44974402,74704.55246581529
49992400,72556.31620146013
46199400,46842.70544434559
48040400,84538.46011062508
46331001,28644.675166509085
44628401,36832.25662029564
47162800,54353.82997832774
48176601,21181.154012432897
45826803,26417.319089906938
43907001,30766.164760058928
49157401,39087.68887906466
46241001,47695.88669153675
44401602,71566.89993017276
47061200,85572.05892534532
48812200,31497.83740413
40842202,42162.37755094905
46095600,31389.231239409015
44689202,28790.495722705346
47429001,26837.74307028878
40846003,45526.822782981515
46442402,96150.06632011232
49265202,28936.252690780675
41954003,37140.75690498318
47318601,26831.796547437196
41940003,56725.09451278905
49205200,31615.218847339755
49772402,31192.889945794137
41191203,93981.37184898129
40802803,24862.552357743785
45884200,37882.355776712975
44530000,76712.75811959007
47808200,23648.354742353426
45263001,26794.966924434182
41152803,35870.09921893967
43685203,44357.4541176605
42459200,78258.48667322462
44988203,61994.38889445833
43658802,80862.1817459465
45067002,88795.94007180932
47704200,69546.34063307937
47812602,23441.351174408894
44467002,47204.43457563115
44105000,67066.73977356197
44986001,80554.66111896672
49759202,29032.96780409469
47072201,87101.59488640836
44492402,35311.51450106247
42842002,43160.98367892257
48793801,167868.39318526012
48482202,66845.84006166743
43803403,51270.74891099168
49902000,32909.813888731915
43988200,27070.906238662417
41112200,40909.34168602062
43283000,36044.69405448413
40955400,89330.34485362997
44212201,87212.88670282919
49695601,40326.814455565735
47530601,55040.281786706255
45485003,65599.60715087202
43603200,39236.648591680154
47652800,21922.89554557375
46698800,109476.72995405192
42737800,29892.28732179572
43252603,92390.19630965013
42346802,25094.61049866486
45194802,87702.41473593996
47878601,73337.52924919997
42406600,47460.655563792956
46078800,71529.31837063578
49152800,39823.33822982554
48912802,24384.56963873041
41298603,16748.665282883318
47199201,55085.01057860048
43574200,31944.022939245024
45385403,59715.92783247866
42257000,32055.119992405373
45236201,24071.09114213232
42809403,36624.55952567351
41754400,34225.17052820419
45826603,33389.861069667335
49916802,31992.052763290496
48963600,37369.73133813283
47021002,50836.354630654845
44046002,41253.12282966994
46799800,44659.26947747337
42252200,33611.07932893214
41243203,24567.853093948386
46642800,46466.09204719052
43641803,29800.37200963521
45846801,86803.77599973968
48910602,41067.20627975007
44646803,46092.16872997461
43984203,30671.753706499076
48752402,69075.51186446348
44605801,33484.70501186571
42082003,37754.82467953636
49225201,26206.063493030048
43718203,63365.26770627285
49498201,46686.45579237898
43315400,28310.163383594532
48592601,76439.05745656049
48834600,71313.9275742786
41182603,46301.50288595582
47051402,29151.797851340074
46370000,46586.07544857778
41977402,32805.76117608705
41843000,60702.73755315307
41680403,31636.69931180267
42337002,56621.47001356383
44710600,21088.398932389395
43717803,63507.670604064224
46096002,22866.962000980922
44360002,36867.43501727302
41301800,30161.13129669999
46099601,90910.95440817233
41899003,89465.29234864519
41579603,28447.26610644459
45545401,58192.57366469713
43797603,28690.200451531775
48651400,67226.61430693227
46339801,27411.552217875163
49563802,21710.011436694913
41737403,43142.52457856225
49412601,38797.19341747022
42385203,44386.72258563109
44005800,32952.623795107975
47054001,34142.551997601644
47189601,42926.19939374981
42545202,26097.079830067913
44679802,25516.464185548488
46519201,66346.92320821954
44145600,25340.849482366262
45703201,40949.46833560487
42572203,46882.96291871601
41749202,36407.04762054266
47927401,41144.333397674745
46485401,30506.225498186643
44592402,28556.364664060035
43269402,24109.382880640936
43073400,62103.120679025145
45257403,32411.604005622656
43244602,60322.17703348728
47368600,54100.272879958466
49142602,61559.729452294785
46021800,34654.88247880955
48357402,127160.76078620357
46165402,71677.4073450206
48580202,29623.609056594436
43043602,25582.142498231704
41720803,51536.521610529606
42909403,42679.78287263956
44205803,83105.84093785935
48367801,42696.7220383846
47542002,109060.20887049985
45054801,52709.873995931244
44848802,50519.35928530416
48686000,63744.07158899141
44942200,47019.13352116968
47784601,35219.9354642212
45478603,45623.454147142176
46361802,20504.31082253381
48104000,33326.510440108796
42724002,40846.740770649165
41341400,18372.94348149402
46820200,34663.08149738978
40902603,51140.56190081251
45567603,48852.863251175724
45787802,37125.37960891374
47787600,91527.68044680895
42025400,30986.567117296854
46374801,84730.79772843298
47668802,89006.02550560387
45948202,89219.55789172987
43437400,53195.6652122746
48057000,39809.440946997995
45482600,80207.9691931206
44991000,43829.627918595754
46669600,37202.68979999685
49630202,23692.42995143305
41122003,29234.445625963646
49677000,51933.61125887134
43444803,47080.27845945622
49516602,38669.01930645489
43926200,37387.79299153967
41175603,71901.255984818
48479400,27043.62136053875
42791202,68674.5379357221
47317601,102446.45682603569
45098401,54729.61722863991
46423801,17360.93633269227
44687202,49188.510037380605
46649201,25695.233711339864
42810002,55750.228314461645
41266603,16207.947633676318
42008400,28516.98311338588
48747600,64658.529213934904
44208401,21206.745771255435
45153601,33629.73027881632
45344001,30856.026069434283
43302200,40027.38724824805
42631002,51709.63681028046
43955203,60011.28400863482
44435201,31152.83513327599
42010400,45119.6942134673
41465403,64683.67087296485
46280801,47508.73676855544
48375800,30786.59100264669
41263003,33481.80647028959
41216800,24816.4302811136
46809800,118903.05413531125
46411002,39708.90813185318
45143803,40561.97388303532
43225402,30635.32444141086
48974602,62923.60154824443
46479602,45851.47482408677
45608803,32336.61746740374
45310001,39386.82946479613
44693802,36990.118064399234
43320202,71268.21004865677
44651600,87641.3975363072
47054600,22475.878497242848
43158203,65364.56946034192
41798202,72925.59137439074
43802002,46744.0736026622
41205602,16076.98285144451
42450402,41514.50191181061
44912000,49279.85437907133
41218403,27997.199006925
46982801,91094.15621243094
49494401,31288.679852311674
49194401,33540.82734783913
47532601,71520.18191879166
47631602,30452.983084354906
49986400,29893.90096083359
46570201,39298.43119045641
43866400,37583.97641857099
40999403,47657.5243888502
46414401,74376.78159348865
41124202,27543.333478884768
48720602,40105.41657752338
42539803,27152.07779464251
42808802,118217.21807199225
43856000,36776.38960623138
48838802,39982.82749276917
45327003,22124.52601989704
48421602,73951.69698219017
44047402,33936.73166792515
43681402,39712.12091041031
47273802,43512.613798824226
41810400,37480.75057745151
45109400,36359.28005915468
46791202,82196.4516611361
42960602,33567.76166626648
44259003,38059.05088097055
41044002,30320.061723132276
40996200,35996.05495103051
42454203,87461.32248659404
44858001,43288.64597284947
48864001,27349.003839433604
47309000,45447.71877983726
44876600,36289.45454746344
41677600,53731.994399721174
48640800,30805.950931118707
48771202,78390.90671162214
47502400,61590.41934508586
46174401,50830.97375631882
48699002,76903.76446593937
47669001,45763.959888018064
42686600,35235.997525041275
43884000,35090.31556733469
42272400,52852.93474461681
46177800,43467.95394694651
45840601,27628.527507176645
48255401,26237.086095162525
41631000,32999.86483897495
41865800,29244.200011768167
49948802,71212.82821700479
44875603,24647.016347806373
43576600,67460.6113835115
47433001,28882.80298560419
48343002,83729.81661066097
46344201,60972.167528007514
42997602,62752.35643742787
48745000,45463.287067638135
48694602,33505.34024384981
48763801,55550.35569534554
47470001,120910.46954752726
43183602,57306.2978007111
48288000,23345.755297445226
41619803,28149.93872693584
48067401,59541.42517411744
45103602,35179.598288173416
46019400,24448.190057374628
43129402,43853.11719578048
47221002,30180.67735603083
46537601,46042.572079491
42425402,34300.23817201882
47085602,45990.03134204238
47374400,57060.901803941444
44868001,60132.00912521441
43766800,56296.370082710884
48402000,36052.433771134834
41435202,21306.00305184386
48899002,77006.09008498101
49027202,26291.442254191923
48590602,35502.20073286092
47810402,54651.54656815081
49989600,50013.76134568743
48490802,41402.02562221847
49885600,62744.19348617489
49312802,31730.265682662033
46046400,61269.4358883516
47112600,37525.35095848586
48005202,57402.7523100645
48448202,58225.28288994968
48367601,65957.49168524273
45108800,32582.949582466033
48596601,89652.43661151498
45564402,43846.05249830886
43804400,77814.35333310992
41726003,37188.45897625604
43605800,31395.107997073643
47332400,26089.888809147484
47823202,26848.134347966316
49283002,35033.31935145408
44738200,32692.63297007945
41631602,15561.81936311509
46790401,88017.11639537012
45462201,38357.086161870415
46075002,35450.32842420275
46430802,19764.68890319332
44119001,23680.560830783736
45513601,45488.85138813179
47487002,29441.739764973587
47777002,44462.65369892077
49833000,109233.99056143286
45809203,45619.389035223314
43165800,48743.06818574506
49344601,37042.2244231182
42394803,53212.253893564215
48813801,112886.64404955078
42928400,34415.34154797304
42113203,48875.73659744098
45730001,50228.43332566111
48487200,55129.5069948875
41048800,44967.1245981067
44955401,44372.91229650823
45207602,38528.7887183061
48976002,39757.717886682316
49399201,82307.82796264086
49686201,27709.982166249607
44632402,45415.94876671456
47717801,78455.23777191281
45117600,60144.14885580174
44317200,28003.13623020237
46863801,31762.889642930062
48527802,34448.78917888437
47215801,32906.774506965005
46971802,25634.489236485035
48499201,28145.498729270672
41116802,39256.27442182398
45407400,43574.54315437256
44919003,29558.100243371075
45251003,62515.2711040965
42969402,28419.091982891445
45530201,58751.152396684076
41890200,28866.713370591628
43280202,54045.72233342007
48873401,28294.448624613702
42401203,28411.034395063216
48049802,31385.89348509106
49214402,33523.289937783506
40975802,34167.98495139508
46541401,49992.691456164546
46291402,48722.867151559345
45687803,25504.457333536568
45739601,39112.08735773136
42753802,72297.59016769646
43874801,35672.386434703236
45159202,32170.30630360654
49124000,39935.18718196306
47058400,51891.28627586598
41569003,21763.294417396417
42199600,62739.44038320461
41139203,39545.620223449136
41618203,27783.709937067244
44095803,41698.01228784147
43911001,44123.9118356287
46945801,27725.97800784848
42382000,31745.311237794638
44186000,88353.34328876324
48110200,38206.83934983942
45234003,104471.84416622142
47119600,62912.51843031687
49938001,54547.92913097661
45640803,42653.57592938808
40818403,42513.62371487555
49266001,22554.53935894218
42531202,35254.37380769116
46239401,62597.71862516534
49125001,65607.39098226422
48080001,19136.302322361298
44871801,100580.59298771147
48124600,47668.344064938916
44681401,54684.530966846854
46016001,37944.18793968439
43562202,37469.42783734556
42726002,37695.883516393966
49901200,35526.92147635108
45342001,35389.631762759636
42732403,41101.034424609716
46811400,27222.01724434145
41539202,25564.8622390706
41705800,71492.88860012733
48125000,97825.89722995833
43866200,43788.54069437397
44967801,35133.07725052026
41130603,32431.15126081391
45492602,65388.368850634506
45060201,37600.599026458076
44412002,50856.535669823556
48936400,148440.82983914475
46573801,30315.656863616554
42989402,45200.099324382994
42972000,88515.81621001732
41804800,31307.760412768497
46738601,34806.57381318441
44505603,35393.13563899762
41959002,27179.423329709065
46031401,32595.042932566335
42857402,56284.79809208023
41200802,36885.55481712152
40832400,28583.546827760452
41879600,41366.56105674563
45285202,32139.58728358279
47001600,47914.20358783673
47956801,61838.19867972476
46835801,58166.34930163546
47742801,72902.78648334078
46417002,96257.2070838442
44665801,41896.43101403551
46210800,49153.07004002837
43918002,52444.39800166651
45463403,55860.32758189427
48163400,22026.777391649986
41302800,20053.616663978835
41662000,26737.863722816466
44369801,46499.22661792456
44210401,87913.00551416543
47270601,53888.04158698454
44644201,45124.6251812467
43106802,68417.76510508852
41443400,29305.858601444765
48857801,28078.495669428306
49259600,63322.70473189942
46061800,42133.17000394438
46273602,91941.5816163709
46603000,44100.33968998744
45534000,40759.09133139444
42918203,45812.193087204905
41882203,46476.8001311406
44773801,35917.99037633483
41124003,53051.12151938177
44928200,43044.54425148185
40942402,27000.609625392317
43722603,56440.115774889135
44879402,72452.76670587699
45532601,55871.8832670229
42678002,48678.19291450716
44819401,74740.61120467079
46187600,59211.781628060104
46476000,38221.16102121888
49363202,46933.03651792842
44942603,30678.614743059647
43109403,44233.628640820294
44894201,18608.11357893336
41669600,30408.403443586496
41432002,67166.43711533175
44763603,73253.95370657393
42689803,31949.13744335152
49490601,31117.339692130812
45781802,64163.01995677057
41129402,47830.54835285244
47859400,41621.58695019628
41874800,48901.66000404692
41639600,23601.324798359718
44906001,58350.242666961574
41230602,23275.890175546105
43163200,69808.35348532515
48397401,45301.305755453905
42660400,28671.558087388003
44840003,78766.76065285411
44136200,106061.12058250868
45051003,21599.636884218584
49432201,41871.32555561796
45158201,44328.59646522043
43527602,48181.748673451104
41645603,35388.70259907125
45459002,45350.72118367933
45823201,41797.62276921991
43892201,43279.95602780862
44414002,50293.24418953491
49182401,30459.21555124063
46959801,34203.72780728264
45762600,29756.32407132639
46027800,37301.84701449618
45199403,51936.242173934836
43726400,51323.11620740599
45059000,63058.232282756326
42058600,97506.4374614783
45371203,50671.210544621084
45823602,36362.31932926641
41937002,16076.792824589998
41230000,25083.416766076374
46731201,41330.80474299474
42236803,46230.27469815772
44586602,61909.54427794967
43126000,16365.649254054639
42408003,53352.35810125449
46366001,77102.71251869935
43658803,73742.16140904547
45447803,75947.09983493792
44779003,22892.8390955173
45707203,36464.83871765824
43185003,43772.75906582836
47581202,36505.53721541083
49648002,46456.450840182435
44552802,46940.54473028525
44044200,32639.406135324705
41168203,35108.33433010586
46222201,40421.60682538934
41848200,46296.04921379242
45419201,31710.09079103267
49392600,34171.75108694067
44072001,57013.4280368086
43266600,35457.68051727285
42905003,54273.56101406055
46704402,30457.517894761728
48826602,102866.77792116512
46194602,52626.58432640119
44298603,24238.140543228565
46038400,55002.9459313899
47601602,72974.28694183192
49671601,26900.70466131861
48166401,67052.082555942
41073802,46247.9825439209
47154001,24179.621548376028
43418403,34245.10045859238
44016202,32625.22693425887
42641000,52242.62189469033
49699201,90989.71928119654
44050800,91694.11465554111
46864201,49577.776205072376
44881802,46659.81352413508
44281002,32881.61242194205
47891601,50962.428584812325
46816802,20770.34030943475
41757802,54127.188659900785
44686800,35086.22647410297
42479002,29753.7966508446
47292001,48001.68627975799
47794602,35167.21821678689
43784203,28968.33085138901
49099800,80911.89863707212
49860802,23586.854008359944
46059601,16901.668466278137
45567802,41237.96822989538
45694801,27206.98344463328
47988201,100528.42020362965
43992202,28498.914114523523
41565600,21968.066549844218
40874002,33930.586484129715
41667800,47486.17333710262
42373603,48832.41407294797
45625602,53951.04091874382
49043000,24707.991007650675
45223401,30923.225765332663
46642602,50869.658017541165
49064002,37710.33222022925
48835601,47252.92040348724
49658001,47152.25775215186
49597402,28150.609914828343
48782202,35395.353274270456
47897800,26503.580310618236
45789203,49776.30951657616
45257602,116513.41903643277
43378002,30061.87780618838
46381601,31748.859514572985
42855000,25996.7223626869
43336800,72149.98079686848
46829600,80422.05155023492
41003202,33423.923414789126
49703602,33351.447806884324
46465601,53247.94905935001
47472402,52683.256421291466
46115602,29108.888675739596
49616001,23586.56100265737
45302603,43205.8089447985
46008400,40549.814073637775
40912402,46979.787062741365
41034400,82229.2526973883
44860201,26675.5479854123
48920202,46138.901902816855
43957601,34141.92583564211
45529003,76553.80453390036
49542601,27726.70008842016
41941000,46933.20241260725
48206001,31485.72441951597
42144602,26554.40687280795
45342800,25199.494522608788
44613003,23047.36840562444
44821603,49192.92396209724
44402202,59010.83216775991
40806600,70769.2574926076
47492201,39268.20543193916
45334000,20857.516049845974
45308803,41477.76954345991
49847000,39615.00050530639
42305002,25035.53261118053
45815800,52732.86745293437
44534002,70322.75215215345
45079801,30464.52504904554
41589802,59195.205737127035
41868402,61136.5586334142
43405803,49515.81953052197
47396602,71875.52891088091
44973802,44933.129437099014
49303801,37352.253106541
44637801,55838.422287317975
49156202,44743.70081603558
42641403,50949.56567154993
46662802,49061.00004825025
41143800,27009.208782623227
42798203,44785.52908778903
47762602,42971.59861734011
42394203,52817.02426023913
42983803,71374.97657488758
45637400,37471.86256013627
44545400,23972.752699166445
43945003,31635.93893935791
44001403,40138.69969055728
42093803,26433.737818625326
41940402,34875.586942472175
43172003,38355.02524681479
45495402,56270.36931489166
46339600,45467.01651798689
41259402,21930.480889155733
46560000,72059.0140181385
47104400,94189.16285710297
47746801,19324.615345507184
45333003,39851.70697686512
46638801,32918.68034791716
44364203,36289.88959602092
44580803,28952.837768789497
44433601,47535.9988196686
43338203,66046.4820335217
43029800,64691.111036429094
48824000,51371.25401669825
41947003,16457.474158882855
42641603,50183.59239348799
46228200,35495.88937593263
41690202,43496.64237931231
45946401,47563.545864223604
45866202,34621.75694861093
49736000,78420.45766334259
42826000,38463.26587381903
49904200,43307.115200996304
48453400,57049.22114150581
45063401,21971.545248366125
41267403,15725.140639702775
47041400,26014.787168608276
43984400,68828.56631525634
41789403,56170.55318815933
41209803,27434.21140999542
43948402,80685.42085055196
46394002,39373.18536069425
46722202,33361.02895496658
48814401,55152.58715920903
45655601,40848.136858094935
43307402,62545.73893258076
46469801,26050.506512113712
49163000,55330.03427878161
44027601,37324.88411187146
48967202,45905.839229642275
41938800,73152.95617084949
49348401,66841.4961323904
41369203,22238.862265524112
42526002,26998.25728729688
49470401,26679.90711734861
44401801,49362.97872603494
48093002,33654.19533497763
47241002,58798.07903025235
47722602,26676.752835476414
45286803,54103.3010634261
41975000,66296.90067353316
49451202,50912.79337511612
43016602,76855.83106981241
44265402,35403.960724192715
49362202,45714.63226006123
47967600,35349.08395983293
47514002,75669.32398930746
42592603,31320.427539864675
47448401,50367.97210923535
45238603,41466.361154723134
44937402,68319.54093883574
49754200,36281.172384556696
46284001,35052.66042290855
44877002,42392.98121462554
46662401,44401.84452152149
44331601,24474.723937149363
44700402,51499.98259353796
41848400,100852.49859260202
45670802,78247.4319729895
45322803,77157.78439929406
48233602,59396.33352526392
41873000,47189.995997351696
47223202,82751.64318293268
44212600,34402.01634507501
45385402,33855.52273215157
45879201,54910.21945174538
44745001,49824.32349778632
47106002,54236.14708629094
48628400,106517.54376615792
46362601,36716.04688779482
45432801,28125.388454750286
42875602,61483.81353618056
41082000,41070.02064348171
49163202,48063.34703168345
46379401,29029.423560782816
44942002,48551.16691922977
44951803,27923.33848608559
41987602,36642.011985455974
41494600,50483.34672418174
49516402,51007.5179102986
41299403,16938.01697979157
42143202,57693.601268957944
42622203,23162.855146211274
49211200,29379.99708868305
43145000,72755.13517074115
45269602,48051.678573491925
48213001,40821.02922787223
48237002,64504.64223162182
44302002,38314.02609973726
41968402,32922.58716016011
48589402,30314.61913449837
47712001,26884.880951106923
47918600,56984.099057631116
47895601,37239.982971565834
44710400,67838.66901431693
47322002,45610.567703048095
46543202,85979.43407180102
45444400,68633.15689144406
49509402,60220.14467712074
44420603,31686.737663252436
47630000,61767.66926265303
41298800,17159.82345269266
48380601,98429.50347856016
49091402,63883.95887375879
48995802,78442.20845976987
42116202,31968.347314014092
47130201,23718.701969946218
43153603,48795.89932069307
44551601,21136.9772930983
46927202,71242.26922501846
45237803,50252.59214205109
46679602,54114.202881875106
47841201,41019.40309624763
45723602,74748.19396609369
45485802,20176.63524566593
46894002,28522.384126938297
47264401,59236.24417874809
44586201,56533.89062874529
48511401,22570.148351491647
42839800,31282.63841937476
42204402,90597.38596738037
43682600,23143.029710460924
49305200,40420.52485317024
46078000,48913.30217020881
41351402,17208.172158167163
43027203,44301.852495202686
45747202,63110.842590925706
42840802,14517.106902887153
45232800,128083.07371043428
48691601,27209.96666383718
45218201,27239.975687179885
49326000,42487.77497804583
46261802,20838.50608064651
49238801,28941.165429678636
44301803,46093.60501288839
40911803,31334.547633542054
44046001,89795.19094723715
40974603,30473.607124199283
48776400,79481.76747296656
44228603,33280.50137292196
47258002,95117.81820308953
45572203,30760.238849524852
48966602,46160.64364860785
42322200,38050.12698256988
42808400,38886.82877982361
41230603,23275.890175546105
45187202,38953.88717247764
47569000,22428.258239040675
48603802,71060.1954739923
44849601,75116.43367901866
41926000,16438.578614190763
41780002,29503.13800116752
44043802,47954.059629128504
44454801,83951.43039340798
47527001,39305.0338117951
43660603,33086.858215486645
48853202,62925.01773891482
41122800,33477.89131877106
42326202,59921.61649989935
42266402,30167.519924664306
49573601,40068.57770372736
45296000,25803.066546299935
42834803,91666.62358636918
40911202,64413.48777136265
41131203,40197.194458621096
43102800,53587.22685137831
45640002,41717.3664520088
48676201,31201.45534233677
48263400,60692.07956627273
45772403,23767.158691415385
44474803,22885.890054568335
49664800,40640.610348097165
41239800,19524.659192763353
43337402,79639.40973111987
46664801,35628.68674881037
48826800,36646.51834106252
41630200,20180.239278594174
47038200,65014.616807078986
44742403,16370.274982633062
45555600,120516.42849038409
48230602,44833.27187610452
43260203,57621.72870976694
43089003,54512.84073020397
42743600,42659.12180310851
47870201,72115.73226280967
48103601,48478.86100512611
48555802,50932.996069538494
43570402,42792.96323382126
43080400,79832.29140411806
43768003,46770.355587885286
41988403,73870.9336009793
45505003,30629.766261454588
44629600,72715.31847423922
43345802,97189.93422107448
42120200,35423.93937579053
44954003,57843.338335108405
41284002,27261.76334286502
45312203,46114.546684273286
48227201,39571.45564805699
46876202,53118.193629640184
49526200,50367.88910162292
45518600,20207.492767846707
48210602,64464.52835280724
48992601,21163.09405765295
41124600,60091.049089323016
46928602,49721.08761487324
43001400,110592.47403350257
45151401,80717.73471847909
41490200,42684.88913526436
44124201,34012.556649744685
49488200,31454.106392945145
45453802,45472.404259277675
48321602,62904.140367667685
49644400,66060.94564613422
43912002,71741.38665219775
47219600,31308.90093554939
45085200,38717.58380937408
48398002,43866.507419951464
47015000,74601.71446172456
43152403,47477.48974512097
47329001,37507.68060748729
47860001,30332.923809433567
47550402,81137.88498101367
43581203,26127.798287584865
49304601,43021.27307171249
43325403,65273.766402699155
44242603,38255.97967626377
46257801,34154.277327280106
45765600,45174.95403758991
44405200,57263.02217911504
45756201,28564.82326674378
41864603,26398.48202755614
41772002,28923.32585603928
44421003,28533.051691618388
41730003,48892.96599336989
42991203,31679.521475433135
43587603,74868.99329339917
48802801,35902.69734947983
47319002,26462.741203697602
49695400,49118.6858790958
45895201,49620.482265076134
49470601,54175.25832210073
46602001,28572.989500980722
41312402,20766.142024799778
44261202,55176.65500450392
49438001,33738.827345421356
41816600,46453.699073557415
44672202,74546.28084591287
47109202,54845.57062601153
41388602,32413.37331456677
45522800,33586.62455103488
48207202,42022.042851431244
46893201,22129.729435469446
41439003,20836.524807080546
45510002,58717.25463760507
48330402,30796.618208970893
44976802,54364.30640845148
45366403,57885.29488681979
46120002,62527.70822516986
46922600,34093.992291559225
47879400,116745.53843030958
42717200,102981.78691924296
48105200,49654.320633394986
41343600,31355.816709547613
41760403,28562.129416211275
47231801,62790.70758895515
47856402,78145.66705794485
46131602,74219.91758732585
44509603,39318.520309118765
48548800,37045.15928025745
45373402,34928.10007479859
49779200,39492.28160390559
49638402,53468.76113776639
49756601,33382.03413523801
48735800,26109.033070624526
41144003,80602.73971914714
42584600,48977.06334051651
44491601,25310.850611324375
41437602,41127.475092665314
41981200,26729.347675805177
47641202,76275.43307412983
41030802,51857.85934030486
46188202,49768.28974807918
43867203,58031.6503440081
45144602,56369.01765530457
48738002,33585.163231611914
41228003,32092.194397900206
48322402,42529.28926504183
45634803,39825.71269540357
47541600,38355.96038505823
46886802,23406.782876639503
47780202,67896.91749764956
47709401,18186.327561045935
46169801,23741.335736171324
45793803,30600.239801950906
45647801,114134.21313783451
45205801,20698.59400754605
45424001,36309.176219010886
42797002,30756.54249200509
44372201,38101.256765145954
46728402,34993.24049415938
43490403,53745.434672788746
43183800,55292.2939508053
44349400,34570.11329121977
49444401,47227.18586132334
41671203,41405.54675485161
42240403,45423.15712483029
43414200,37212.0235073564
48435202,38463.219173524034
46080001,36384.725164524796
43451802,30257.72834577287
45380803,23734.644286978135
44188400,26533.45842687633
44310000,76502.74982048137
47831601,29705.10639026068
42425400,92556.99016749751
41815003,99194.87306195094
43218800,44803.6553357647
42720203,37801.592967615
41862203,17961.847773977053
41093800,102463.75939002285
49074200,67731.19630809341
46368401,50967.76265117574
45828402,44575.34889150141
44240202,57898.25549337646
41021400,39735.61522180861
47557401,50110.41250576618
43565000,85295.5068033717
44194800,31778.313774050635
44055801,47640.56646470205
48539600,36688.38015179018
49816402,25313.797222775294
45328601,78622.37386392793
45976202,62723.74661922718
44338001,42075.741274488406
44488001,34580.549467328034
47981401,44038.148514658256
41499203,47147.29299825839
46900801,27591.444700556007
41834002,116455.55733334906
48962401,40330.8994566694
42145403,44923.57679753054
47715002,44078.67342013321
45337603,33764.7290261926
47018800,20266.38567363243
46193600,27329.4451896532
46988402,23810.39951052296
46770602,118050.85413790481
41599003,55672.71984876089
44523400,50727.734769336195
45350200,59192.2334079602
40835400,97604.71271090329
43413202,68645.72641597675
43670400,35969.608335811776
49193600,80097.06602554335
49426400,37802.18019934588
48753200,58466.92770595043
44208402,35807.138693800865
46759401,154223.33045664302
46194001,21877.813877836186
41015602,26238.353038748104
45258801,37371.2614370336
46847200,43804.523291362675
46641801,50351.6085925614
45590802,36397.398930974756
48222800,57179.774146482334
49097802,44111.293785167945
43107200,29052.52892316897
43929203,59122.096183764595
49685800,81353.99663237995
49207601,40015.44374732894
46980601,40745.43714918681
40914800,24298.84327156501
48994602,73775.52453546714
49968001,23357.071153728073
45712601,27343.849805976235
45835202,35084.24673690155
46637000,23879.06772389843
43853603,45100.8955061945
45559403,37987.34930066932
46939801,36291.11384481668
41826203,61685.0061414994
41257000,21918.428736636488
45602003,97867.80825560786
49537801,51773.30562174944
44175401,28031.78343741338
45570002,34385.803301734006
46788200,46295.51430752626
44399800,52641.652812708104
42577403,52948.80286293234
46732200,91474.39160908322
43975803,132509.88460604925
40869200,43643.29376192447
49616400,55824.59739383661
41572600,37708.83874347493
44486203,32173.873532034188
44866800,68593.87398159076
42536003,48515.4484321297
41741803,37656.11659043127
47383600,84590.79922310039
41849203,21370.79455205127
44564801,56054.932646005414
47568000,61342.8140652819
47370401,38878.32482964966
43239203,28175.271613871435
42390800,56247.65586856823
44604202,45997.602669465596
42329402,54484.51157227295
42006803,59102.62101345858
46250600,57438.82789195739
45178400,70227.66377214993
42116000,35593.379987983986
40989203,94280.01619596106
46279802,48160.78121563898
45538803,52870.18122551692
47938602,72214.781251876
43658603,47128.80143163247
43022200,57474.02233249578
49353801,67443.51883260862
45128201,59757.0807750067
43975201,71472.46582405637
42488003,22130.76026952509
46559601,75500.54865943562
46554600,52228.65795497149
44051800,73086.63180433569
48197200,45443.91914351314
41467800,25096.985452700475
44073601,49865.0621990065
42481603,25335.20539798247
47145401,33766.31900964708
41736400,69532.93402066019
46400202,34288.70988340867
41378402,23485.214032023927
45484603,43444.521460670585
44248001,32574.212530153793
44888601,29239.57201329819
49326601,24134.75409786715
48406002,42995.35015977296
49747202,55702.47395393142
47233202,43067.991972572396
48750200,111002.38454599088
44085801,67781.16099873437
44497802,30661.443900742754
44593803,35801.565128815426
45171200,33930.646072309544
44608401,46129.783840584525
45988802,22455.537821655515
46875400,48903.68238756445
44383603,22471.83489007693
43745802,39417.26450367658
40811602,74143.21942539033
48434801,63557.91343610325
47203201,46831.38164088589
41459803,49152.925226751024
44087001,55035.554515824675
44549602,48866.08774683369
44995402,24252.7263815626
48885002,61619.37592426695
48443001,38156.192317684734
45462801,57583.56645867262
45598803,17370.98626422701
49057600,28897.187891694597
44506202,57224.07421578465
42883202,31853.738573207716
48435602,105380.44710536578
46436000,52574.5946585315
44116803,44967.94442749948
43145202,47551.1406494979
44746600,26927.393121462326
46239801,24718.55667012151
46305800,87914.52408189865
48316602,24273.66612278245
45511203,30991.14813485036
42472803,84155.06337959325
45472403,23929.77066139844
43062400,46360.770666483
48471200,39543.18217835786
41098002,29342.97876943902
47516800,61782.44020023698
41274203,19327.616810401007
49772202,69172.36236579565
42536402,74421.2885962489
48845801,37696.08885032842
43646402,38248.83751361449
41264600,15958.525215531005
48889402,26322.71930350164
41728800,42799.397035182934
46672200,54120.46465424936
43465803,18482.942084145885
44004202,34218.65659127502
45091401,33714.03897772628
45244400,46375.38444189906
43493202,75568.77639718167
46916601,90715.18905809836
45100802,89493.12725669591
42339402,28857.122956882624
44651200,31051.428820117606
44951003,57981.46967678835
40881402,75853.26320933853
47816002,36717.7714872899
43146003,26944.087651259153
47957401,51054.368189281944
48177200,76733.92420137307
47360400,32940.724736975506
43923003,64683.591527442986
44702802,26952.9350812224
48045600,38917.86351292515
45438402,107844.90889219443
42667203,18835.761628441076
47350800,41009.405921481
44276002,60786.9420763273
41080202,129030.23992719065
48076001,50497.99749712423
45519003,35301.454796033904
46706601,31864.047376061444
49827002,25949.776778145057
42755203,32739.477723856457
45827601,69213.9459903958
41174403,62758.53910326879
44894002,49514.83160936801
43602802,64947.47323371644
43655403,57355.732871339285
43325000,33633.72134838571
45387603,75934.57883150392
43064400,37119.84002863134
44098201,27723.26494032878
45690600,56934.15352425916
49931202,36556.93695401487
41382603,19996.4517035472
45822401,54386.49529839619
45710601,43377.0426959879
43490202,35151.947222818475
41690203,43496.64237931231
46764601,25784.524187175386
49725201,77831.5189766552
46388802,63096.9862085978
48494201,22041.15394739017
42154800,27023.626496317767
47140601,37370.06943486629
46770400,24825.17747196631
44248800,40191.52881689312
44257203,51196.165874741
47576602,35827.94251099198
46564800,59220.583786153
42826802,30455.16321724234
45513801,83274.8052938567
44024801,35951.661919957405
41739000,91716.7154689498
47293002,41306.66045596975
41474000,74469.90155777549
44780202,38702.204825709276
45732603,44259.80934506032
45090203,28328.31491284853
44559802,23220.989902302772
46963401,99917.23024742688
47760002,52241.05035778174
49662002,26540.497271937234
44433003,30668.979770635236
48715202,43498.034019620245
41338800,24472.28750214051
42235002,47911.05150046061
45596602,59738.58161548117
47425201,30313.564215357357
42653202,47434.43393124831
44063200,40606.40426209685
45161802,34987.75110563574
41696603,22062.287855041748
45224601,29022.37563590443
46968601,59795.613427384655
47941601,38954.72122154576
49508800,36561.38460974747
41504803,51779.40840380274
41824203,25124.328144601353
46847601,25901.075650765582
46771802,42290.65880780312
44454602,33602.963115871426
47546000,34609.22369835563
43679402,29721.02010305948
40864603,24936.29225943676
44311001,60522.03062903715
45227000,50565.164946367084
47151400,47302.65366012483
45256202,38950.13484078903
41273402,18095.47244337236
44091203,42150.60465145896
49458600,40310.549880424565
41236603,16070.256293304014
49849601,87070.51067685058
42939600,19151.0418523635
44817003,41624.56230733377
47668000,60222.28988828508
42699000,66709.59234865921
48006202,41649.767774852
44409800,62603.52659679222
49103402,86222.87359568066
48306800,38697.09086867889
45648603,34354.003584877966
49285201,57239.31450645593
45416802,107947.00702872903
47553402,38213.55486751363
43374802,32777.38201581455
42913003,39930.036348691574
45715401,41775.858889870826
43081400,68814.70699669517
44843202,82849.74765078595
46316801,81089.56035052577
44547802,29855.50753640283
42970802,41943.35972517445
41901600,86313.15677586678
43927803,52467.208296838944
49735600,45885.838587867875
48650401,106420.01924601203
48995400,31993.434368959275
49385001,55669.17643569504
41282803,16346.671869268923
41007603,60782.6411513439
43884203,47020.826936220634
47281600,59036.80231977743
45902402,39847.75573356473
43431600,35656.011879440004
42691402,51763.907365535015
43242600,57796.69375633459
41665403,26511.71687093228
49275801,41833.3825280795
41453002,44377.22064555635
48071802,30823.17757907237
45786801,41064.16611132964
49798201,37925.61811844677
42155602,61857.11314625176
48230601,38152.21547887918
46331402,28353.485538672438
44553203,37780.35465811139
41323402,39422.25368915823
43634402,121191.28090364464
45694401,72437.38640290799
43035003,36338.77728348549
41336400,29149.04815549334
47116002,19293.78279381027
49008000,48290.91619149675
46413600,28505.838832554582
43624003,37051.15676032954
44985603,30930.45151830807
42291803,49750.90755021991
46235401,56776.27973984424
44412402,36348.872322782765
48476202,40082.12873847706
44461403,74866.66731245146
41680802,39667.54101952008
47224200,34510.75369932857
42562202,83118.20208937829
48683201,35256.76336631342
47453601,121144.16675693242
43356600,86358.6877577453
47571400,48733.31756804196
42849200,63757.58128925207
43533402,34385.45935747463
41939402,52782.42302834262
47763200,117253.35552919254
41958400,21509.304181071166
41682803,33315.46699087032
48545600,57632.847703036605
41887603,50987.704291264155
44040403,75510.44533600818
49050001,53270.36699777521
48116600,33563.892817745495
44753201,63929.393293722664
45242400,106435.72110679273
49487202,34894.38221290813
43812603,22789.45751352876
48361200,74378.48069503948
45649400,57642.228439476574
46291400,33326.98173871379
41169600,35351.54258043706
49819801,30868.2992514994
42034400,65746.62437500378
49657002,32123.08237674175
43879600,32902.17373755135
44879803,80477.349998037
41191402,40698.195346919354
45416801,112883.91037242411
48026402,110953.49874773556
47190602,99852.75958236738
48943201,117035.12234963736
43497402,53211.882264689186
44301002,143900.9800175853
42075603,44567.825032701774
44683003,76322.43047110192
48231200,49027.84947126227
49788800,50516.684186478706
47208200,30412.396570472363
48917802,34559.197903233326
44555200,37506.86172467152
41159200,51407.404024888136
49479600,38249.50133542328
47831800,38693.86786049903
43877400,39767.85668975827
44067401,44906.434696538774
41617402,28336.95522145604
48996400,60496.73132324383
47005201,27690.124064854062
48993601,46725.69823483265
47599200,39841.580497812
46476800,55861.84633794255
48245602,76128.52102732162
41281402,19094.346729180077
44137400,92678.7226878885
42528002,41669.157877446436
41983002,32649.94514644911
47488801,94302.97573021737
45252203,18370.90921001632
42572402,22786.834516894134
42312002,36775.85610415563
42527400,39613.88819671128
44424202,62406.30174457469
49427201,29928.401273662137
42401802,24243.518391255155
49220200,97069.6018249355
44114200,116689.22858663238
45240600,21096.156730381095
46229001,50628.813962542816
45073400,27968.76637968537
43680800,55256.43553123036
42911800,48964.1540916239
47692401,24341.289673523876
48868402,52946.28523900222
47876202,63151.86748969212
48225802,57149.98724720632
48286601,26902.89472106024
46064201,123068.68476607464
41749002,90698.76551039789
42191003,71242.48078620728
44908603,129078.46849698236
41246802,36337.98812606343
47489202,40462.539277746524
48451601,32268.479758112142
46154402,26767.472973064752
45140002,32598.206364243375
43787000,77370.05652111533
44349801,32988.68562830435
44336202,70506.03982365117
46014600,63837.301575268444
48868802,44854.6323893162
46500801,48102.23165213293
45948001,47326.61276425395
44410800,59401.39744427029
49487001,43579.716611545824
46238201,61229.56488199454
47075002,42077.56867169125
48061800,25838.6464622097
42044600,23699.379906640526
45170000,41285.92124782542
43501802,40198.23301034032
41319600,26176.67589200095
44965202,33533.22945363181
46023800,21966.43886705942
41874003,33469.27273208031
45231400,22421.9322897718
46833602,57647.786074342635
44373202,98644.61733265643
46660202,33989.05014889399
41308202,32714.138641054753
45478400,134373.90464994457
49407402,45217.75416154529
45266403,123656.00199492786
48132800,28671.777249250856
44113602,88746.00487592643
44367602,38535.74276955503
45265202,60960.48791980771
48435000,84691.80836530175
46210802,59077.751278546995
49739802,58072.22589272428
49282402,31441.987747063413
41559003,23712.72977028146
41084200,98543.84356375507
48172801,26202.387899823585
42639403,63350.127506089884
44146003,33568.720330970056
41100403,31407.53793611356
47961602,92971.59368158491
44125203,49474.01722194072
45157401,74870.65369177423
47341801,51848.18476934037
46249202,44897.410752390155
40896802,27960.821010232536
41904600,63067.06239476714
48139802,40160.93469177665
44938001,35952.36962373021
45593000,85106.6955999637
44640602,42849.204396090645
44344202,88211.93171976987
43126403,50922.60765068938
42755403,27661.506675045242
43414802,44873.289196186844
45469603,43725.16996976632
49171400,76294.80434561445
41033200,30440.580923538964
47874401,98130.54524247053
44269603,72846.73160616038
44887002,42016.18726051962
41684403,48375.15774533884
44791203,73847.85708680756
48314800,31684.042913843932
47456201,39102.67695294476
41243002,27713.63378296742
46700601,58572.368477494325
46363402,33099.978722857784
47989000,52257.46248561119
47384802,36907.62082130651
47636201,23778.81031775326
44094403,68099.29005777056
44359800,59426.55274997749
44026001,54040.994340629666
41695203,28716.10857593576
41083803,42794.588434440324
48790001,44652.69038958351
49029002,36162.73406855146
49837200,23633.646715158335
42122602,65513.08854909322
48202401,33111.05683616605
41695600,24233.414239619317
41956802,33729.00865550524
40846203,72554.61101682961
43229202,49202.77828851948
48134202,20230.3445481473
44738003,53967.13642924741
42993003,42909.561404150176
49820801,29144.084513097794
47836001,57708.497623662064
41251802,26482.500040288796
47054802,30516.401087317663
41600402,77269.96623991086
42320600,28197.916005240066
47142200,37033.839680634366
45668602,50664.72968258602
48090401,43765.3171140102
48572600,34421.15401371724
46824000,65697.68666556064
41004003,30523.658192716546
49624602,66105.74612414998
46227802,33320.84827174318
48041201,52509.68197127837
43774603,37214.92897263644
46722201,38381.15265979096
44478002,44424.529076299135
48016401,27205.54306313198
43465000,37064.90297193272
45866400,31161.587965452483
45624000,20836.14672267637
47824000,23135.973007952463
41113803,63950.509124382115
43856001,50845.10451999843
40875803,39736.08804319797
49309001,58286.656840408505
44273001,22891.816465861455
49252601,49301.61454520091
42924403,62385.708488740944
45646003,56448.7568480247
42219803,108370.72021303057
46513800,89305.70625248544
48984002,31410.601283139877
44422002,59049.737496734866
41706803,36658.35197918469
41722200,26645.821138247517
44356602,21878.70639683312
45317203,39946.217592977926
48398601,49063.29328927127
49448401,34691.871654058086
45813002,47002.6730425566
47824401,27493.414391891492
43048600,44516.49384598794
44324201,36667.8217234399
40902800,27647.34783241693
47286000,57109.23629919308
45866802,29908.44893175648
48975802,48057.8990668278
44847403,41647.0703147468
47880202,55105.00196526377
43988600,39026.58109324919
48910000,42734.330582794246
49460202,30534.195021448613
43868603,39875.10175880386
48083402,94426.44083114075
43366600,50919.10232792533
41345202,26140.24392050826
46887200,24542.614939595438
48804801,37831.242227870986
41720602,41934.025520251904
46137001,50404.23305966451
44711801,52837.94594094612
46870801,50394.409167194615
44011003,52492.57525370431
48817602,42938.64323600135
45221000,42407.14031342159
43302203,61054.74582851528
45917600,21423.152442137653
45140201,83711.72147896855
49970802,52432.41864583879
45795201,30071.73265034719
45944202,40080.13993902801
42777402,40028.86808112519
41581603,52054.622207260254
44333002,93370.62804806455
41903003,57292.777141591374
43062000,84723.68951669469
43273600,48912.061530761865
46296600,38815.62153877372
49112402,28611.2385486956
41645600,36675.3347394435
47772401,49403.7326686733
46007202,34777.021540669455
46888402,52589.42285516478
44366803,27807.978690279127
45304201,44653.78980320223
47416400,77532.58487754951
47335601,30775.79292283975
47302802,71209.985523129
42623200,16157.587996691038
49150202,27248.155659263266
43405802,52127.539917556096
49827602,39883.13839926673
46904401,42849.017176052585
45201600,29006.187444028175
48395601,53899.6081866727
43742402,33887.311760602315
49547801,47890.30852353449
42731803,42218.31600604786
44753800,30279.993637418243
48450001,136600.94995924569
43102202,70660.02387946157
44965602,32563.547907863245
49464202,29247.610589198255
48681201,37369.605592472886
41212203,15994.119837400794
46745001,69615.46362982609
41788800,35071.849199575205
46757600,47751.62464957592
43943201,29538.733264187344
45288203,36619.33927479802
45994401,23620.421926341427
46510401,63012.11857656659
47124402,38877.710587523936
47228602,58874.71302667257
46568200,59840.194242771744
42487000,48210.99437486831
42395203,29722.3321920575
46899402,54240.81667402329
43672202,37763.18361996006
49204200,43197.40466485032
49904002,71818.40487143263
40896203,36376.52938441079
48642802,64956.71629722912
45595201,49510.3015509675
46476400,49164.32739565144
44892601,28532.34257980781
48397802,86498.52267556779
45207400,33774.58006438757
46758000,51029.34175530722
45775802,93417.05878523675
43734000,34731.08260623313
47778202,59621.03927954627
48780801,44112.162614152134
42715603,52531.848202074725
41166002,73034.96509517901
43172602,43794.90412939131
43513802,25984.157509939272
44522201,37033.913358300764
47914402,46376.57859125239
41314803,27026.86800219422
44209603,92761.367278703
44840803,78357.94874151779
49313200,42930.916169054195
47461002,33335.977475689906
45320601,52636.812158602734
42661602,19834.500217418004
47981802,56052.86091875579
43119402,39079.62045244493
45374202,30664.77042265398
44202203,60620.82070688828
43507403,26479.979861212196
48611600,54893.59624509237
44078203,34198.350513906946
44597800,42388.58711138183
40913803,19073.03115473293
45890602,32467.35707810605
44578402,32450.876011855296
49846001,69967.15560234111
46856600,43995.30278263395
48062002,39603.35885136911
40927803,57209.692036774286
49164802,97714.91806630409
48310800,30101.690658399075
42547000,61014.02487535837
47180801,27735.592205108118
44763200,41696.15441680036
42386200,85711.0265220312
42004800,25878.510179905432
48995000,26384.426093023725
45161603,27754.18769090078
43552002,51801.956529905015
46762002,31414.836209767167
42961202,77134.19657742087
47960601,132404.83920207602
44431002,49563.34299657854
46818800,38334.767835679704
41716403,26225.620528054056
49568600,45163.18425948974
41842800,34567.94932338797
48932400,71315.2840811389
43273800,42957.8371563197
46659002,77542.41066269173
48593802,60529.53698216185
45086203,65416.943856533275
45151201,36610.52334091191
49862800,56642.8242806601
45489600,62405.81882877176
43164402,34493.50538712385
46299001,36773.09868202748
47899800,31320.432825862845
49935201,66580.34521501545
44882803,47617.18963927101
43980401,39422.740908718675
43903802,27202.66775372573
45873001,74038.28349753974
40969802,53464.69224281691
49050400,21405.879244975702
44900203,64250.96379838638
46409402,54807.49079741313
45438600,32520.8539223521
45105803,50131.595895838735
42897603,46389.268890118285
47660001,30288.366477557396
41959200,28126.83047715165
47417202,22973.82077900387
48645001,31667.995644108905
46215800,55365.91052453661
41883403,31889.604084615912
44837000,45276.87167872988
49214401,44134.36400220849
46566202,40549.03148896951
47482002,34449.226156962206
41142603,96419.80679223787
46488601,91836.01953294035
41914203,26873.060089050516
44330401,37579.22439729233
44089603,52038.61874033258
43485003,32741.782143528002
46339402,35724.3953549561
48109602,48100.01849665572
46489802,61695.182366746354
44667400,44168.17494691168
45819003,38027.41428257877
43780403,56215.21820639217
44474203,30234.914895610375
49036202,54371.97782235298
49548401,30617.27931477586
40909802,38639.76523315756
48934200,54073.34426059379
43206802,60593.416987912016
41263402,25819.487599007633
45849001,54019.636353804635
41967802,26708.05271188284
41332203,17925.430874880207
41906602,25606.37517886875
41829403,17074.72351166986
44331402,41047.867027857996
41863000,26856.986423946626
43632203,54035.01165224068
46728400,60224.54542229912
47941202,91434.38557704224
44759600,88811.72070156274
46811001,48656.210044266
44731603,29850.603178391862
44312600,29134.73365276167
49216001,44741.22468554466
41888602,87773.44569864475
41336203,30774.805626662284
42466202,37335.03895200363
47160201,52021.19742327828
45265400,65537.43921625319
48668001,26890.755636667403
42822600,43163.960343254694
48918401,113021.79635213266
49960802,24645.14660899136
46254202,18640.52089102536
49615000,61783.9529048548
48868201,44530.4348370536
42894403,64947.83354218775
46212602,75987.22481778872
41960602,69605.77863713879
42728602,38602.89544528685
42571403,50203.11774588441
41061200,42496.69678318494
44085001,23406.74511632669
44333800,36720.449154361355
46312800,42641.72310357943
46872200,123170.86576098131
46744602,26627.34011335776
48361800,31194.170788286116
42480803,30933.515168389717
44417003,24022.75183201751
49843601,65970.81246628481
45379401,49904.95802813567
47814201,34729.52846445433
43951002,26249.88243584097
41212803,26888.179526810727
46258001,35986.266796761956
44845402,41342.34112341252
45147601,64297.4939173732
49585000,34503.8116293033
41229600,15901.240722337901
43458202,104205.03380201517
46679002,30887.2742983953
43792403,42760.49363823657
44597801,49426.61153939631
45351401,56788.79759889268
46567001,20051.339791007438
44003202,59240.16198508382
41617003,28287.242686027923
44101200,56202.51770003442
46895401,31715.479916757737
44316200,83113.51065768648
45732003,47906.039335027235
48540602,51946.17667043136
49746001,21455.0892073687
47523001,70501.0690194833
44626602,44443.62599291398
44440800,39314.30078192253
49569001,56739.7084207417
44645600,59516.20874073916
44355601,32502.390994703976
47677001,39202.8472557565
46737400,32051.56331162991
46800600,96384.50417761205
42749400,71662.02431890514
43692000,31193.748546497205
47817000,21767.62090069432
41861803,22854.54213449792
44697402,58610.71398493795
46386802,32616.221603827442
42704003,50508.981823314054
48787200,52529.01895595428
44527602,48677.15555971119
46860601,95771.79845372315
43063803,46445.1722834829
45305603,45378.03463100066
42477203,54074.74420371094
45532800,33413.60555363209
49771201,39276.6371246396
47188002,53144.126131399746
45771603,27326.963881643533
45389200,23283.71956406938
41239603,18090.872395189283
47011202,37690.17692043644
48199600,23413.12255268409
48988401,28906.146636591657
47467401,45726.30505669652
42555602,58974.21240356267
49881800,30330.32250938957
46457400,29146.279218993543
46529802,33739.81002274581
47578401,28330.6381383637
43679602,37025.99022549878
40892403,71353.44130534025
45412000,49665.30527064523
48434402,66788.94017746384
44924400,22794.162681443504
44070800,104998.7805443486
44496402,35540.18748165483
47795400,36395.710438896145
42326402,49333.23142060438
41484403,75174.31682483645
41685802,98601.20219875734
42220403,21504.377461917597
43514802,30855.687094267567
47492401,64248.20623190799
44882801,78640.36828224566
43983003,30515.071899912375
41154200,44447.024107714606
41018403,22064.295124149496
44721000,38248.263099596814
43877003,71098.90665861976
48658802,47755.9878302969
47057200,35533.0006526154
41554803,42169.02426989491
48212801,32557.334432028383
47194402,36391.039405816344
43887803,79013.6925876308
43758002,30078.944587908936
40901402,31067.369242662546
47109402,55981.68936691695
44856400,27917.341986597206
45490001,39581.97641148318
44088800,56558.32819992382
48572200,41903.94137611958
49439601,84970.70270638504
48788200,67529.34753929565
44052601,45482.17684289889
44845403,70180.40929206948
46003402,55920.47098690499
42597803,41065.95555468328
45365001,43758.01229099313
46956802,28501.048743865565
48299602,78605.39430020645
41483000,26972.244841138192
41284203,22802.869525821818
41096002,55196.221373397195
45782003,28720.23345718829
44144600,31338.72756406059
46029801,58826.91806748659
45677002,48349.320992677494
42114603,22186.226257028626
42283800,108065.82714030144
48164600,29970.676216742977
41485202,92851.72430847773
44326401,62450.29290537899
41638203,47014.314578766214
44784400,66547.65519160262
45335403,48244.94142478983
48566400,90594.65220350488
45859001,76347.28589351561
44884600,96303.69185508412
48372800,45360.62411662269
41051203,68744.74063470078
44959200,25109.325647878522
41201203,27403.715529657668
49987002,52151.55600698112
43378803,30010.881001088877
46775400,35540.40751196332
48558201,41886.06772942088
41872802,65815.97711134478
43205003,20494.22382789356
45992000,50049.69478106408
43374600,44601.78198386048
46488801,53257.84415964178
46770401,45985.905139703915
48413600,48169.03215296155
41676803,110059.27224303865
44027403,25358.732108425324
48798800,39341.732355554755
43422003,35794.21852845877
45300800,66206.79709874102
48528800,64492.36652077814
45907202,108817.76214120505
45588402,46476.23423998118
47643001,32580.950066599984
41347802,30669.68813031337
46310801,41789.82974930421
41222603,23619.872775660857
45413600,28486.55037074915
42575802,72969.5580115943
48321201,59436.867748160395
41360800,26606.175775308926
41023403,55795.91171799798
48452602,73950.67402480183
48202001,37855.12641498964
45396402,29976.293827075715
45078800,23416.39628945142
41494802,49861.34065142443
45098402,46381.785925780154
42883602,49343.17146986536
42173600,82608.07515630727
42816202,43908.68559448721
44591002,41698.0762513537
48786201,74704.31916206342
41974003,18057.02770903888
42387602,51052.42240682608
40836803,36073.29072778866
47970800,27952.164703115595
42102800,43203.10391198973
41873403,33433.6586368963
41511200,42760.13788083701
44018001,57382.116472710244
46594401,35604.98070038196
43047202,81268.90005792593
42639802,34667.55009113821
46192402,76154.91572352104
45590203,23318.256343039036
46597601,29482.15044655231
44504000,47340.84496472628
43232000,102745.70908653634
43428003,37371.80177537167
42739400,27382.550927636785
45694402,104944.39451518832
41147802,94997.01475811224
45076400,80012.08201833311
43453802,55456.62498448441
41637003,83691.70396149147
41102603,44104.11499072206
41484000,51629.86370193995
47455602,19179.838891917305
48242401,32321.304829383855
45042402,61507.40754979805
43832600,84409.840448486
49426401,41791.66212753341
45762800,40774.86324866988
44116601,63083.644441209275
48436800,35191.13432828762
46638600,83156.22781730552
42006202,30287.141949163597
45338003,59831.94744848504
42040002,43939.432747182174
47307600,47634.1587433538
45347202,52094.57575958075
47632202,34417.47460411308
45418402,112716.5184890195
46816800,91968.3718543624
41735600,33757.31700189785
45344600,59541.004787579244
44212403,95585.32476712932
43074603,46415.116139010046
45515003,29458.88521656484
42662800,28660.282030672715
47053800,42419.174965119266
48560602,27726.199258585468
46300200,51811.11854067399
46683400,26459.077038897907
47121000,55966.31357536916
44059803,23920.15886871826
46863402,37192.217133674836
45499602,49810.95434979988
49242601,25199.02604064391
46218200,48501.58331533839
47606202,40975.16334953065
44334600,70046.65518721794
45848003,25401.238467863845
44823201,25466.16306530874
41027002,49520.100838254475
44035403,32530.074860895184
41726402,124750.05716061196
41753200,35642.84328976132
41853600,39722.348277971345
44833601,29437.196212835974
46667600,49302.56122563228
45243001,29502.54735043677
49226801,37321.57382371087
45307602,33736.00518081901
43163800,70127.75707956066
48056400,49039.62663308826
43622400,45943.65528689634
43237802,38129.791635415786
47563000,36093.541189246105
45918802,31007.897155302107
45712603,90156.56510532483
45505603,44227.286615090605
45285803,61314.82322449841
47040200,52960.228706735885
48001600,49456.734052631335
48230001,66137.64874838102
43187800,43892.449825962845
47101201,58161.77780169842
41261003,21533.33281687709
48371600,29106.84795186171
42276002,63772.693518609216
47749002,57711.39782053587
41611002,46529.49022757217
49314401,30398.249239239303
47684800,41814.23548261855
42875603,60058.449732420384
47781000,52877.636772991566
45774200,39151.9797338294
42371202,39276.45158412786
43885001,108476.78093336147
45430003,84370.50189445395
43402200,33810.24769590301
44631402,60940.98662352877
44881000,46979.476902497765
43900801,61585.141760771585
46449401,33379.8291097931
43187602,44394.81682669725
44585802,38360.91287959014
42194800,35561.40172008259
42628603,27568.03553702319
49241002,39212.26004398826
44649402,62396.21476123054
45758203,33626.821048595535
44502001,33344.21767536398
46609001,53586.80488865233
42381602,36656.174374671704
47663002,34211.12828612904
42720003,27419.86766940281
43820400,39478.18614107199
49518600,36572.97597566006
47234602,55900.067682385255
48102802,46291.29515482804
49144000,105614.0664673801
48551601,55076.24819375085
46415801,48453.26817216949
41339600,17596.914144869177
48801400,60306.44359434428
41454400,39659.890614267
49537602,51009.268447486196
41266802,19159.381224043602
41453202,63136.87064166766
48989401,41180.19110109525
43453600,106702.65725450145
48986602,53726.92461881706
44215601,30470.629165255923
46311402,20500.69310470435
41998200,27617.504229429145
44596802,47160.45469559047
45610601,32540.29400510786
46436600,46578.24189749003
44180603,50772.008310016885
47543601,64828.70343268808
42223200,28527.87304327705
42834203,29993.398053170964
41616802,24545.656704731806
45059202,42630.24175204106
45732201,40188.07327961948
42540203,37787.25916259324
41998400,49462.52508715497
43779003,59450.45312724456
44333402,43361.92747054463
43790402,47933.32118934517
42401002,14950.979495358064
44581001,54002.78667899532
48055002,37244.629817720976
48743802,87902.78755824317
48080600,71830.86091705544
46264002,47608.81731635298
42136002,35861.93162919282
46431201,67548.70015138919
49734802,63101.666696662614
49336402,60192.97075924475
44371203,30300.384777289317
47281202,76243.18137601788
47195200,23984.510391602224
46992601,77759.19477323638
48233002,47609.815580203176
43302003,26516.86881411407
46164802,47106.2690308139
47962602,40693.23414025234
47677201,69537.49132221745
42454602,89744.06844745632
42756803,29438.645155137634
41907002,25996.344301494828
49283001,27968.884502373745
47328000,48367.81370164289
48019202,22113.470132789607
44514400,91337.46112216743
46852801,38086.10859982244
40967403,62774.91183854126
47739800,62276.31007737041
41750003,35907.382395224675
43207402,46885.05308051749
43696203,32785.21284226071
44289401,21612.887473970244
45076201,46326.57921917543
45655002,62198.433786443005
45234600,51000.19779998753
45337801,48814.79369912788
44930200,38612.09458859805
44494003,49419.39228492533
40986800,27082.48265593594
44455602,30379.590342755342
43989800,53148.8755075513
46976001,82690.15083836297
48387600,35745.777858085785
44008600,43294.940498864344
43457600,38537.60784625421
46631002,40627.12813422627
48129201,55574.76162982432
41274600,30866.386516380695
42149200,29859.998460914085
47718800,47045.664847612505
41644603,50445.417404264146
47920602,27671.03351874871
45409000,33656.01281948794
45645201,76024.0938751918
42877802,45615.54112295209
43448002,49502.159346750916
49195801,101067.97090283406
49662800,32201.991159329293
48329202,60414.63095699492
48907402,35170.01366146281
43530603,70527.63065217182
42849803,127843.07740146863
45865403,33792.55114323366
48864802,24187.088289234944
48085802,23406.488920804008
49753401,86204.18072051111
41251000,23723.51850585022
44038400,27913.113277105273
46076400,44130.0713705858
44329800,29718.079107240123
43373402,32415.52450416744
41497602,53187.940040227295
48660600,40946.165706048094
42280802,75625.49581831877
48384602,62919.28600483552
49500200,28984.277030576886
41683602,36415.27120114382
41556403,33586.43833116445
45442801,24426.611711827423
47616602,38146.89026774679
42523800,77905.787000917
44905003,35488.25987734535
46840400,52330.25550506561
46258600,52292.783076982676
44327600,71260.6143432466
44895801,86203.24271471059
47720002,50021.354935789415
47735802,52928.82095965102
47665001,30145.996151763633
46240402,47527.63901934621
46273601,54646.533961566805
47305001,45073.31838386444
47949201,14523.58384829863
42239402,36122.05750652948
43323403,31141.982947396093
42165802,61197.65880782653
47335802,50145.50420621913
47845600,31206.956501393062
45753001,70712.63649480807
41288602,29562.214421367393
44761602,51392.863183561225
42177400,60304.02271023902
48265601,40228.484915918714
48518600,34464.68504850768
47657401,83838.004675546
41613003,45161.41540296915
44135802,28139.818860693176
41121002,44036.94375939197
41207003,22745.613118910915
44254602,44251.98153801324
47851201,34766.0718724352
48572400,86475.9890917278
44590200,29563.389870568248
47473600,21767.783047931935
47770002,65183.00672056752
44542000,37771.99514084867
43354802,27968.94408011462
45673002,53110.37719862567
47371601,24398.45780934026
46770000,28794.434303735314
41849400,23876.46700453243
48594800,75099.05591557943
46174801,43776.760991692114
44926403,39836.05609325133
44660003,40477.81607323576
47367800,62927.181154117345
46018202,53335.18870658269
41469000,46118.20550985783
47001802,40259.32232080938
40812803,52304.86604682431
47894000,33283.35185561415
41499002,40124.035908581805
41102800,42979.4052633846
41371402,26902.26761464072
41838800,26994.819475359298
49284200,59694.42580932552
49351202,51313.98470246715
42689203,31949.13744335152
43544202,89184.36844320803
48085400,49996.691425034405
46776200,19769.690001285075
44585001,29003.245462688366
43178603,31080.015847483755
46455000,27691.232127175303
45098403,57694.172061266094
42012800,52927.016346565055
43885000,34068.64752436876
49215401,59051.89808206189
42689402,31949.13744335152
41572802,46329.65120292839
47365200,52987.83679136393
44613000,26592.700904885212
47397400,71882.75918685719
46181601,31516.818649702836
46053200,46139.50570286787
48021401,41731.69992791378
44848603,61159.36207767185
45923800,40983.117955361624
48591001,44166.82606605451
49029001,31783.730612801646
47461400,73996.76182086323
44948202,25666.721290617792
47132401,58526.249488687055
43900203,37770.642323814165
42386002,82170.12675999438
48247602,39102.994216461564
48753002,41633.05796706782
43602203,69072.28765866131
43836400,41108.56832773198
45462400,75862.4090246395
44554200,24322.34383045567
47991602,99411.61867256551
41767200,46537.52890648758
46037402,41779.902352531004
41624800,26549.744957794413
46381002,38363.332687936156
42933403,46609.97263946727
49825201,40958.11099970953
47742402,21837.942211495705
43292603,39063.96574078254
41547400,27588.1472678527
41242403,16899.12769506591
48624000,88123.61876263893
49787802,77764.3157283753
44562600,71999.68558216102
42911403,50641.736585560146
43931000,52417.87617767727
45241201,74318.08837883743
49935202,63524.99415701758
45588600,56945.92418120032
45217002,38224.718794863235
41263202,29006.681931862262
43967000,26594.16913538298
49707002,54552.26668469504
45999402,73589.27556744828
43901401,27757.65552599776
43312003,40135.89326122433
49367801,63144.44769169783
47231401,62883.70583821898
41779800,40326.9530058132
49715801,49837.86605722641
46454800,30122.237750591645
44506003,41897.750736871756
49097000,41680.58760934321
46137600,36665.423528704676
44685402,58844.877687327804
49331601,60892.95567462321
49747201,52548.93831476364
41458000,56764.1503702545
43958401,57825.7772561586
48397001,66844.56062213836
45653000,38209.66804574175
44747603,32874.09219934102
46485601,40510.0799697209
46678802,65066.72614820213
47218800,43324.00771365413
43650802,60180.2501569299
44150601,23831.504489160652
44903000,123131.03528794018
48849000,34605.88423259691
46818401,53055.67209778063
45383400,39043.08048934025
47270200,28952.818959834876
47811202,20679.16915665831
41180400,58168.93522100443
45621203,41229.14657189512
48281600,33481.35965959303
43918801,74802.01337256914
49287200,49685.78400595478
43782600,35646.72240306794
42579202,51524.49598608593
47297601,75112.91597583951
43473002,47227.26466683036
49945202,40105.01359036954
49606001,38044.34395477205
41965003,86818.5850556571
42081203,42383.75496597126
47715000,38604.1564784207
44076803,50665.357313507295
45628801,43935.818311205025
49547001,41701.16476181482
49668001,31012.44292252243
46187401,49511.10397888796
44401800,66311.67973820893
44413401,37765.716458622956
41781200,30239.15329293557
43089400,26331.63653597181
49073401,43260.682913893426
49063600,58570.44650881945
42595202,39310.802912422085
44192403,58880.61042355945
47705601,57929.112559199646
42747200,17723.44584639529
42220202,38679.36983676934
41070203,44927.311912023244
44227400,40330.064067831154
47091802,44834.30818159285
44173402,26113.21401166953
42742403,31684.24372604203
46401802,78752.35567301669
42829803,93248.41321973424
48811600,25016.828770936823
40908400,62093.51931867024
44071002,34857.17098926683
41886202,63445.053337275036
44456201,95503.95261531533
43114600,39019.327225078385
42446200,26394.46247042109
41355803,18444.52466466928
41234602,19188.79685962594
41388202,27199.953538481186
44280000,31776.388452604242
45408600,31199.7245265923
48455201,52114.60370542331
40816002,75032.41310994796
46291202,50161.229238599204
46976801,46496.616476191884
42395600,27217.6713936241
46440600,48399.69192701521
49917200,50246.44277108425
45961402,55502.59338186581
41661802,24030.991036956864
46427400,57308.711621548835
41050603,36765.865167499
41996002,77742.58589961377
43850800,40769.16139569216
47712401,88195.41968401625
41817802,31911.939192324266
45882600,55032.96553459695
44991403,38786.313512118155
45236001,26713.90221112011
41339000,18904.47121207798
47577800,24979.373416567007
43764000,34351.594888988395
42317800,51803.36597216825
48981802,76349.92384320374
40913602,93679.15049293857
41602002,25179.079588515702
43631200,71886.97673568316
47279601,31875.019098800854
44970000,29444.71884364742
44096402,47736.98692037208
49496801,21144.45555805226
45913602,27230.316672636058
48144200,79852.68703322043
46435802,41188.64266626878
45758802,32317.16486405024
48019000,46793.63353168843
45318802,97412.86808301587
47825000,28252.935097897058
47531602,34786.51110614427
46186000,59425.70963420045
47233400,47258.48984913123
43325002,35397.85539826664
41023603,37077.58254493894
42665002,21245.38007538833
41001003,101666.16837760885
49212801,54276.187142192
46243401,33243.794461311605
48362000,41676.07273033208
48795202,40482.912897153525
41216402,13182.588163957655
44862600,58829.00667727337
43448803,31334.90363920284
49024401,25768.74964865982
46467601,69202.97446467122
46564801,53287.1250365615
47558200,62242.423418121725
42057600,46661.36047478537
49216201,40494.348668250685
44569402,43170.3449871484
48495002,38265.83962426863
46508200,40677.84802849418
45534200,36611.28878324083
43370003,41037.62414680943
42202400,49771.34876831467
46555802,47839.13860290777
44816001,40114.37669160683
47524400,26032.41613745562
46787201,43364.271490287494
44416400,31797.81847853579
49978200,47023.651182730624
41580803,38905.33136198899
46981401,60287.261027827306
41661003,20260.194070555306
45765003,26274.690412350512
42813200,43964.01065162231
42026602,38996.73708380969
42900803,61241.61534619748
48192202,71117.39429484433
41819603,26259.11907096105
43722803,37372.93360263155
48833600,92692.07916336377
46038002,46729.87189326468
45296603,33821.711346663426
44716001,103436.37942585061
44771603,25941.503019002506
41528203,49202.88898995603
46500400,72650.09919157704
42847600,37895.52884067868
44134600,76343.33128570319
41101400,34436.019790733284
41908002,43214.62488103884
40914400,49029.519314044
47294800,30747.354927043652
47435802,21380.19149707281
47713201,28825.94054626987
46890602,27021.275840300244
42148002,49741.23212010298
45290600,35705.95228116684
43112000,33671.21463642509
41233403,29665.25932305734
48461202,53070.458490117315
49107202,25563.127679867615
44523201,54511.83091916975
44654801,43449.37505708951
45846200,46374.29573984016
45127001,44007.38536991898
47752002,61410.99068681835
45478201,34069.231373445924
44877602,75328.83238736459
44624003,56789.47494731888
46288600,73087.98824136892
41489000,46434.9665402403
49943600,54665.82734575979
45486603,45765.311677458645
49843402,55528.840495889715
48317202,45971.62534954035
48114600,21972.995599137124
41541002,120457.61546249721
43972803,46560.706802569315
43712000,61928.096843923195
44111201,39384.97642136165
42887003,68872.90604155243
48539401,27173.115018309763
44345603,48038.87827256655
49222600,56819.79801811021
46313201,35349.31248921087
42431202,27496.944464622553
48023602,58659.89979350922
48432402,124257.11135477033
46269002,25827.79969959684
41037402,75821.23334574231
43818603,32678.78739561597
42367003,144008.24973695734
42887202,41145.995608419136
46746401,48466.35455985053
49519200,96195.94917042686
41888803,40478.04794931037
42966602,39895.153363362166
40931603,104094.58761998854
46546002,57603.95124802078
40894400,33306.15783658314
44347400,29167.01210550776
44395800,33043.08974197794
44008402,45924.700644829776
43934002,20219.20835042743
46078602,32546.115743159946
41220002,32082.042803160995
41061602,23679.430580787775
45177403,49286.10955806651
46963001,36556.16073152745
49635600,33258.32008493315
47059402,120199.18033691017
48525801,57704.58774206473
47398001,42603.61558114513
43959802,62933.190675631966
45757201,82693.60079079198
47600401,69198.12670542723
46987602,29415.518434842
41292000,21387.33150972235
45217201,46029.29709410093
41930000,28394.001548259912
44323001,30806.9357007741
45078203,40754.394654966934
41849600,43312.94449645646
45918600,54307.29516239271
46837400,70198.07234900481
49441200,56372.396669545036
49809600,45686.32502769473
42459803,50323.42432327547
44856000,31246.394651709827
41247803,20076.7418932422
42576002,37603.39987152251
44660601,15938.186520294095
42860202,52552.23961038192
48441000,30731.638858586066
48438201,47733.68849843318
48336802,101107.6066678617
49080000,32252.74380278179
49652002,68047.17995730792
43301403,62737.590790271526
41622002,27935.040413338615
48176201,25351.559172641337
44200403,33208.870028779544
47362001,38494.292832331936
45288200,114751.5263797937
47495000,55854.40583260258
41223402,19523.859072121853
48992802,58140.38444797773
48381602,49855.96322148702
44249601,39408.19306880549
44170401,61090.245588465186
45684403,57227.64951957803
49016600,41444.79300505255
45333201,69235.69498744671
48882000,64113.99404516867
47376402,93837.11782466862
41467600,39664.24253122029
48940002,33913.043621649784
43934001,24103.315369806354
43380202,23592.80298499652
41653402,33971.477044068735
45078803,55509.072636907484
46668201,44939.00508921504
46206800,78902.91830872682
41949803,16872.49173517867
41461802,28420.34418369177
46503000,54463.94405762128
47432002,50191.51006660439
48443801,50354.10856294012
46152402,25810.0757308002
46641001,68325.16673475556
45321800,32358.490153769493
42657400,23486.50467242584
44762002,59736.454850628514
44047001,44076.19268097685
44452800,53268.66532063674
49674601,36597.640422820994
49169001,38479.12125938089
49978801,76822.90043701742
49744200,30083.20840199864
41461402,43275.44715756636
45068803,71751.61829349128
41882200,42915.15239291707
47173201,21855.08551634784
46548802,35918.53861791137
46574602,77758.14138698395
42622602,59309.250093951574
48227601,28393.380953928456
44292801,28472.98659384229
42617400,44584.03901065204
42877803,36678.355154278914
47707602,42456.65034771204
44969802,42494.906406312766
49738801,50218.31889639857
42088802,29200.356162085744
44275002,55280.80937279435
42531402,44153.62503634871
49457600,29813.756596458934
46765201,75928.6012142605
43811002,39309.00410678777
48217802,43388.98313949291
41868800,34596.94786245785
42710002,98606.80243147431
49561401,25432.862700804642
46158800,127510.1741014025
44609200,32784.47763283223
49624200,44026.477703448654
44746800,51497.506598617256
44189402,31883.723024671817
49214202,24876.616822431963
42597002,33183.38761312061
41342803,24401.573437528827
49845601,53687.63202859901
44644400,24036.77493323686
42502400,21272.812649128922
47947600,46554.123313928205
49324800,78320.51407570388
46814000,40811.744610993046
47082200,65396.17381350176
49892001,37516.17403496669
47010800,56850.59690633588
40961802,43219.13978956143
43806802,75961.93572414524
44040202,65090.39832108691
41266403,23998.978134302495
46048602,30666.15253868107
46874400,36821.57183523574
48547400,96466.25260468636
45934201,24635.130735985866
49304402,36658.32029614474
41708003,25536.83040768896
42664600,101936.45640458641
41164803,57929.29666240567
46936002,46370.28968332379
42204403,42370.44337036218
45599203,21393.31858679836
41640002,23825.065684071287
46847802,28175.733038007307
41942402,53595.40411506404
45096000,36605.97288143692
43687603,20978.3146105374
46617600,33045.314986751284
44857200,65902.3244085529
42962600,27064.398339979496
47954402,40489.47117728907
49336602,40233.394426410836
48331802,29874.591432901983
41043000,42702.91771514806
42422003,30428.376260793004
47794002,49890.13032495299
42781203,29353.996572452663
45372603,118833.25043753255
48888200,42719.37163847245
44477402,55406.96602270928
48269202,42963.42249543048
47888802,38519.38084985617
45800601,13505.066079495378
47191001,57307.02550481321
47789802,32483.93848453964
48601600,53683.85286611671
47273601,42552.899511418924
47107402,52727.34353382588
43712602,82287.21105908472
41284403,19149.63951066583
41291203,28766.794610894256
47031601,40125.53885227409
48372401,48013.0174247874
46640601,47689.29299637058
42980200,45357.1906002058
46074800,39009.25646282482
40951402,34938.922776927735
49571200,31664.281932745504
48201201,197382.62729365673
44553402,69806.15441407115
43511200,74519.0972913489
44496400,76075.03917899197
46241600,81669.69900477202
44471802,32385.134347887804
44744800,46242.10170513375
47058802,101022.65489611581
41903000,57056.19979984776
44009200,19635.854189556838
48361202,43044.75348277861
43851601,24045.30251833576
42775403,52676.69242871238
48534600,59696.25202392907
42202802,55382.62723678374
44333400,27421.463292921235
41628802,82030.4179871042
44476602,23324.509936214436
47499401,54751.889500329606
44393402,61219.469096855035
44745601,15220.166568843788
47723402,62039.68703382059
47466401,48523.916692413535
49651001,36960.14156056974
45459202,29277.73759358844
42420803,122938.91540992714
46188800,51373.03441075106
44626203,73148.2648231909
49059200,21412.51549781287
47345800,38117.308201373
47984202,31594.75623304516
47941000,17031.318419552757
46887002,38173.76867375986
45736003,41650.02990693732
42789803,24818.17437408612
48970802,75397.27453515673
48371401,40447.467964595504
49043401,24646.462119845917
47271601,53614.18870013946
42738603,50108.321031191284
41630202,19978.27816514241
48787601,67813.23133377798
44558001,40567.60310477627
44950201,85159.85068683072
43851602,67411.90751387147
41679003,33705.44579864523
41235800,26282.192794404968
48547002,34359.45483716444
41224000,29354.023103806274
44808201,22158.408234362032
47304200,60165.68047864267
48914801,53620.42508251037
46005801,106268.652143605
41208602,27434.21140999542
44266202,55123.28979200629
45148801,40333.95773187975
48080200,35860.537201374216
49248802,62726.038496769615
42187003,35501.51079244664
47339802,39729.552534970004
45475200,63769.290327868206
44420602,38825.198939456815
49808601,39159.12515001383
47669200,31330.803551171663
43261400,44416.28400578208
43265800,18469.57017365198
48120800,39689.181299477386
43485202,41852.82528248326
46145600,45480.14551770838
46918402,44523.86582753921
45907402,29600.248233489274
43375600,37890.39252458866
48964600,34798.84858542887
45369801,45121.54613309253
42989203,55783.46482896597
42283803,23223.572171879918
48776402,40043.474969726565
45703601,65554.39267492203
45646803,23482.108776631143
44006000,54165.167656001366
48596001,45880.71965812028
41498602,46502.71439690201
44702801,29001.43171381874
48838800,30049.362964217264
46472801,54866.44424375594
44010201,67697.85153246338
44558203,31038.63142776146
45879001,28320.676931581846
49207000,28189.12230305075
47094600,43542.81002030625
41392402,53439.2502577576
43532003,104644.99957393664
45089202,81302.67867225218
45171001,31834.819146515172
46573201,37678.92824056034
47576800,37226.5265925964
41214000,17461.36261414127
47745201,30872.69761717144
45380800,114956.3101411109
42128402,29943.65412337968
48709801,76666.28516929141
42810000,68317.57982656868
45181603,32778.16868843519
43984403,25870.3227496805
43349200,79437.59825170769
42802400,59877.02377421366
43690802,98842.26056697518
44827001,69639.99771304047
46414601,42502.08438216778
46454202,52727.125376050404
42618802,53167.28215045438
42448200,27176.739825883902
41265403,23201.78021062685
43540202,63580.885566972196
45906402,30709.378547935037
42225800,24849.562356030285
44347201,47421.251056316236
42453600,56236.6235560247
43367600,42167.69566824679
47770600,28682.60001878638
47591602,25961.03960287556
47932402,112559.82974875334
45787801,28362.18970462992
49447400,47577.41945569964
45417401,52879.78952914385
49966400,29380.950453206337
42485203,68763.88264771012
46803200,34510.26314105676
45938400,57092.66114109303
43640803,60745.405756010565
47119200,26241.96574662697
44714200,53965.94165415826
49719602,49325.503280028664
41173602,91280.09180329094
47614601,42764.299750763916
47488202,53183.48059586322
49524601,29462.82821208397
43725802,25850.48312271602
45120001,92400.24354873897
47733800,32044.964181794858
41409202,38356.75481249986
42694600,68911.16278876284
42502603,42115.632025538165
44296403,41693.36300962671
43883202,48837.399913519774
45604403,32719.202907712854
42829400,35442.73317932945
44455400,36825.72926010547
43470003,39142.448633142696
42807603,43893.542467574014
45209803,48672.472842938674
43783203,55461.82883931689
44093402,26750.1788167707
49407600,29942.191778790795
49851601,37863.63711584282
42227600,38302.351190812406
48186202,74462.0741785496
42171402,25805.004952077732
48484800,34996.95933765569
46170402,39018.80879113472
43375402,52033.41672500576
41146602,122704.13276757671
48643202,36924.65078471749
47887000,27918.600205302533
43175803,67124.30340492864
49366002,24654.629542198334
47447601,62556.82809984637
46193001,26338.67665063782
42333400,39550.35377753063
41347603,18317.386987021087
48799602,40090.23743524887
44369603,64730.84121616982
44793002,38236.024205874804
44324001,38310.860551846614
49710201,35879.740197180974
46263402,41755.97000446878
41446003,44551.40212429988
46807201,35538.14975143165
46335400,81717.1176067997
46712402,62139.49913609066
44772602,59454.11578031332
46693601,19133.126320691987
45567801,72474.99982679362
48839801,59578.09170169299
47511201,31401.288026205417
43451403,41553.804251841975
48095602,104513.37532581516
49665201,43088.33381027456
48152401,29200.89546707764
48198602,15202.30081396061
48239001,88896.41344169946
44773800,53941.13293414339
47269401,48234.05087845086
45446402,26311.02552333282
46741002,40433.47528125674
42543202,84823.86667120142
47557402,21192.15282667475
47992601,29579.498765328197
41382002,28905.21668411379
42958802,43071.938504669495
49598801,67498.94026811027
42400603,47651.2207764313
44425401,30877.777935279642
44899403,52190.892098950586
41812402,48801.31234544733
47773600,98454.9900951363
45150603,28603.72454130726
48107000,78447.0963302028
47060202,23000.367394734374
44323800,26270.84324152434
46361002,46800.74303355261
46522000,26515.922614791947
49197400,31759.27647705968
43960800,23046.230478259444
47075202,42264.46005128657
44595203,24101.5644702402
41462000,27263.1955831563
46974400,63248.77016607973
48280600,81003.6486999362
44745800,31735.881369265186
49164202,32974.88735867951
43771600,94063.0012048989
48478401,42802.12472162101
47959802,52516.04867991347
47568002,27380.958884146352
43329202,26101.237226774847
46383400,44846.670076345195
46529001,46467.245905214506
43485000,86657.42815050654
49576001,40195.68316794873
48420602,41943.89306650188
41336202,30774.805626662284
42420800,119054.59394359273
45204803,37509.331300191625
44641200,61696.27574940772
49011601,22555.229318516493
49262202,40251.99410729153
45023403,23674.061791331744
49734001,32408.680700320885
42334602,69876.78133667614
46804401,34625.20975796635
43924603,58501.14787726903
48458802,95840.61084348758
43046403,85381.72241282862
49457400,59623.429550555185
41882002,60024.016859700634
48454201,71518.9841752356
49882200,31567.53386563694
49644201,35257.69549992406
45734402,56708.67755272104
46547601,22105.91576641874
47647200,64250.90969828643
41129600,59153.40582047802
42497602,23724.124729732932
44386202,53354.19563767959
49823601,33261.60787298124
48956200,42719.63660690847
41031203,19850.902978212765
45500203,59721.74503116388
42002203,42892.17334733468
47174002,62520.8639626575
42145003,25771.6232905516
44202402,141426.42818111894
41555200,78572.59271364949
41961803,37221.177325317956
47783001,33280.50137292196
44230801,31312.5780069542
48809200,56664.31745150243
41467200,122053.91466793552
48023002,36104.144855120976
44764400,19762.004426032345
49517802,42570.90293584682
45902600,33230.9862839403
43798000,58436.84685240356
42897803,36493.857590441265
44164001,42526.34253454343
48980800,26934.166756538165
41287000,24931.755910555265
46767201,57874.593653197626
42542403,94661.59877930739
43956203,40030.31865715249
49967000,76611.52295667127
48807600,38864.94502122376
44581601,52404.26217720016
42053202,66295.33139040625
45112402,23272.11955290428
47145002,65742.05189109127
43884602,46144.27979414702
48211800,39896.47470472476
42102202,64104.03353348456
48226600,42328.894650304625
46570602,29261.210611232415
49321801,25953.68403237485
42059003,22104.708849154413
46072601,47426.768915243796
42351602,89199.19212806516
43448003,22503.04483505905
44504203,28239.99821787183
41003800,66531.38693043099
49430200,28983.563404049295
41052000,87470.77583887924
42414403,52636.10324557168
49447600,42866.99124636415
49689800,52696.90051165343
44013602,74288.47330942171
41010800,34345.17667651909
49635202,50558.10313003271
43878401,31645.203866864613
49753200,49512.757895490846
48456602,30280.480995641978
44158201,34890.24398719816
45427002,78344.17018248624
47641402,45281.011187713026
48753400,48567.19485375634
41876003,40419.697637507925
42919603,79566.04902641743
41480000,27388.882626755887
48595800,51793.87346312426
42808403,34032.00329279187
45482603,85700.11301800386
43869003,104584.07757378735
49046400,95082.78957305754
41855803,16512.59482247387
48197400,52476.98322182249
44534400,36319.024800126695
48734200,25067.974866079123
49107401,21497.02590310241
48159001,29742.79656525865
41994403,24232.007537626167
42736203,47395.433277240685
44046003,25194.909056560464
46288801,31365.722757762614
48291800,74403.07290860699
46591801,48762.48809238553
43154200,44633.917310596284
48401801,34870.20732316629
45701600,86009.1884988308
44040803,34395.49251789031
42016400,50549.178517896784
49399601,49857.30929571568
43432600,48138.36687051928
45620003,30455.911676602173
49882402,44323.992178551875
42665202,19056.28138247622
48259002,28805.179839644446
45656800,42383.76262713996
42514202,49746.50444033162
42146403,19531.576683646377
49117800,46925.49890652592
48563002,33073.007457863954
43049203,41813.00882651436
46201000,29111.530448978097
42887600,28069.290007650347
45199202,77394.45146529085
45864802,51759.35638736759
48474400,44198.24292988968
48624400,71013.9703181994
46583002,63500.390995045695
47813802,15905.654671776772
46226201,34301.91273203716
46295402,62369.479126252576
45449600,78609.67858974125
44150200,46874.09745043045
41628803,55836.05071168892
43925003,95486.97519368635
43853200,25760.838763663425
49714600,44384.37623453857
47118802,72754.0880082579
44008002,30158.40693612872
48503802,48145.344867760825
45781602,75868.07312717856
41374603,26667.747095852694
41420603,70191.12301029313
43260000,30590.30245824238
49983002,53573.13708591431
45448603,39327.716909403745
43015202,45174.663772075895
49000600,16618.158359351233
49292002,42007.20262720439
44572203,56832.29145843048
45321200,38307.384068835076
44608000,56048.47748578995
42503003,26970.607399774963
46467602,32495.651738592187
41688000,46527.8460415082
47907801,52440.70239610737
43983202,90436.33975047078
47587602,70566.74490010734
42945600,94970.3392825787
44182402,55519.27172502977
42297202,33122.91368367322
42931400,72601.36022996149
41297402,18879.709447258127
44378003,27407.464469556224
43422402,72211.75498217295
48350602,37750.52673701667
49816200,35835.706362308774
48729002,42741.943748448175
40885203,87038.47079333413
44359203,61885.24146183207
44012002,43764.73226583566
49669202,38365.118836696645
48387202,34159.90646540383
45491200,51312.40172845065
44644200,33883.56384278487
41864402,23870.303463478955
46948800,45575.892495910564
48191402,36458.54383547773
48691802,31963.663688465207
45243802,32643.390727199356
45728800,31088.114055528215
49510602,51454.069322604344
46057400,27287.57519179797
45744402,63782.67505211925
44982603,62613.62301928884
47832601,23214.195494959436
47591400,53516.507503566005
49824801,50434.66356436737
49401201,42696.792710024725
48214800,29687.79822270126
42667002,20991.228479700065
41698002,50921.50391509534
47075800,36268.74019361139
49513202,35627.05636489683
44765200,40760.29499066136
43799802,71107.83815941402
41743802,52342.35243081029
42303800,29218.686143168223
48405001,32728.31724632344
49212400,38641.68498105821
42993802,38894.66638050636
41996403,34383.86204456637
42201803,35737.41120227282
44551202,106265.23201536889
46358802,45990.15621269699
43389403,55481.86275800305
48939002,87043.14558114408
45804802,50156.66152462468
46551202,49465.15750024672
41797800,30624.869663299294
46762600,85159.2772260264
44233803,42974.560410642174
49122000,23155.174590153314
47767800,36964.24668905618
44379002,46541.92874581054
43481602,60536.69397775568
45031802,64321.9590268973
47586602,26751.66198898875
48189400,35496.23651296987
45139602,37361.80845102093
45685600,35602.801644153544
42709400,45456.06061363541
49860600,74278.85534272883
47272200,19795.995426036243
48971000,34371.759109195234
41687803,60282.56466964548
48961201,26920.40731738545
45185003,68052.4512085318
41548000,17539.501619931427
43141802,39897.55433086987
46502402,48687.78195892139
45718401,25090.61789543414
48945802,53984.168627841485
42492203,36358.92314008082
44403601,34407.559029204815
46523601,66347.12851417385
44581401,37975.66192910847
44529400,32806.61744311279
44659802,88729.82955523537
44595400,34428.27766318279
48513601,38853.952986822536
45744801,22590.961094939867
41752000,43124.864909522454
46718200,30790.7494674292
41314602,27027.251459768646
46504400,34990.01234460198
49655201,44838.705234200905
41130800,63888.45815522043
43872403,64552.92433009529
48254800,73342.94809538001
45142802,28649.1276151591
48557201,43905.1341114556
45134800,42236.12203035531
44823801,31379.56214743975
42266603,99793.56194350618
41412200,33228.12209944801
45782001,72708.79731779202
46791800,69982.33969645845
45600800,21454.342252466537
48033402,33025.12899418402
46136200,38300.92726991259
43525802,66132.82136404938
47836800,21771.834079395234
41931800,47474.93955007119
45424801,54219.87877691279
47503800,80301.39910292623
43813802,77431.71841116255
45351801,24073.63127245082
43861602,54609.501391574406
45684401,56416.5601810969
46035401,41322.94313077668
43367402,55614.65143737799
41592403,67387.37073929784
46110402,99433.04749837164
42804603,38063.57363692192
48546402,49271.48499961339
43955000,37821.79497061743
41749603,41793.79527114993
46080601,42935.713119661166
41577803,19578.058440060482
49148601,58070.65200020198
43246202,29754.134681754564
42258400,32336.65412503368
45208801,36590.20580242243
44913400,75799.03975505222
47532602,62059.97149205357
46749002,43299.78999831312
46237001,43686.159135692214
44570003,54250.75898228157
47203001,77644.08654548286
43877203,28711.22309184912
41337603,16818.52463181882
43266000,50412.59601985921
48000802,43426.37123530233
48139202,28282.620810087414
44264600,33271.75887352806
45164201,63249.5894725611
42389600,24075.523916763603
45863800,62947.83250880778
44885402,22183.43183381901
44125800,61204.23444276692
41349402,21287.89458397489
42641802,82083.17789713896
49563402,35276.038273303275
46800402,69804.61165605912
49074002,76028.59527972183
43149002,24412.906323991232
42985603,48396.117442362236
44022003,42509.35888221985
43108202,22065.61399338776
47440602,50500.458305136075
45829200,22336.784229970697
43810400,60393.74624797001
43850603,43774.421443275605
48325201,38959.88373818607
41737000,61700.729758152964
43657800,45956.01392667197
44693402,31721.98376209217
46251801,34039.08720684284
41667200,55034.54520112317
44866402,58118.54491383607
41254602,22771.048747072746
44644800,23830.524683436983
49306401,31919.02868562596
44859202,41677.23406045979
43076000,42913.63032427825
48041002,71079.81009468061
41740400,52385.07313894049
44359603,44162.80848873095
41252003,53476.50037511825
44128603,52024.94208739064
43013603,44294.57519618204
41529203,49891.90709153858
46899001,36316.09627958638
45227402,26202.82800261761
45942601,42702.288681436476
42121203,29184.5370610446
42737603,21490.06511935296
45097801,61146.5293675274
47637602,47068.93353526651
48444801,83703.23424387393
48368800,81856.02843341095
41977400,68673.38303057743
44243002,38960.87858903127
45954600,35657.08476040723
43212402,44830.91922957886
46111200,32881.372203209685
42637400,56398.03121395865
49122402,83713.6996009091
45383403,30855.201749983524
49510800,37251.3935069144
45960800,34794.80347636546
45531800,39993.82217223027
42741800,32998.266443494394
46360000,37539.03018425969
46088001,70753.10171118677
43626200,44069.36885102224
41804603,43980.405935362156
42850802,40034.445321572355
44201400,36480.91553231908
46830602,45652.90538456402
42742602,22609.72423274554
43687000,39119.16123373525
41845203,17188.830348121865
45470000,57995.290107512985
44976400,43690.70648892104
42768800,54700.715628594204
44625202,35548.007148531295
49062401,68275.84859002734
41789003,35885.80225560591
46933402,114693.27887712391
46841200,41031.67033495318
44919400,100249.55224167978
44673800,62145.392068209556
42016603,29395.810381614305
41770202,65481.7080347514
45355800,50926.28870599573
42942802,26371.514741672374
49495402,51651.07827147534
45658401,41300.71516997937
48719601,37244.68460219961
44749001,43041.40593865068
44712400,48346.86557002311
44162003,38817.69180404604
41344803,26152.56187136729
41389202,28012.698492771586
47668200,28445.98120204114
49243601,49755.84948504218
44204802,33256.201864863346
40839202,40265.46267729908
45764801,51450.41999999176
46088200,69336.1954794958
47966801,43334.47514354573
47172600,119387.42996318071
49105401,55850.50495371832
45933200,53713.18038194412
44763600,53187.14134105084
45116003,87739.63787470765
49647402,66173.44541261038
42052803,78721.48794196991
48138001,94181.47425044715
45549403,22434.511184239742
46421602,57650.51651220663
42453200,63401.08032497902
48040402,96379.15522220657
41319400,27600.0363973308
44606802,35696.59581751715
41168403,36674.32917397483
41214802,24351.21581823136
49470200,52032.3630676234
44031203,31739.32949231567
44733203,24689.784611673706
43689602,34027.719884432554
48870802,27842.375411097062
41568000,18839.315230008095
46782201,27689.921403572345
45521802,31254.039709020264
49064802,48110.18169664888
41472200,31352.054128474196
46559801,47569.89098494355
46525202,48265.7485860994
43493603,30793.339352062823
42446003,27264.190720709536
48389602,35461.85218118692
45506002,35801.40743303234
43576602,129480.98538394083
47309201,25564.043836511133
49174201,72120.28652167312
48523202,55039.52598405325
46837801,47236.24366384829
47219002,45420.865852277435
49122801,52590.26100630627
44857001,61600.124735136626
44650201,27038.93831844242
41267600,23701.551238946387
42146202,33378.57291310324
47333002,54812.72994147605
48514201,20526.942246760333
42514802,49269.39294854851
41422402,27190.38156096975
43236003,44933.37144411361
42182403,26301.24474699658
45649800,31419.337242844078
47228802,20296.07812166394
41379400,17509.41444928317
41948203,17431.371851521217
49908401,36397.92752502136
49054802,83754.55332254045
46435600,59718.81332223051
42414600,38204.90109719386
46554601,25169.50466374173
44664402,86409.84778375574
49833001,107675.18924822666
46796402,51404.43790776545
47096802,56390.21466178104
47888400,64823.956464978364
41909603,32382.59378225463
49182000,45154.55131573855
42765200,41250.742937884155
44183600,37340.83115899189
41476203,34829.07894435265
41747603,53217.08967217865
44268202,49609.32688739481
43883802,40425.620059443594
44252802,46469.40783620812
47519602,72771.07711260783
43444200,38249.12195188703
41026000,60035.365247684014
41580402,45204.69166385047
43145403,75493.36337229257
46788001,28504.494465866857
45747003,49662.31977515718
47222801,34840.23776762181
49363200,39276.570355617594
48397402,35484.901078949246
42299600,83323.91675990444
48576402,66061.7391513432
40964603,64037.279631609505
44277402,32995.88590159188
44591201,55059.147801110594
41434002,41344.83876029978
43282402,38691.83442292737
44350401,44987.28850530514
43709402,46067.66845570615
45355601,41117.288333351804
43329602,28413.90180284371
42040200,102583.14361254212
41410802,49649.814520011045
46737800,25111.070532564023
45741400,48732.0733479026
47357600,41374.48716517193
44689800,51246.91510500134
49457001,45743.41755588907
43911600,60342.31626192122
44680603,55420.77012617644
48479002,90818.77235803952
46612002,33485.91062642155
46582602,87249.08756383945
41503200,40784.73930622427
48086402,96871.05378702025
48966000,33192.821649759026
45541602,55083.759536229096
48618602,56150.347912856785
47315401,36678.39637083471
45191401,31751.75925043298
45344402,41997.48512454771
42814603,111675.89881894091
43223400,141187.53290652847
41819800,53590.87009599506
46586800,44855.09243852519
43942202,36635.999406411895
41836400,57308.62287342401
41394803,36729.51720449287
41803602,83650.09378256697
43660600,52381.234983406146
47917200,78746.16769238916
44864400,57423.79940569083
46463400,65186.131454885006
46638201,33532.65980090928
41038203,77556.98464783598
41024003,17202.94646733979
41342003,59518.04783875355
46420200,62228.2097022615
45779000,43679.51860174839
41656602,42382.9661573936
47688800,34513.679214377575
45326200,64303.5888789055
43662403,67021.02371533518
47545802,41136.44306761663
44702000,23669.714293384233
42421802,48678.484819966936
48217800,26627.135128601683
49286602,28305.32473136093
43726403,59425.803923174964
43937003,56148.05873234487
41577003,33561.12600347309
44418402,35893.0695520979
44818401,50654.640150730076
47058200,36800.597881390866
49574000,26519.41142103454
47437402,23363.427705945684
43776803,33865.49556987158
43864801,40458.376789705486
48894602,75685.90955535333
46986802,40618.44292722749
47941402,28925.223069064425
45712802,24854.966466845926
41930003,28109.8422828161
47827402,20231.2736469836
41358202,30196.54553935036
41211000,24381.52445811358
44742001,38302.917322138754
46933202,19927.054302869914
48777001,42807.04430502711
43760003,45662.26294029047
47777001,40473.13035068666
45847603,33939.61622247009
43978603,30212.93655341813
42138402,22209.08334644248
48056000,34017.48480538627
49747002,65788.08151757685
47639601,23967.525478724157
44549401,60979.74784654106
44085402,34136.805380690275
42417402,36815.18804532612
42287802,22142.02682016324
48623402,22917.820132750174
48541201,42962.21806032074
45367202,42754.34254961012
45099200,65906.88633414594
48291200,41048.57178638462
43477003,31952.299120588905
45060200,102618.00131933107
46858600,41164.621082651436
41427403,49654.14359298234
41301603,33898.32233975596
40852400,65802.66202111107
46302002,34948.98464017003
46617401,21745.900858839083
44652802,77698.90036969731
44205203,42174.312480128865
45452403,29152.017746525085
42764403,24772.57714872749
49420401,41405.14766231359
44862002,37722.086566952596
45552000,91664.0110732327
49763000,57317.612419250494
48489802,65906.19464091912
48996401,45580.517255385166
44850600,75486.16964764649
45419601,74871.15638112444
46877201,36456.153920200035
45642603,43809.75595580572
49838001,67456.57743918862
41981400,62533.43173061834
42980203,49350.98509620755
42132200,62165.68580814189
44634401,78586.33982860013
44702403,47255.15209736243
49326401,40678.747795366005
44274802,32649.671711813007
42059200,37908.88631567569
48951402,41101.688827694
43885202,71639.08252753137
45893802,47685.39313625155
43632402,43405.75037304752
41509003,48131.188635396975
43889603,56187.831379940006
41298402,17126.408793175888
49193002,58943.838625031196
43319000,59296.3651297659
43653803,35820.959239458905
48259601,55205.538459801464
42902200,57983.12268083132
44282602,27149.138186549673
49704802,88172.96252979687
46098202,27575.835893785963
46149402,50913.920851097624
48929600,63549.00046119223
46943800,55792.5101644197
47538802,26591.43025716603
44748601,30948.64338047902
41708802,28687.6227736135
46068802,37126.070009479605
43619003,28114.60045452798
42309803,34602.010122141335
43218803,80519.90143079103
49579600,54627.37338256302
48908402,32122.207110944088
42921400,61678.90799442587
42750200,32591.15208191843
42698602,47866.700740013395
41501203,37316.96668016848
47992202,110847.30526920588
41126002,29576.604668303964
47468602,28862.574248113644
44718201,23627.801125696722
41405002,55289.95781451634
41184000,78203.59716487477
41682603,79704.39612970735
46592601,31894.51926080012
45683203,42347.761328635395
46072200,43954.816596008095
45595200,50931.03397030357
44362203,40116.220466902865
43747600,59898.09598665257
42986003,28219.400983248925
48905802,43555.188766409236
43320403,26230.079160516845
46719202,38110.37129366823
48002001,64353.069713100704
49052600,104675.43033884757
42095400,52406.333050642774
41569602,25449.63236870943
46255802,44321.47097365227
45670202,61990.17135989589
44217402,40019.2161638761
43507603,58587.401809543975
48915401,44123.64196530683
40974203,76431.2248115961
46596400,27086.01441468549
47778600,65792.05789961007
41737602,97640.99443178457
44301202,33017.9116486596
42846803,28649.473180033478
43634803,70274.09952558219
45602002,33627.322259076696
47104802,53355.70007938254
48857401,47010.680212396925
44267001,56840.58021372698
47693601,32023.40345829658
49236201,24372.763588493337
45589801,120978.76504144269
48316002,37034.99831999063
42699200,101387.43600171737
44488003,24735.56476937312
43678003,78187.2192298293
42642802,40725.115185545656
47832002,38161.667093473494
44856001,64514.24433478169
41976200,42804.93853926348
45008400,34854.18121703052
41252000,27115.631637491882
45356402,63636.94868998257
43868600,30399.965144248614
46170001,89013.05647540477
43332803,53386.84988044562
44468202,34667.82511765916
47832602,23214.195494959436
48324001,65500.081644318976
41200202,58891.16683763265
45992800,22662.40001163785
49704800,85237.76749415856
48145402,80348.49285504708
48219402,48460.90216394705
45466203,50381.82129942125
48869801,75085.97120794469
43257603,60427.66306891537
45287001,16288.876199883376
43798002,35216.22198708993
41704202,40064.92368589882
43907401,27155.516284039986
49144400,40300.93227633606
47632002,65630.59461486529
47812200,20622.178680979272
45603203,55779.31806378212
47725400,48655.07633952635
41075802,49115.77711954339
46784801,44869.34514343461
46202800,39404.76987060602
45172202,43886.36159823299
41788200,27808.089954427265
44904401,46124.27156849645
47495800,33937.7965437916
45815002,93082.12543754106
41161802,33425.53975420532
41208803,20347.297008277656
41329603,24752.63010947025
47054202,61965.75158579345
43826601,56137.81701471613
41758000,80172.49447848668
44014003,65551.82774269574
42853400,69901.7494725861
48932602,28975.628491477477
46928002,42818.718789872684
46427800,72956.3863598355
46150201,71731.45865771583
49170000,32561.623838122112
46831202,57791.464650510665
45901802,45951.66632177593
42752202,27003.87088519978
44663000,48485.9501790643
49395202,37090.95231109649
41364403,24345.425674648686
42419800,64507.77294609999
45960402,43463.82486735147
44500803,69946.9754307799
42344803,60306.643060506736
47403802,35912.8165011701
44605800,25826.25075191361
43075000,92756.8289460624
42113202,48875.73659744098
46031802,42489.8720428433
44250401,52754.69473652412
45928001,128700.87300888279
44247001,29977.54186276666
48533201,41697.632528323506
42251403,26612.704511356034
45967002,47527.75048905012
43141203,48036.60726058571
49941600,31041.643084994743
42232002,27734.29103277123
47795600,39093.07663207333
44803603,36240.176038983176
49155201,52484.82244939126
48171600,65275.96201049667
45917402,26041.681848334054
43800600,25056.083733153155
49006401,41784.48233715495
41329802,25826.94312161147
43708803,72980.80801453831
44118401,27490.51748944634
47154601,20783.64853977777
45692400,44139.68827626026
48289002,80007.76407472955
41413203,25430.565151327046
43792003,83563.67226602437
46157801,44916.68010117917
46551802,42240.71015549087
45112602,63371.26205008501
49035401,26435.79887211195
46320601,34821.027030661506
47992802,51603.09166249302
45809400,30103.878100566235
49820001,31512.79306518776
48993602,38405.51911847754
47390601,112690.27942355699
43929601,71498.59880834345
46036400,53146.81735282032
48235002,19227.09382141391
48227600,103207.42039814613
48771801,25188.30246110123
45976800,70175.72965129951
43229402,42163.932616264145
49630800,36351.49076738384
47054402,28310.433774877805
45812403,46487.25706986825
43751602,33513.11143320897
40961603,38865.88550578577
49359802,35943.059101921324
48435801,35434.73760928964
46852000,21205.929975609222
46563602,36600.99443313615
41090400,35833.13028156199
48879002,49625.74301284513
44888401,30816.639980750995
42143402,42595.51738333447
48163401,22988.13099421126
42900400,33844.81734303325
47834002,35481.45881334491
49324200,40274.84977678934
49791602,104468.21493002512
42335002,27884.69740609554
46318001,84675.92944514689
41089203,38794.81446202143
42106403,50866.14141284564
47246000,33597.673168048845
45802000,80816.84769974013
46412200,29716.183258258756
41452802,76294.38525799163
46710402,37784.35542119725
41538603,83456.44267341137
48997600,52711.14192897922
46761200,28639.169514303903
44121202,83487.4261955229
43848803,48731.710508322954
48134401,37727.909991961875
47786801,33228.20543912289
49489001,66277.62301011634
43803200,75589.24814899065
47922800,53833.62206600254
42858603,26048.903009455673
45065403,41502.53600207653
45704802,82290.65129399537
41582602,57625.46593992905
48375200,47521.06618346367
42024602,51889.73030285536
48813802,113796.07742759006
49873800,25812.294159332716
49638400,26267.423403798908
42436800,37625.75232237618
49354000,23243.83040789387
42789202,25752.166466787403
49022202,20038.97014144251
41506603,24683.57691681576
43609602,44006.4403015433
42391002,40480.20058051595
43496600,77114.63597531198
49239401,25126.371839764754
46531602,38823.03314073044
47753002,52744.32601354853
44497002,53974.2698342005
47080601,26954.512026941913
45094002,27256.002092886927
49897802,58413.6933974092
47335600,42876.18518928174
41330603,26303.7533594044
47823402,20340.6253443678
44139200,26261.07805815595
48482602,34229.50516613086
43318603,65717.97581087639
46419800,34273.11732075173
48691002,27469.10898128639
42371400,23628.008948943898
41734602,60482.85532384395
47130402,25203.254727527183
45104603,51294.66310382633
47437001,39520.21329137683
43710400,74644.22942508195
43181602,41134.132954564775
44805803,70199.07730507807
44570802,48802.02439828182
49096600,32672.931867543044
44903401,27715.62023662898
46297400,44201.98751432548
44439800,45821.6489469962
44613203,28273.301036176912
43620002,47613.568087298954
41208203,16168.484231064635
47519601,45425.38428215717
42310203,54777.96390729227
43109800,70087.53746972278
42769803,97756.438088464
42301402,45539.702390256774
42175800,50323.62614301603
42502802,63107.12250425161
45705002,37217.53998186628
45597401,55589.40471766254
45178601,54420.42806514936
48690602,35614.28659233525
46112401,72023.24242087126
49001202,55468.44141355268
47402601,35603.189491597484
49079400,33313.06078364954
43678002,76038.07512026104
42159202,35770.6375461925
42435803,95451.12847433024
45266402,32046.855083176048
49625402,36147.3247371373
48861000,55730.92621669812
48862801,49680.5714783335
45138202,44532.65695564339
46756002,58288.513900917045
42994200,74118.59364678332
44061000,29106.500996308445
47180600,23094.014208381956
46122401,64751.087788389814
46018002,23078.661807025634
49185600,55641.18005962202
42888002,33238.39723972085
48039802,56467.20475410064
45158601,26525.410208318357
48389201,33568.53947233048
46886600,43797.65533363157
46506601,28320.293949219056
47697201,57873.24729905964
41234203,23208.191281191634
45596402,56679.7003444354
47744001,89622.46309944312
48160800,53849.59697081089
48456001,28152.481065770327
48557802,44923.56724536305
47826800,25063.8992449437
44071202,41120.41288124545
44521203,53858.0872242864
48462001,24970.571620308674
41607002,73913.74282890467
45391002,31893.31381752371
48634201,41906.42688456286
42478400,24117.402446598695
44035600,72791.64092721889
49028200,38031.20671746723
49257200,62911.384182380796
41381403,38300.29360887672
48908200,32018.63965557003
44431201,39587.3662622607
41682602,85839.11745518085
44225200,22349.89615517911
45100200,22155.738757513816
43563003,34816.11618059942
46708201,101093.27904218376
40994600,28418.91340477395
42518002,77830.17442138867
45871002,76717.83497196293
47370001,23602.46293398543
43220403,22147.274368550145
44771802,32497.873459238614
44232801,59192.75990308253
41960603,62284.17607794283
41200200,42263.388463873955
43960202,38052.173695988284
42440402,71186.9915876913
44426002,53473.67297787781
42134200,64524.830529593855
45888200,54894.60939315674
44218801,41386.834278435825
44770002,33323.11229006495
41242003,28293.4601032838
48756600,55166.311256214394
46857600,41173.040876069266
45278801,73997.79825781526
45491603,23007.998400507622
45104401,42906.13061328577
49275402,41136.96674203133
47211602,28750.356846580373
49159401,34821.52279984026
47758801,24920.505725780324
41912600,30128.455146042048
41845402,35166.63954954477
46365802,58856.84854755462
49869600,83617.6720712524
46404600,71629.73954731622
42367802,48370.109851685236
44088201,55722.00498534144
41297803,13024.671121398076
46028602,54083.63871191261
45442400,103695.70793095397
49230801,37124.754224743
45395403,27826.130659867053
47788800,55840.10458655533
43702600,36601.481859614905
41092402,51908.08874339246
47322202,114771.61654497085
49934002,74500.36119145002
43256203,27287.893317016962
48215600,48983.33055025911
44696602,87432.23645638581
44554403,46199.569489508816
44880402,48763.55233928132
44827402,31646.095127299985
44912003,43795.928581596716
44659601,59017.949641876214
43829200,44477.712596696474
41439200,44520.31546154853
46323001,37253.2020289881
45310002,73041.97598412588
47855200,46344.25721362728
49603600,80128.92243233067
48807602,20808.76951642109
41609200,47295.12183104643
48298402,18148.323183646375
42934603,37716.76860656837
49671600,32157.523311719116
46220000,84820.41356309273
45127403,34600.17294851071
41054200,75119.8021084861
43836403,22737.628343045064
44850403,29741.142081104987
44517603,82664.12684095131
46705801,55693.87545392196
42278002,34828.35141153274
48002602,107651.93449446656
44302403,35001.22037320483
41444200,40865.51681401318
44122802,32724.24424702101
47553200,77464.98307969856
45489603,55024.16754699402
48694601,34737.28229710218
42418002,31777.124815525465
46026202,70963.62872271
41037003,29645.91774641029
47959800,53344.64373993778
45722803,39598.212088887216
47566002,72696.5941539013
44474001,29896.450992814334
48196602,51417.68860785602
47741600,105643.26105736157
41314802,27026.86800219422
49397201,64348.27860930227
44135002,41612.85526788376
41631402,27074.3482521921
44718600,67986.44252380848
47230802,38775.424308651236
45327002,87389.79146283773
48419202,17928.87693814478
48799002,76186.39483557348
47053400,51142.571943913565
48792800,50874.18830268136
45747400,65975.86225201533
48168401,40771.72683201901
47419002,42427.25263966495
47406200,34067.58427328024
46788000,39541.40090688959
47647402,29094.694373456306
45225403,60913.877014731836
45417200,81488.16924440328
47349202,34395.415965218264
42091602,105327.94332013284
45083403,39525.173244710066
43982201,34027.25422711773
48249000,37807.28464102741
43879003,61206.379428372165
45737402,45100.9623915502
47313200,27566.14085979653
48540002,30147.76622639829
44807603,113112.58450264443
45852800,59309.02368515128
48508401,50421.730043063966
47710001,36757.7205771149
46385602,46567.11533121437
48569201,43703.01311227401
48891601,26665.534577112023
40801202,63304.29134798071
46263400,30580.180802076455
47886802,94819.52554239487
42682203,41100.80182831135
47327000,69575.21241169484
47560001,64953.15116935245
47131202,53349.80171607171
45020801,36147.41781348754
43997803,34488.704974429835
43648003,30594.458368056105
47563802,21855.85503915449
47531002,83200.2434791233
49857401,42219.81886153306
41307802,17462.245379121126
48156200,32458.29120319096
43783200,49282.028340157
42789403,55957.615371724765
49410400,104727.80176595553
45739201,31935.880618155108
44026201,42841.87387410716
44345801,24992.0590395461
46433402,71063.71496747261
45686200,32579.768370254522
41282003,24325.816936705298
49744400,53660.88298895848
43162000,27889.168876357926
48289400,52923.87767085735
48140202,50384.97358063128
43339400,31948.559997467502
43411000,125462.70918612373
46703600,25390.582424885168
46071202,38793.66046395999
46062401,64773.17183525614
49212002,71687.18965322949
45304202,39397.16884555857
49844202,29537.46621150915
41544200,79772.62000301403
45803602,31223.036840092565
45124601,21150.628993853148
47388802,29327.19577684799
47122600,46171.77612923645
45413800,36983.961812984
42476200,59527.66254305385
45481401,35798.399668038786
40956203,32888.75479217633
45301601,80065.01252615865
43671200,35933.453469898646
44584000,34873.08366375172
43962201,56897.20852514302
47699600,48841.77052310804
46985200,31581.20071802791
43747602,21403.190855193287
47238602,68995.70833785951
44075800,92986.00641337899
41462803,36790.1265534452
42241403,38635.87769906883
44110202,31222.057306244948
40911000,18336.759622261096
42634002,80887.39599863907
47176201,65092.28144774143
45846201,48293.66022409435
48457800,38498.460756972636
46941202,76079.19270669715
46154800,43092.74984131128
48538000,43711.60931046923
44956402,56892.675704309506
45340203,36922.54340466963
44633000,41670.841858476866
42478803,30482.963650080335
48781001,35020.26039530271
42454202,54964.78101164993
42435402,38133.19452550981
43751402,71215.68746122709
41126400,42778.88991601234
43900002,74585.61497698932
40834200,30637.778551883497
41523600,76944.64743451716
49864600,35194.65505509782
48966001,19374.280586605557
41493202,75278.79173872045
49379602,30335.62801914065
43815202,54982.663665144006
46742000,107825.7894505079
43430803,31351.115956533366
48323802,33592.27696632017
42293603,40632.31699099627
49778800,30297.128477662765
49359200,62808.949756779024
43424003,47493.57040324579
41373002,21610.739424727704
40813600,80052.09326421533
48201401,19331.042105818484
41630403,34940.49842105329
44746403,70842.92965125351
44695803,52597.9267779791
41332400,26201.77990540068
45221602,37958.22587710834
43606800,58590.28602775779
44181801,72760.1645719591
45105603,27549.22800394391
44839401,37594.23040288389
46167800,47786.06960764384
42846603,23205.02260549328
46914201,23019.67092964117
41854000,41132.4521292211
49816401,34973.97743558855
46697800,56178.6896562321
45523401,36153.435475071674
44642000,25832.999083883817
49403800,16517.333265828693
45711203,27702.1580560599
45394602,85481.99150869557
49902001,74928.03374959249
44055202,43616.678017391736
49840202,53937.93493119895
42948400,27033.13533460956
49292801,29807.448320535095
41820003,24124.67539082835
46536000,29282.17626976934
46615200,75657.0843258923
45111603,40302.6039689852
45382800,20626.17047731219
43858002,36300.181806636996
41590603,36485.87817598267
48954400,29889.435049366253
41263400,26080.49474762735
49096601,54786.549595932964
42744202,37795.34056842296
49025201,74577.37619633207
46264801,38678.51341208116
48768802,62814.13427691883
48676800,27976.479163646185
46282602,63052.212214035906
44708203,44238.26720080886
46178400,43693.9863864624
40817802,37573.48344937389
44308001,32081.534662849703
45072400,31112.59856907848
45648200,33877.85458054398
43279800,36563.19824354905
47036402,35648.95549765134
42952803,21766.390228450866
44974601,64889.99756178853
48749600,38466.85321132252
41144202,69440.26943919204
43278200,66577.78062418592
44320002,51332.02342912527
44022803,58171.36055522365
47084402,79403.09958457893
43158602,35781.54563422675
44923003,27158.849630275792
48373002,93445.62538314084
48100200,24542.706256146044
41545002,41588.398574881685
45075601,30201.992153951363
46442802,28941.373679113036
48492002,40503.07168467373
48339402,52131.21053274541
46280402,47414.004900276384
49119402,26310.818894001717
41733203,54493.44410367201
44852000,60476.82169276243
44005002,32558.04607080909
43252003,56208.074918159036
45849800,29619.634469798468
41504403,38902.15477355895
44132000,92063.2585733503
44912802,24026.425486536806
41275402,25347.279965853086
41564000,46028.138179373454
42798000,40214.80355027782
47384401,58714.93101543715
47118001,53258.06362749954
45404600,33955.284172706546
47692600,39619.3578132837
45227603,91930.58674490702
48438602,48048.91397080425
41875203,25322.956768067008
46184000,44487.393301587865
48406400,30711.69051259132
45345803,28551.870669954835
45761802,78528.72858124843
48936201,44463.46535622308
46257200,27501.850770259836
49008400,85349.89340201793
48466402,71396.11376943577
47798601,66658.88012041828
45845202,82071.89147271056
41511803,25380.560642745124
41317603,28967.005307492458
