id,salary_mean_net
46224201,90066.53899789529
42119402,53549.14195285511
45716401,29808.25311162509
43716203,20180.95532718942
47109602,61829.83374451579
45507200,26918.051056778822
41123802,50945.500652438175
49155602,46696.829050047076
41169603,41711.92083996902
48041400,93561.65004777047
44627400,70591.6664265322
41904800,50891.78971307364
49037402,57602.63725553134
46778401,35053.35935333797
49970601,37919.94275431963
46875401,44100.303738712
43416200,29487.80316854662
41717000,60375.682544356445
47784201,54996.06969509158
48823400,41069.98683805652
46711002,44358.15298187063
45307201,30785.136407606064
44298402,34363.392164745215
46487402,42560.16926687658
47184800,136512.11286245374
44145003,60394.902992452386
49904402,68541.26574006853
44032600,44420.64442371852
44374402,23783.296510757682
44402003,42860.510200363904
42970002,75605.47418434512
43892802,47201.03646938695
49155400,52375.29206023303
48131602,57489.517022690314
47830601,50342.300978588086
40956402,61006.06599633148
41839203,112076.30875040179
43643803,25356.221113238957
48574401,45647.98620638477
45808400,37646.75538006675
45119403,62658.03714528811
44271402,35041.09435533524
44880601,55890.585359382756
42208202,51718.5892337377
44322800,71420.85049658024
42892600,19134.250474443666
46480801,33194.16319352033
49197202,53740.89894729262
46631001,77020.79823210413
41294803,30835.223631732035
48400801,68545.17843216943
49960000,50214.365541088875
44190402,80103.64507402689
47235200,33312.462544289745
49190402,66905.00129958194
48081202,101602.27797050579
45428802,26815.516232407143
49733402,57052.08031275011
47551801,24822.78433710408
49141202,32387.679378099012
46583000,42263.87193895703
44898201,49436.838537453645
44255802,48515.93992624394
44659000,25915.52674029852
40826602,72848.62896733133
41268203,14837.718822907831
45078001,17181.135338339685
41368002,20414.9847309475
46702600,28377.516131144148
48921201,78927.765321801
42480800,56968.46983522663
41982003,79932.60989166511
49052200,58145.62100556586
47522802,47943.652431417424
45581000,42046.46342172626
45919600,55666.015406792074
44522603,68200.05425560329
41337402,17847.984689832898
45155202,32606.8421010011
41238800,10179.239713545277
45261402,23794.844816283483
44986003,26739.32519288623
42474603,51551.336262032564
41699802,71190.75998586931
45672802,62294.14986680657
49818601,35358.11295913805
47142202,32052.762677771127
46217400,53600.53554457065
44279201,34628.308321733995
49418400,47968.267863218614
42452603,73171.1180568316
46243002,35930.38793154123
43363403,67294.59129499999
44945201,71323.16755884112
43750202,54547.01908352688
48944200,45800.85994454294
41822202,71673.64826238043
43997600,30164.10385972717
48834200,69522.2347293672
47010601,45336.802430391675
45556602,62786.17974471107
49398201,33833.12404750961
41385400,15707.76958890821
45586802,39625.03575512464
45942801,78738.81467407184
44666203,66363.19308442746
45663201,111382.63883259862
44327002,31074.79402049537
44225603,62018.99635922889
41747002,70044.67013107747
42447202,33506.047814812315
41094202,51113.085984117235
46445202,58442.639823149584
43980600,52983.1989028984
47902401,38499.75924835375
42464202,24122.91231863472
44950601,65293.75867887061
48139402,101531.20477555478
45203603,115440.798597015
46815002,27799.05277551164
42797000,72675.39516719911
42130800,55853.21954080953
43836402,15850.241254562781
42298200,36259.187902562284
42293203,29049.95057139585
44361002,68754.4889065805
44638600,74608.57049864027
49456000,45251.60473076145
44419601,55445.806648055186
43997601,54220.10279643253
40927202,59202.34090275117
41503802,35356.48996114895
47476801,56130.87482040454
45488203,45949.16136005435
44266801,60724.282401810255
48837000,54119.055801137394
43807800,33322.707275862056
47106802,22453.736763547917
41391802,42798.71877845276
44343000,59093.814976073256
42489602,48461.85558093972
47035800,62585.92888748941
46356201,54175.57582174115
49235401,35796.47335277171
43106603,87571.9992131728
48584002,54438.932928235925
45466402,51601.22714314785
42252403,43184.23754495084
47639000,32740.446837316616
45906001,67673.17837353385
49722200,31805.33589834931
41518003,75049.52285407408
42385403,47319.61079642127
45510201,65190.94582729552
49860200,49115.74976934994
47748201,45123.38047466265
43503002,80710.88461994055
49121201,41042.87339872769
41278802,32939.149575643525
46488201,32343.780990161627
44357601,36548.78993511285
45329003,39367.353220143654
46121201,95056.26002975597
44534403,33377.746988441686
47439200,28493.93375820844
41439802,91138.2366349992
43174802,100056.36025470684
46571201,35618.76274778794
44396601,58987.92949525492
42916803,88343.02557587702
46556402,56152.22814995878
49299802,46267.83440690118
46320401,41586.895534936135
41349003,19227.569132264478
44385800,30497.877699002835
46565000,78995.86313794059
49856402,50806.62856221879
47026802,73421.86539932826
47281400,43845.428091326976
43571000,55141.68003956224
47264400,87502.25776140514
49762201,65308.454040505014
49539601,53714.5739711045
47023001,65929.53606537073
47805400,35954.49765162861
42503802,21135.620733770542
44903800,79595.58132525234
45184201,39948.102003126296
46244802,62068.51881663097
44987603,33374.31765620798
48334202,55075.84579688181
46710602,29765.639353733168
46103000,32895.084982029264
49332202,42448.45893284796
49018201,69135.92055113727
46759001,47414.62972866963
43486802,44641.34987256573
47335801,83627.11954179169
45229202,55510.08564838661
42649803,66736.07982835014
49143000,37975.12892175502
48893000,23869.50755814289
46859202,81327.11609040335
42136803,25751.6606503761
41181002,46548.56832892027
44475001,88807.48208256948
44348603,46014.07413685978
47003402,70355.42605923538
43618002,58675.18632098689
48296600,61686.669807678365
47038401,37292.627373413045
49145602,49381.71496792011
45244600,64142.70969657203
47963001,47529.03423138861
49631202,49838.3248813173
42867802,68047.91355732326
46826401,32940.59319337766
49336801,23626.68884204248
41301202,32982.09283821838
45697401,57413.86768854088
46021400,53530.04674721535
44352203,42956.67520656656
43840000,39661.60422970196
41874200,66634.1640550068
45129202,30052.29504426717
43415203,51546.76988829497
45648801,91137.90676941423
43103800,63275.4511032613
46788401,74370.18282189913
42085403,56816.80558040127
45373603,22894.997993852405
43082003,52026.36324995176
46171601,53171.67147872818
42831203,65428.987638106875
46689201,65821.13055454547
44785201,48150.694898615635
46367001,61097.78980060106
44117600,41638.166722174166
45338002,43501.38119295455
47507602,93097.73345750067
43644400,95654.51396196111
41405403,55684.96939863288
45093403,40707.34146863383
45870402,79069.65529039096
49833800,61794.7918162196
48925600,19262.62822543067
42474402,59121.92146445338
45784603,53735.19170108816
49955802,53195.082873044295
42199400,49165.48783234939
49847402,53553.70408715047
45968402,95154.6177535906
42683200,24368.17264820949
47870200,76803.2715156071
44719001,83880.5655858251
45330402,72649.02407686415
47201802,31483.20519124488
49925802,47617.94190321932
40996602,45419.244593875526
49929802,34855.04947119229
47711002,109255.63131058801
46575200,84106.00974413803
41815802,60847.01431969864
45048400,76783.74081480934
47075802,24997.550284845674
46943401,46912.27975534482
47565000,56928.64034687945
45462803,51593.27659707726
49623200,89722.93999921781
45962201,43080.46350586721
45931001,66219.74070468706
43517803,50649.79682798771
43553400,36880.7472703298
48184802,50344.09205893594
46683802,34505.86250352767
44930800,32664.981982741578
44074202,53810.629097084704
48191602,14517.148031242177
45958800,50558.64140065564
48842400,52021.767535072926
45414801,104629.15624068682
45767602,64128.439029480855
41082600,48089.695371748545
49807800,54549.15871118474
42515600,105007.70772172615
47980600,60673.36923718639
48467400,37203.61946626313
44733603,50170.583257552134
49775800,77424.39212631498
45906601,45529.00022745289
48172401,41100.16905927802
46388400,47341.94166237107
48566601,54588.57388975973
43549203,22954.81767333048
47680001,49204.652928866155
49464600,46321.27377549313
46357200,78353.71946469617
41941600,33048.05773347551
47069602,64802.12174507599
48789002,45979.16094639286
42849403,88184.37108223911
42421000,71860.7299313309
45538402,77509.59656832437
47932802,49157.24692638127
46972800,38470.92362773507
42018803,42697.07538130555
44280401,92790.84181644906
47428400,56449.076514902954
46006402,125753.9944613025
46784202,43479.88109536406
48568000,57415.81598472693
44073803,72981.41251399224
43262800,48324.866858492926
49901800,82888.7773035827
45261202,84099.44179549687
49168400,49791.414277529795
49770601,51228.143078571346
45477602,42137.946382991315
47297802,74948.42163316633
46899401,91318.90418480683
45612003,63905.19225766261
48756602,74021.86848613663
42776803,36803.7317341572
49858600,47938.704910463974
49174401,37672.89245060892
42772402,51088.55198401182
43129802,24219.940695431687
49519001,31874.760070297496
43622800,72614.76847695884
49482602,64484.82680297469
49972202,91327.86687930897
42459600,77223.63043191697
43603602,45202.94847418853
41775400,85499.4353962301
42630203,65619.13613401487
45166601,59020.05368218263
43040403,47547.62127260539
43630403,68869.55069426853
44806001,73130.05616414307
44696202,43806.607798404184
43512202,36943.93412090807
41634202,29301.231761047035
42960803,55302.96315416908
46327600,49693.87882916722
45595800,42887.34515533443
46498200,56160.60671857617
42406803,49679.458915667536
41110200,47442.14023036076
45393001,38320.380604539765
42895403,38567.52765890093
49837601,27673.302269195345
40857003,38083.25616660393
42935402,62997.98040701048
41923002,35908.00432503062
42208402,30037.57949224994
46974201,30774.78052440208
43269800,57188.17414415237
40997000,101639.20674215525
46979200,46757.27982132547
47270400,67658.35130224102
45927400,35002.87427707868
48557001,111675.79180791716
44972200,47868.42144178865
41119602,28787.937544346838
47353000,27359.982558702446
46813602,27772.10821325113
47997201,38490.133545878176
46946601,90219.68263001135
46387800,38894.2045786597
48712201,59848.34230644037
48221002,25229.573857577234
41053403,63755.246664732884
42243003,43026.58358898873
44636400,29253.906861259515
49100802,37344.48341451032
47920600,35971.98221324626
48827002,43020.4143982847
45698201,29719.172304893757
45879600,38858.94534431225
43425000,61845.25398532984
47525202,54297.63863935862
41924200,46103.95670739564
48105401,62742.72173554938
41100603,35869.01034014867
46949600,58248.05101253885
41726802,48533.770508578076
49039600,21920.13733491055
49592600,16300.870370513709
45134402,36070.034577765204
41508200,19198.18647674891
49893200,17534.127938743964
45114200,55398.006712222654
44794003,67305.36449459035
44670402,22321.575594855807
48034601,46468.167008548466
43512000,39280.2771295763
44770200,5119.487192292661
43404200,53823.02416189458
49891801,66101.16921313247
46197002,30302.219016995114
48430400,35966.28171092738
45153002,34794.00079180482
49878400,50365.353069238874
41876403,41230.57896036975
41257200,34904.4208090962
41403402,44817.8865016189
43593803,42438.32291861018
49852200,50212.09984028872
48647001,54163.92370727303
42543003,43308.254392272676
45240801,34005.110031850025
41310003,20166.62528735534
42596000,53095.10915193504
45554201,50763.31067703386
46384401,50046.32346769738
42649602,65219.456318608456
49974000,43446.87182476481
47498802,29904.487615643193
41617200,38247.92542022514
44663201,77913.82380329593
46568402,40806.89173231674
43820000,57007.53983616794
47515200,51706.836731551084
48349800,31635.64716055282
47560400,21484.35084943159
46774201,26223.76583053491
48445000,40655.99549986158
47955400,55517.6473622904
45667002,58712.23084076784
44907201,51713.84159347976
47835802,30176.383437327022
41844603,44468.89874162099
48019001,37325.92439513481
42241200,82517.75349122396
46798201,52958.39485054879
46867800,43786.6071323057
49782401,40384.397157396925
41250603,34707.60466056432
48238801,96542.3883976641
49831001,44129.99668507636
44175601,63860.734510746304
46667601,60941.06925152967
46697000,57836.83607061328
41899403,29170.453913403806
47280002,68569.27561091448
45433000,102492.7510217146
44357202,27929.17384424249
44313203,26026.0330677666
43894800,59124.091666926965
47863202,48155.890277417464
43935203,39497.109159082815
43069600,44477.41564030816
42568202,26350.926375660514
49973400,102014.84851293566
44006200,27943.76027785342
46531201,58509.29236994615
43988802,55874.76568004131
44991003,70340.89567037886
46315801,38533.35134477958
45611401,63924.767703273494
45983200,44693.32107663265
49894800,57196.484798297184
41254600,21485.202505864756
45797803,35830.80627927862
43599603,91738.92297212617
42079800,33985.57875155684
45481000,34974.65735806233
46734201,39766.82600273573
43726402,56488.609283961836
49077401,42431.54655345745
43064200,86005.57515692778
46705400,57647.22412844334
44253800,23336.71595424458
46599200,18382.89637614075
45723401,53132.39538163215
48338000,50284.12419949357
41681203,49693.161879120904
42197600,44469.74425880094
41713202,52989.54264554831
44136801,45663.04298697987
40885603,32437.033810821304
43643600,31396.524828774876
44897401,89562.32628345337
45800002,37172.460748512996
46858601,76783.89527431405
44228800,38770.7083305379
47747800,89719.15231127798
49766802,16413.427812109112
48276802,56176.012424024084
44972602,29000.821445244634
46142800,47065.77987917651
41561803,55401.00751634794
45886602,109839.21464472477
49359602,66975.99166900798
45062002,24636.67066770754
47485402,36464.80869369379
48614002,38191.484632194435
45887000,86856.03213306733
46830001,43156.1993954013
47032201,48094.553542746646
44652002,105763.93328567155
48781000,23060.522489159106
46265800,19225.33681936567
41408802,79209.36593426613
46269400,41838.38590685587
49027002,34944.688293494975
48777802,106073.99663562958
49095402,84521.31678661171
42455803,64827.1900212742
45099203,55030.062776324725
44972801,59027.357091904196
46798601,87434.87719125375
49685401,39157.678751802734
45298401,38940.33997056311
44207203,47554.45956411387
44020803,20560.25011820445
43347800,84435.31684882173
48842001,67968.47469103297
47034201,56435.44000564066
41771403,60561.51496566056
42797803,84260.88614804238
45625802,48795.965467855916
41526600,45032.68162747263
45397003,56128.1851463658
42679802,50691.63207573462
44974800,46928.62238904072
49884200,57246.63702348647
45406802,71064.1304747562
41286203,94968.61325684476
49211002,45129.745583079486
47718402,70858.65001350889
45161402,51819.0868289944
46942800,101995.6005011771
46194800,53902.922987448226
41640803,56255.6565058149
48859602,47471.03578637091
44882401,36800.34637822115
42448603,31583.712906506975
46715200,51435.56247835455
44656800,37140.28758452203
49129600,30829.11448396505
48133602,48080.51547299912
45639803,28614.88023120447
44116200,31037.5790368471
40980802,27890.486675175118
46394000,23855.20481233733
45708002,23030.025665367262
45033403,63983.6546554736
42260200,65541.63269140416
49251202,45939.825000976125
45283001,83122.8224023709
47012400,54305.58013416562
42827203,122339.93220978387
49633602,70775.50610610128
46699402,34386.513365551924
47166402,52644.04877542955
45770403,27168.85812704711
48768202,67680.10616126745
49316200,49508.70029763265
45117002,25643.704875674302
47899001,43216.49570085257
40923600,101897.68195301475
44942403,59209.97539489915
44572003,54379.50754495493
49758801,79130.50436216827
46076200,49223.25623102732
43220003,67177.59167484191
42229003,46051.85273259396
43815402,33286.99363501786
46833201,102478.10339894256
41043802,66124.01672694023
40862200,66113.32890638475
43330800,65063.436954958845
44864200,38851.11062504308
45662600,40890.11870269403
46196000,53466.30314284256
42740200,49634.38478824823
46670600,69266.14725543925
48132400,30965.20286088613
48445002,44931.12695835873
46667202,60522.55989790235
42547800,34885.24437908283
45013402,34246.36871603522
41186003,34597.30241289972
44603601,59918.700133312734
44326001,26501.70849035134
41390603,32235.43130615833
42696002,50636.71229772947
40863000,75513.5736756428
48898401,50354.56069135667
44251200,32251.39189076594
49927000,44801.02957718125
47307601,103191.30877567647
46382402,25660.015219225243
47713800,53677.252714023925
41177803,20237.96972324946
46083802,54173.45705472142
45404003,63111.2385976171
49572201,49967.70347837242
45703203,61046.33494146757
48645600,79977.46940774837
42866602,34276.8047696112
42968402,84239.48229091245
48734400,47312.93968219364
47279602,28864.44453166354
45585603,60092.690812019144
44665001,67705.42966468947
46262802,82146.87558893219
46574401,22907.22239562679
48900801,79951.5333886654
47072400,99086.72750094678
41145003,61222.350669826774
45486001,25491.101034436942
45427402,62275.479593877986
42317200,57453.39949884826
45294403,61824.49264929487
49324402,77955.79423919108
43509003,35384.74440235447
45988400,64742.04467480894
46888201,39425.116039191795
42311403,65987.54425961371
48167402,21826.37602180808
46678001,40064.33040424402
46414201,40650.405038047546
42248602,41743.41600822641
43523202,40460.7032799878
47160200,43650.38655764049
45732600,23569.967121462454
47102400,43228.53542950356
43377402,64988.58011527329
41163800,36465.66013219489
46040002,36562.716309036216
46022800,70193.99537493897
46607202,27484.972385911395
41000402,77951.10437661698
41253003,23635.53928263107
45796002,35282.87001782071
45144003,20871.142447498853
47704600,35266.36906116889
47753201,91182.48987942911
45664802,36877.103124820846
40929602,22037.773497799106
44968403,33400.983716615105
43822403,39922.97965911221
46825200,45796.69847347764
45883801,50769.012606395656
45137002,27777.77378611298
45167601,40008.21334846146
46581401,51804.92803478138
44931202,32218.472350273187
48246402,54698.49899410321
49285602,95737.48286378942
45497600,79361.84123493292
47760402,16850.331034332274
42606403,25482.304371889128
49527000,49102.448523428015
48161600,35416.20630634178
46903200,110098.48531420706
49915001,32586.424413264882
43992003,44833.80470404483
46250401,90866.31641144943
46418600,62533.83548359932
41710203,75861.09536282759
42495803,35031.456228778654
46955201,86048.41182546414
48209600,26041.57970009314
45196801,40658.54594639056
43508002,56490.00706524799
43489603,59727.42634902773
45733203,34486.37811738625
44572801,58774.144360244114
44925000,84944.02425454234
44506802,24822.558932525004
42947402,43581.942919750065
43970800,43546.77859849089
44176600,69937.48494398603
41178600,25828.833012654788
42627202,49058.357373697145
42629600,63796.030871045776
48501802,77059.38454284305
49517002,43839.07869517496
41589200,42259.56905281376
41725602,32016.568440570234
49675201,48549.774101205025
47546201,38602.68846759989
49823000,25660.94429922339
48242602,93203.68363148921
42241203,69758.73325602719
42259203,29402.292920868465
42445600,40927.15331921202
41267603,35522.24703610179
47808400,22205.526105245313
46390800,57746.99584573334
43826401,53425.81015858554
41837803,31023.161581669126
42959402,45230.066290736686
47284402,55698.27005703806
45448401,62060.47638307571
44605803,57765.082670397875
48264401,59563.76160408314
41130003,51089.62891779875
49036601,63914.828546084034
42499403,64716.77745890425
49741400,47340.987788674094
45539403,51785.32630498026
41424203,54438.43898893756
41046202,67056.06962679593
49188001,47121.143834976065
40890003,28834.02818266861
43129200,37632.84986207055
48212800,40520.573251759284
42644002,43188.172462080736
44136603,65992.61722898568
45628802,36432.37367172326
45919400,36852.1208080463
45300603,58444.72423517179
46883401,56721.32192075579
48569002,24225.459224667444
42019003,75455.76987657225
47617600,74707.76047505035
45497403,64297.21610493866
42698402,88665.21876573369
49192601,44738.58254976214
47320000,101556.50234235523
47534400,77420.76359619923
49945000,37610.69032738704
49997402,59471.60268674842
47616400,42211.29131751928
44827600,55747.39811698153
46955800,84529.49921815716
43684802,23996.164749895142
45120802,70882.50835319365
43338402,62677.04272961689
44974203,58548.10445113579
47147400,52012.55407866411
45644201,78168.41178111648
45864801,33494.64145701326
48713200,46167.2660522098
44391201,54537.38760280036
48501201,31363.033421759967
46869601,96056.0250602454
49709200,104210.92659617198
47687402,64624.46562106222
47090200,95583.97090578641
46103401,78854.32588262093
44782400,62945.5498432875
43758003,21420.364475538794
45005601,29585.401995604356
48629602,40903.26842027818
41904400,45071.156901084425
41209800,36635.4240755328
44292000,55550.53439023651
44936601,55328.53162248653
49657201,61859.76333571447
48127401,38867.77896105257
46344800,47265.04302041247
47757001,23741.233784208096
44046802,62580.34553882017
44134002,54391.87162515895
48867401,45373.423428051334
44100003,41174.04077724613
45627801,75753.12079322562
41580600,87185.13224316583
46415601,33528.86911484851
45308600,55143.30939178563
44188003,35658.2290929312
45173202,84902.14821342204
45138203,52354.04004712353
41549802,31396.939835240868
40912403,51022.517735963265
45220203,41439.296345179144
42392403,53739.90677597449
44730003,48059.647687320816
47550400,73638.35461082871
48794402,43134.50569178166
41738803,29139.35585233877
42416203,29822.393452411692
43123202,23706.505699214635
44532402,41407.40206266491
47891202,59345.01199699565
41353003,38216.33093191443
47081801,47703.43600703191
46793800,87808.62863537646
42794202,58400.11702440512
49430202,27446.142905894965
45806000,66154.14973726799
43474003,105485.2382561513
48226401,78748.14216330693
46697802,71629.68752247593
47896400,20870.66467639646
43648203,47297.5579755703
46820401,78036.06058647815
44588000,53405.05160910702
45542400,73633.98726941092
41302003,31677.201752550965
48323402,55854.4940624069
41221403,37613.356624124055
48795601,53825.2933665702
40816803,50578.63881351537
44353403,41549.47548474508
45492203,35719.654732891206
43145003,74047.10091134199
41285400,26361.625510625017
44522003,38014.21096043914
44636800,78137.39384318399
43719002,32749.103391408426
47288000,44835.093704253086
43879603,26949.075282811013
44743201,27845.46352730968
45438801,21878.588710785734
45360400,20453.48435229037
49265600,24056.363521971325
49484402,46867.019409191686
47297402,99460.62482912856
42513603,54202.24160800032
46776002,60677.02046764725
44142602,35793.39178171402
45136603,70100.1963924552
43355802,28885.99183803762
45052601,39501.97090132721
46098400,57307.83257363159
49290401,48166.427789053385
42104400,76420.07221921462
45067801,63561.14218482501
45695401,47615.73167115085
45815402,44367.72149219212
47391200,38306.95366314163
48750602,83005.1822180178
45406801,38602.52719740243
45140600,70529.95263804347
46732001,35179.88958069261
42286203,36971.341975898016
46713401,91141.27514031337
44132602,30162.138448330574
49411600,31998.827880655983
47822400,31692.281151966636
45203803,44778.31117246196
41958800,56128.11751100298
42942803,22604.15717898139
49453400,31062.297811831762
40949402,35356.59540855917
41343802,20670.357604803146
44935801,41385.46458802776
41436400,30816.030063632053
44545801,70654.64283284634
47184402,41670.43352090331
48363800,25316.174837577768
42736802,49817.115911660556
45455002,48065.20215205476
41260002,36325.981092826194
43306800,27166.300437253412
49524001,89992.09792247985
49257202,76326.12971581686
45850401,46189.98305786024
47278202,28352.465700638873
46545800,34345.24483408547
49629000,40421.165379915874
47588000,71630.47138109316
49859200,84272.7287235312
44058001,56230.117504942245
48181602,47362.06755390871
46620402,57015.152036618245
48764400,33514.881463109756
44786603,47398.01496238653
48293201,49905.038777610534
42609003,67957.01745760074
47758601,43476.1235041215
44581201,39424.50851261791
48861202,36521.05640116887
42629402,42098.40713290505
43781202,42589.03799523469
48263602,59423.26591380703
44236802,32472.27811220311
45311002,34961.92065055383
46323800,52466.97380577652
43843000,37490.13390557242
47123002,34325.637383832305
44839603,45960.59095172999
46551200,36034.43033717691
42659202,82451.19829357
42903003,59002.25657662722
46286001,75807.23518283501
47406802,119838.44020499886
49747200,43643.574966493514
48512001,47235.70404624132
49915802,76823.06381954241
44305602,32787.568104460406
41192400,68279.85617533379
49971402,66604.23563861608
47676800,29683.936328887205
44261600,35894.93675789726
46523800,55191.52750724303
42539002,86485.32454254651
45673401,49131.69346419078
41587402,43064.741972589516
41135600,97099.31806722704
49868000,56537.939101395415
41634203,29301.231761047035
46978801,80277.48761410346
41659803,18675.98393189154
44954603,87307.35799128083
44439001,37189.97883657813
42804602,75758.71549674377
45692002,43821.36300311747
44091200,37588.90077317222
49860402,55933.49911859512
49359002,94980.1371534212
44632603,56483.83621559508
41738600,61194.0998037467
47476000,40122.567705093694
44176801,14205.085964417252
42801403,48384.969232093266
47077802,34832.094030531225
46097002,51145.6359107015
41651800,33160.31157162023
42165203,71264.03102189668
47272202,51041.15707848669
49814200,61876.891441463726
42521403,49731.22310257971
45303600,63582.932392451214
42265000,61356.28480704979
41938402,26400.991724866355
49604400,59493.37927896126
43055000,119651.47331615794
45209203,61563.051832070705
43341603,45129.53615287015
48083601,27442.388124235644
47216000,54669.68389571112
41192603,72869.44479959167
48447601,53891.7695359847
46755402,78227.8864318576
43656403,46951.11813887635
43609600,32251.443042376864
47011000,20878.525397411664
40966400,113774.40348124017
45806803,36432.875072973526
49394202,52300.6587647081
44796801,73042.26250136507
41722000,49794.148185868944
49311602,55838.052389819495
48840600,64296.661527831035
44083001,24431.639076622298
41299003,44624.523020106404
45519600,32925.33919319323
47868400,82090.75312893065
43960802,22055.390642270984
41426800,60078.71927455485
44648600,61130.12949200142
48433000,61924.45761226375
46100002,34084.98603493003
47094602,42754.354692624845
42811203,25111.464606768393
49834600,58739.448883837365
48392400,43640.64943704459
43720002,27343.639227727042
46525600,35166.280879004036
44558201,47706.35610712034
48369402,43129.09426985971
44450603,29862.840706820694
47441000,40376.478995013254
42151600,49479.34246989635
45652801,32841.24877683663
49834202,91879.51807817355
45543400,61312.58600553141
42621003,91314.1153402864
43296202,101422.6132631531
42313803,26230.47754133073
49888200,38049.28983878511
41082003,53724.09126729815
44379603,57140.05201298924
46671200,20390.87197501253
42666802,21551.232647913086
42185002,27381.089812019316
48317602,91527.69122002914
41288600,29717.987130377558
48605200,105944.83690393533
47986200,61759.73905302321
44869602,47236.911978315795
46924400,16001.552719003274
46461401,20977.93625777679
41007200,28928.30667560004
47041002,40540.09604062425
41257600,28900.390087492233
47690401,79912.66289748179
43915401,34123.891942083625
43058000,49501.84233283691
42151000,52434.813795524184
46215801,44279.318390293345
45145802,42450.79221381292
47817400,39937.30151254634
48035801,26270.160885186255
45351200,49477.9902886335
44244202,85795.8200691344
44296602,54943.85268972939
46474802,102656.00018076587
45086802,33224.382319933015
42443402,58173.069470121976
41371800,54222.78091074726
42999403,43869.74398055832
45403802,89211.11305596383
45805403,102803.18163826714
41585602,33724.80426813476
49161002,45003.380142729395
49780200,37637.78238958114
49707602,31777.619206988966
44141203,87614.36148583425
42437600,55141.769526538585
44621002,52978.13377230367
45091600,25463.02060448085
48147002,73403.38141483084
42484200,36060.18848336607
48081001,58668.49821927604
49552200,48026.47080363567
43887000,31481.764272324734
45885601,72851.29291087632
46352800,67510.5196835126
48846200,59885.19879435304
42476000,40021.87663627963
45538800,64175.86160368054
47471600,44246.99619179924
44948600,31916.638801771514
46787802,39091.04903724315
44071001,69731.50158782843
45837002,32828.790139059056
47187401,57898.05287040204
49802200,31294.22640124175
44084202,49659.89455622385
45631602,35372.61255135129
46323802,23594.653441955023
45582002,46094.765132519424
49771801,55105.779147377994
44842400,43073.803202487754
47196800,21637.219515329423
48404401,93261.87956872903
46258400,34005.80469285078
41781400,56888.07433143852
43798202,48139.975233023535
46289201,21662.66363075948
45811802,29872.62680606827
42029600,39521.29822172311
42161803,38635.275636513536
43686803,51196.11282783728
47435001,43850.73416625593
42821202,62227.22560464747
44460402,33538.02145563457
44378201,36538.78019690718
41088003,22827.948053645363
46041201,26491.599610976482
41939802,34056.33621783883
45515602,34994.38041170536
48263800,35786.08460601006
49884400,39678.85925129714
42690803,43982.01506882318
42437802,37507.86277068249
43186600,36260.52030035803
49528200,90631.53934073806
45637601,34870.75297680821
41769000,61073.42162657362
41043002,32376.06754044242
49619600,33194.56815781588
47736801,37248.51019882637
48920802,31961.34314661324
46738001,46226.27472167788
41973003,69932.36468404645
46663601,63010.176131193984
48690802,87187.83314903425
49120401,76433.75936817209
47028202,78012.91612252682
49897001,35409.438526845595
48527800,46378.67452236473
48058202,25581.37029312116
41107402,77563.14697563203
41478203,67787.24035581874
48448602,79331.96326563969
45528800,45974.13488020391
48765002,89726.0409578901
47360602,62853.42864070381
42985403,51536.502783774544
48613402,35808.27529561532
41403400,51348.718282945396
42380000,44456.89605063488
40962803,43344.49452191918
43676603,73600.12005209648
45718802,42673.230303468954
42941400,76282.67737310448
41956800,32655.409835749204
43834603,56110.21085625357
42806000,41440.524177803876
42500800,45102.279039357854
48240800,51272.30876183386
43132200,37692.403500096814
48911202,32539.52977581801
41394802,45451.3861778417
47927202,20860.728306294004
44614802,59870.39253850124
45363403,59621.61995918506
43284200,32671.242762294423
49863202,30024.792772480796
45478402,101487.55662550498
43462003,58671.32462005125
42714200,49505.201423216306
41723203,61168.796340049324
49447402,53433.52475950465
40970202,59950.249616447734
47445200,23800.419600112567
49946401,68352.93866863931
43524403,33196.72619088116
47511800,86655.40402651882
44564202,24280.310472058038
42545200,30458.906345933698
43090402,51961.08997715342
40957403,55314.643022794044
41046000,37735.08730099375
47478400,28716.87785787582
49897200,68941.20149716671
46425401,74854.65473142681
47759202,58396.73060470678
44208202,28168.770267234315
49207600,69962.23896302645
42943200,45554.315389268115
47425800,40098.52165545225
48028802,29934.540211478903
46154202,49712.8456418258
46294602,52226.13478073653
49041200,108440.01022149113
49039000,38758.92195334932
46415402,63418.525988087924
47245802,48024.4411340416
43217000,82033.66039292762
47508601,58361.86489346613
49674001,55386.31918932258
47332802,54849.04309877967
43885402,62390.122125734604
44309603,75968.15769482568
48337402,55016.92005807488
46687602,40122.30265144702
47076202,46041.61047749604
46997000,97609.03782299731
43275803,63272.63192831517
41349600,31238.89512176984
41222400,36431.02082495189
42442400,65915.60900280843
49844801,50468.935315405484
42300400,98656.59493612294
41856400,23745.284476533066
49540400,89112.71009000584
42224200,26314.270148595526
47603801,36234.41718539537
43105400,44133.601035562984
49739202,58414.96495672002
43086803,80792.22828682084
44114400,28130.685449452765
48034401,106331.68023588293
42032400,40293.82478660979
48493002,39429.12646209566
43072400,20549.371748479047
44942001,55986.486688837496
44282202,54943.85268972939
47009402,74615.08719284004
45510603,24194.66024556283
45811401,56451.007021025
46072402,24478.58523929242
43883003,53435.98257282506
47169600,71077.0393449154
45779001,25537.204831297633
45692201,85251.77094083984
43936800,70652.70101984248
45670402,99329.14408649478
44566800,50598.27717546842
43697600,81379.33924698376
47004001,89677.63693476806
46221000,43232.44155844681
47482000,64364.87067665038
42433200,45307.83891897849
41080602,29151.832875868327
43986802,68641.55033337732
42234602,34204.60840932844
44839802,36572.507577455755
48326200,75280.7741034495
48391402,39678.71761400774
44757200,43380.695000544416
47845401,68777.26141730048
48062802,43299.503984784904
47086002,23918.741309926605
45502203,32573.157725591125
46389602,35204.749300258925
42378002,57921.00595666854
45131203,50801.179768376576
46006802,68517.33871167414
44883801,60025.69508205645
43968202,43824.985444695216
44782200,86413.54158272558
41637603,40150.88538546
44882203,58613.24024416748
43261803,53171.68124104496
48691602,56405.47817013914
46940801,48122.8912727167
49288200,84523.16711080355
41057603,61827.52816298655
46588600,37746.04043511376
42417003,33284.13625161287
45328402,53697.18491184909
49124402,37798.204181783476
44152003,55158.60144182083
44871002,40422.714560752116
46598801,97598.10191513927
43636403,61353.05311953103
43542800,51402.262459479694
41656403,71412.70778637555
47095000,45312.95507349005
45997800,23106.18669163034
45226802,18018.09120776331
43872002,112053.17008713537
45050803,46452.307197660724
46410602,39969.92189015077
47920000,42675.64316413916
41123003,55803.151282291794
45829803,62203.92853710368
44698400,53124.08300847889
43228202,54083.06243018526
46856800,41071.43666551256
44983402,53063.99977487408
44769400,63556.07077117199
42119203,86198.52058924074
48104402,69220.71386324952
45674800,30418.716284464863
42699802,34407.15363704822
42599400,50866.782042564846
48310802,45786.395209652575
42812400,60968.592030640255
44243600,36616.39304882018
41651803,34044.47917555967
41764800,56595.62646637248
47646802,55105.83931649353
45598000,57989.1737286058
45669403,34161.66024490024
46071000,70966.55601046901
43304202,73644.55889089052
45800800,60149.295666203
44912403,27909.18962389892
45955601,36985.752927228496
48142600,29515.688068148665
45142002,95228.50860315279
41177000,60749.01972168782
43462200,42371.536986968444
49956402,71365.2615884551
47468800,35787.44384812376
42057800,18117.553354667252
46722601,76942.27341510139
46228201,28812.497748449554
46308402,45488.312140377704
45663202,28318.170610797446
47209402,25946.064673766014
48127201,94381.3577241745
44274000,48300.17832386965
45581803,44977.17991175843
42159002,63602.385892483
49694601,54470.99213468264
45226202,59927.02845411083
42249202,37562.36401452817
49796000,78247.42928902777
49902401,36408.38911123389
44705603,44983.394737544804
45043403,48714.75600111739
44392403,68869.02997438345
43874602,44238.48126820323
45744800,34570.55817061845
42958002,43863.67089998154
46268201,116167.34716422408
44740401,57833.01512069022
41557203,43499.71318545779
47534600,40477.638050299196
44314802,53649.30659837739
47088401,44984.30740447924
46641002,104858.96066832815
40953203,60906.94072406394
44286202,49770.43330765226
47892601,27004.332624330367
47574400,25653.38480571113
46620802,75920.12902927015
48202601,26545.937080299533
43754003,56361.06221694995
41895203,35838.77841072179
43147203,35085.672664761405
42735002,85305.37683972591
48142402,58655.001700125664
42811002,70414.58728722949
41642803,44338.2289397562
44418602,28879.972452119953
44915802,64864.651789810276
47088002,42464.71038790072
46370601,39930.25498551839
44715600,50433.103620994036
46313001,45075.342762121625
46118400,25286.881681361236
49058001,56944.17929402741
48008002,32553.038460896103
49677400,29935.728870225677
46323202,52818.68785160491
45614402,30227.75374565208
42669402,18736.77521215236
48780400,60960.34385826723
49069801,32104.189680984004
45538603,21484.05972801172
41765600,75393.27705979376
49448200,84267.1985929058
46203802,41465.10577610234
46248602,33594.941620008925
45170801,28238.69089068377
41110003,64526.45449847579
48817001,59914.758555775086
42430002,96379.64757785622
45586202,38959.70867106269
42235602,48258.29068579124
45429203,62304.86051642584
45745200,72525.6090411052
44731403,65130.98187500209
43272400,69277.61070535505
47350402,30795.11745510703
45564400,42297.40786896102
49550201,26107.542485413884
49240602,88329.58275791814
47875400,51184.39562429601
44313002,97441.90149616485
43028002,44042.86930192459
49952602,110617.76330323909
45782602,54965.01220153266
49017600,32061.370939955632
47900602,44229.68295646091
45712200,65247.893024535224
44214801,85406.92695017497
46116602,79116.35829062275
46651601,20190.53590078251
42858003,36466.29680784444
42338403,31427.093983100967
45606401,35919.69534112699
46585400,65921.11495093121
49569002,37616.47911440006
48177600,17920.075649921688
46505000,49131.68969923348
44597802,22245.134055714072
47561600,34794.97365511617
49942802,54584.00377030289
42261400,52626.772748084055
42684200,63795.328273312276
44967802,37385.01912512439
41604803,53512.771778783936
44702401,63684.514860542986
46404402,43843.682903543064
47145202,97251.166539259
42966200,26823.90078022588
42364002,57443.39375758053
41571003,41347.255140485344
45100000,39951.435253524134
45500400,66803.92161293539
41711000,29513.82985234107
42384802,67317.16220414406
47203002,39362.24361688345
45829600,65521.623725775265
47791801,89196.32333310437
46624800,69943.33244383128
48183002,87241.75347273555
48831600,29072.55342824092
47360802,87625.26258178207
47856400,59142.350813361496
43925203,51459.00897922027
47227401,78678.8642498111
47931401,52503.28516095826
46158601,44602.29927842597
45468003,43480.584117987135
46121401,51481.16290377794
44352201,63792.69729100377
48212802,62564.7127521662
41759602,49508.10350966232
44158400,36006.596644921156
41563403,17800.888311252827
49208002,58542.313508668536
45470603,44010.17455269468
45697603,92051.33499031563
44908001,38117.386383704754
44813602,83368.09751280931
46787400,47250.22009032569
46240200,46028.25528773999
45146200,70980.01903464612
49715001,58914.25089261372
42746800,43257.15131005648
40948400,29389.31490387948
45281001,64330.789242042345
45049003,30605.74684408457
44858801,90727.52966242941
44487203,52406.5197205729
41157003,88247.29294449041
46591400,23352.160936534026
41836402,42165.198307801984
45223601,24755.159018517727
49539201,114672.34729102257
49954002,14465.150561071343
45292200,46908.01867125112
42930600,49388.2876015883
49171600,31873.93114117581
45970201,18904.393819236655
46897402,42865.14077012951
46350001,71243.45911063554
49835801,54246.76493863051
44517003,69373.2316355698
44597803,31770.36475124194
42884603,78473.49466141425
47740002,32639.104276384933
47797802,98779.8394378509
44381203,61189.29085322574
47110002,56669.996642679864
45059801,49232.211747340996
45997801,22506.660302498232
46039400,68239.37167051074
43887203,71994.22044365638
43127400,97647.07361278433
46639001,89866.43190846064
42979803,31753.227443155803
44326002,20561.413037931823
43454403,73472.43180866669
42445802,54045.57254464747
46178801,77186.8872050946
42896802,22965.58250937734
44543200,63326.13413065592
46472602,32440.18945345493
44176601,58890.60759059521
48368801,84354.52350716204
48321402,35613.795609028835
49660002,36761.03862480554
42065003,28984.943605675595
48558800,85608.29117778971
42293000,22690.599470765228
49640000,48325.64617067076
43246602,76072.25620890257
47521600,44449.83594278721
42858203,55291.941794003054
49439801,53492.236553209776
43155400,62243.564101608565
42717800,46625.052564464204
44941401,22125.2773905597
46151200,26909.46777915173
44074000,43839.561834587665
45231202,27985.17678844332
41636002,26037.33661123464
44474801,57515.91585078686
44243402,33927.52874557982
48450400,56070.37371338383
49013800,24922.173508585547
42551800,44512.81649426454
43829602,27475.87253018868
46752801,29852.515332800882
45887202,43825.440040458794
41437803,60330.89474817352
40967002,22747.54293577683
49767002,27002.08645614682
41839603,42552.28811801702
42371200,51674.94991755046
45328000,70548.8718149319
49099802,26218.735208358194
49739800,43521.705534486
42041603,69525.16332571107
47377800,47714.31898331524
49789200,50498.349219513286
43001800,85295.12912954667
46740200,81586.74658787716
45372203,38519.24956734312
48133200,124992.48128687582
43753802,70800.93947463426
48357400,109132.41933910851
48835602,32317.971319623277
46754600,49921.65232486131
45587801,45013.32463892514
49957402,38710.43451321586
41341200,53797.157393095746
49678801,63757.64137324557
45050202,95542.2405524036
44673200,66927.0635810741
45602601,58455.72039152193
42657402,50421.21069108591
40839403,32190.848395175657
45089200,56405.06894216841
44009403,62755.52329924907
42954800,52522.22887474609
44037602,31727.134539593455
49592801,50283.45856417642
48277802,36729.11791769562
47038000,21909.620120370804
43775003,56119.95188086209
40806002,51150.61618877406
47721602,25812.846402914176
49564601,46710.91976508123
48059002,51172.64209410075
45871601,37705.787448191
46069800,38852.497527268824
44226602,59167.177917975445
42707802,41739.36745051066
45414802,77944.68273847591
44458601,49910.28553577815
41345602,33139.527134510245
40992202,76252.6002757476
42214002,96339.07980782776
45487401,68191.69997895676
41134403,35893.27209878179
45215000,49470.369577575744
44906400,61424.42103730963
47257801,62872.311599208646
49189001,63551.670563971646
46535600,47762.09012834696
46795401,118325.19392961366
44626400,48534.254384298976
43524402,31119.69058977597
42605602,27923.053213230785
43833203,83872.14354118115
40821802,55562.30192694524
44854402,44890.69162352571
43936600,19646.455938922656
44430802,38147.53075242534
48303200,87221.01310206034
49425802,65176.39751963942
42331400,30281.525845954813
41051800,66523.51598652425
41562402,38995.01339071974
44597000,91892.5360436734
48403000,54181.549682158344
46816200,32196.276146451113
46020801,64651.48756874934
42355002,29631.48016926324
48574802,24576.76116321414
42594600,33814.72634471506
41441600,40370.38277827655
41108000,68255.3448968028
41158202,33687.892560825836
49857801,32390.09428521913
42984200,50897.291159369386
41963602,34017.04765547625
42872602,44326.19879740408
49773202,52547.31065414354
45878802,68571.10565882242
45390203,25123.07276486361
41307400,15358.590680051508
43945603,56867.072233484854
43894000,43160.944218512
44428002,25563.49789866089
42318803,52376.28844691449
44572601,61048.973782847366
47498202,47813.21135954791
48228600,89742.95174098678
47004801,32262.742659026015
49550002,19993.582145635504
47102002,41360.026965990015
48333002,68759.69651475176
47292202,29849.305126338688
48603602,33329.937217250175
44334000,61221.72600258304
45589402,65032.31036697886
45575801,35061.514594574524
46786402,80705.22915147601
49522001,64409.09192820522
44028401,57674.542262891
45770802,82954.90354762095
45356003,69642.47529854032
45170003,45715.24623304367
43569003,21462.7490783237
43865000,42189.79207164296
40951403,47791.22875307141
49959601,51316.118257321104
45331202,90958.86092694468
45206400,48197.43236219621
46758602,86581.45156846836
49206800,50383.79286380136
41370600,26906.79219802231
47612402,60846.5103438632
49555402,34920.110583217844
46266801,86144.75221176428
44084403,49555.853519096345
47429600,36924.141617820824
49363402,71538.72311297343
47530002,45019.73237576746
48417602,41686.22217929185
49049601,54569.176735646266
41857600,43482.79666592625
41966603,69115.71161759488
44058200,31115.88439627445
49761800,42841.587037532896
45123200,65854.5356879497
46112802,21248.465263185564
48247600,40496.99820045836
46774002,48736.176927064786
43426000,29425.420030895693
48092202,49827.57397501852
47020602,18962.328015606603
43186602,79207.54078995802
45696601,47794.84581018692
49123401,54665.18543971837
46764600,55054.97851572583
42750600,74851.8291157998
48568002,99104.2805304832
45487000,45544.53768732141
43141600,47196.19402249124
46477002,42939.82562739377
42074403,52842.43855704533
45969401,26288.133919025582
49278801,45416.76396813763
47238601,82218.46463597319
46171802,43032.27639399843
49678401,70397.14359713801
40966000,29079.05124190123
41067003,20381.747826520077
41295400,24164.186525920646
49081400,57029.812098624934
45505400,49515.90273183327
47435801,53977.67194351762
45449203,69320.86460293719
44869800,24107.014722118256
42764000,60873.27103786486
41898400,50247.52804417608
48019800,54577.72187242207
46173001,77372.54331998539
45526001,56971.109014079186
41284003,37824.75482740133
44322600,22704.89971452867
44431802,41444.36935035215
48564201,40376.651309572575
47018002,64943.01629119162
46740602,56451.21933337811
48034802,32934.09111918403
47796602,45330.86085869775
49159202,63263.641108840064
42187002,38961.98221906184
45391600,28367.88138180825
46782601,62300.70929279562
48254401,78311.94650904932
44532003,48819.03424214547
49084800,39809.55707058397
46285000,84837.54530407854
44139203,53711.64865109441
45534203,75082.99149572299
43679603,84724.01818604232
41319603,32980.66356601413
43241002,26848.187458082277
44853803,56978.33356005
49161802,57352.36848493875
41336000,32361.535948781704
43786403,27403.017911347044
46850400,28459.894300507913
43850203,32825.48600862102
49952200,55285.38676667203
45813402,61786.43040441672
48163001,33189.135273992055
45486802,62380.92164203059
47444602,47064.78486844453
43802600,43770.726607017416
41412602,38625.93110064688
43819403,64402.23604160442
41597402,46563.61034663647
49324802,81815.44065293983
43723803,60762.70353872679
41937000,18716.70994358688
43735200,61270.238335157796
42146602,29627.644229575417
47408401,63371.85979224527
49404802,49042.5686319027
49440202,42872.63289701253
44237603,42704.88716496581
49834601,51225.13319162552
42890403,34868.26720653626
48475602,26986.548331377933
42265403,29933.779964018286
42894203,24866.182041328393
41372003,45302.9434059137
44613001,31639.847846176257
49429400,21851.241341490007
49633400,73937.96049403248
48962801,61341.59660545694
42584003,49974.9378181683
46337201,30084.54806534057
47949202,58771.73776361934
45674601,38118.61506304228
49793000,18779.034303318775
48963802,62367.44101290827
41681603,46836.68656483696
41267800,33945.92718717376
42632003,67466.56240778073
41475000,62424.17242209944
43248800,49139.418202338755
44110201,85801.72035099086
49536001,32707.1372051906
44962402,21028.165943802873
41940203,61655.50463163316
42723200,65911.29519410817
49639600,74818.44363683272
41433802,49442.83803953577
48403201,32606.82967319424
47416200,55915.43495390228
47079602,77474.55491690816
46700200,117016.90891254219
45269201,58941.027468387576
44176400,35452.958404985475
46924600,33559.111094809414
41599800,78676.87609059151
45991601,36122.46851611436
41476002,53628.51055944457
42588403,40652.17202123039
42911400,58567.47830695555
47411600,94466.18169127943
48314602,38992.91034486402
43244802,92468.11891943004
44495601,18488.25013545605
48502600,33650.85488287819
45722200,90661.7822974737
49470400,51835.08396153175
46253802,64531.87486222946
44784002,21134.344752479854
49067602,65950.54568901035
43190603,30041.045155049476
41286400,94493.74505333955
47625402,56631.0878996128
47449002,52009.34207248945
44341402,55540.055224947864
48917600,55417.86882607865
41917403,36952.852231719415
47652401,26000.808002226673
47449801,50050.47608396034
48017202,30868.95093450897
46588800,63811.15736519954
44234203,29149.898346492773
45411203,38607.01448679566
45493800,90107.73494255943
45248600,57092.62700214325
44841203,26578.28769031373
46578202,78565.65316531865
43563200,85024.6548053924
46989202,50378.53634857663
45357002,45345.47764202862
46783200,25415.130591378882
45839802,39793.991989041075
48615001,60352.226708659146
41060803,60038.82214008066
44311600,98410.36291891168
46043600,31060.75428948238
43851403,33180.05747439901
41244603,38280.46066816678
48033001,54430.4902043077
41388402,34547.88812493828
48660602,59545.75508890956
45112603,74247.21687144562
41144602,61143.4845206061
45100401,61024.25440753174
47838200,67066.80687828727
47476001,52013.51867175495
49624601,71355.93167742701
44630401,37011.19647855868
45963002,44274.13700630214
45411002,32359.527961434345
45573603,33952.10416708504
47117201,31795.56198514052
44179003,29009.63035965419
43445803,68130.98473997318
49699401,20681.645903598634
49841402,38120.89092842981
45318402,41803.978382706235
48500802,39033.09080303561
47146000,42086.91562309224
46852602,50480.657284076755
44657402,38090.98601869012
40988000,43298.281843702294
45557400,92565.93103989889
47250600,60907.9455753974
45776803,39085.4358151489
43911003,47439.30238992716
45650400,53753.90497575808
44363202,25339.130595090683
49066000,33453.13372669909
47335401,41750.494620437676
44982402,55776.693957268435
41599402,36596.29265942831
41109202,48074.679967307486
41984802,53095.425588289305
47658600,22835.189053027687
45970401,93095.86840268265
42645402,82145.84546509621
49778000,53602.50942144776
49078402,33567.359857834184
47939402,34942.88038809464
47314402,48154.96566569095
49219400,53600.53554457065
41944002,26360.663423711936
42025803,48399.185821196545
45380801,25605.51057942397
48727602,62924.66774799424
41165203,51936.045878934165
45877602,36863.308407495926
44886400,31006.56059134149
44075600,28634.814725896853
41897803,11754.99333117636
45467000,57797.617018316436
45992201,40849.24121322266
43027402,41384.60326493466
44508401,38061.430237834684
49030000,88266.17654852012
49290200,65079.885911886515
46998201,56589.4969799173
48176802,70897.79774720575
43486203,61522.44987731996
43265803,51526.28675589393
43117000,53087.37079675472
44221201,32904.38515086253
41376802,31098.928233197905
44247602,84513.55496470923
46652402,48960.81256744619
41171800,104385.7711497042
46548600,80587.48228698214
42970203,32236.12186521513
45838601,26418.198930277867
48747802,79042.25837148103
49231800,64540.94536580185
45823202,28814.69148207781
41229202,36174.53798867522
45267402,33911.302287097424
42795403,42120.253484939596
42543002,78921.78026696114
44109202,97955.7887531363
46290602,49235.058172440535
48545200,92499.22118508731
45735200,45248.434825319426
41644003,96302.66237401054
45846603,77431.46437372666
47809002,105310.42386148515
43957202,25347.373038880134
41570200,31100.604022444095
45854602,29336.49236251792
43741400,55440.751130504585
41788602,40996.56269460499
43983001,25770.24733969067
44822403,108136.91571305803
41530602,54055.492860047896
42379200,53796.308806399495
43121002,40355.008769422726
44983001,45999.691369266904
42582603,41300.73742196322
48283801,44558.77108903869
44146203,57618.958181113005
49695600,31800.6809342291
49151600,53923.09780868773
46360800,86381.86942203627
42638400,27350.57450852482
44077002,68583.5771889969
49650000,33517.54299619524
43612200,45191.27374271556
48624202,36672.63560521827
41626200,33409.2054882553
44098000,35186.4619372485
49190401,68838.9645008447
45073802,65565.32146116783
47277200,52732.887611408645
41082603,96302.23809905359
42762200,27508.224629912722
42248003,41910.32953478451
44101801,84248.5803392244
46757402,33045.79612944779
46448400,63214.465744825146
42001002,46405.28332876862
43841203,60597.13070691025
49749800,84971.5848651411
43211000,60600.671040953544
44525001,47944.97259624138
43611402,29568.529360577028
48751202,55129.110871663244
44355802,61628.738700899135
44287602,82442.21277177188
46898202,51804.819678109605
45369400,29435.589016574835
41321803,27614.942546379905
45785601,61652.16454239478
42898800,51687.635113235716
49574001,81227.06652796353
41146200,23946.85154211652
46484002,68038.57685834933
44587000,101995.9708674599
48395600,40956.13737576362
42893402,30356.492132044084
46109000,85828.80735009469
42323800,36165.3511218268
43165003,65259.71721166309
47036802,38835.21367486889
46043602,73733.88118851966
42500203,37188.26967259311
43166203,36317.13513776194
46979402,40396.72454766299
44998400,28193.107507132234
44243401,33927.52874557982
45255602,67968.84352818165
45219603,59771.05152888381
48018802,53197.90443137968
48369600,47619.07186030618
43752600,38093.882810254276
44411402,21586.845411508162
42015402,54498.63877990258
48612402,48307.7417467529
48331001,57678.91134817332
41353002,38216.33093191443
43423202,37743.87194450209
40831200,37709.13065152979
48348001,74994.75686722193
41466600,42464.99674586228
47462001,57140.90887772961
47756402,95480.21231507687
49273400,23683.50073331879
47728402,78672.28745835299
47673801,52533.58585528929
47966200,23985.730501043836
40899803,48729.460488458484
45219402,48089.15258316577
47083200,74126.355710548
42420002,50667.83809875327
44811003,68328.43631417476
44576202,59188.194916717315
44721402,47536.64254820901
49976802,70395.65303696421
48795401,43010.51589263582
48446201,37482.340849681736
43576403,93819.40040533396
42434602,52629.37904801644
48972000,79313.69649774017
47933001,23599.85610660837
43218802,88181.33834465279
49244202,44412.98172746791
43290802,52438.40996762979
42883003,61209.63333084982
42965400,41399.72638592581
41978403,48414.98000452138
46984601,23964.431349565486
43885003,74191.14991274542
45455200,88282.83681318187
44145400,53788.33473014109
45109203,22707.34272266268
49800800,60672.80556962207
47839202,60461.76621315254
41321800,26730.77494244046
46510600,25055.214484572163
45771001,38831.015119812735
44412601,92960.25086539573
44814403,46844.10190218321
41949202,36282.721400683324
49534402,40658.27458932574
48312402,50679.45884727378
44273000,69041.32455217882
45233201,54268.41722442119
43343403,64473.53550648946
48304200,61795.67197465757
48704200,25004.651524664012
49317602,47087.537994397135
48410400,66213.51514116547
49314800,55760.950109837984
46686801,40221.808510818955
42071400,49482.82685037295
42087002,44433.69108726925
46823602,50924.38166556085
41891000,70503.33970035355
45144401,37967.63180327992
47598401,29846.186239079943
42260000,43538.32754472298
43370200,34383.48400086251
42167802,62245.127825643256
40902403,88020.57893698078
46645202,54882.716543968425
49241201,78294.38550478578
46692001,48246.60394746371
44920203,30163.729813461985
49256000,26563.73784797702
45710002,38685.99506403777
48012202,51342.3137536517
49542001,49262.8707680002
49278800,57394.51419465964
45792803,62592.43982704501
45772600,55349.10214900452
44741600,34059.282340595564
47553601,34157.85158403431
42183803,51404.844083994074
46905602,68669.18945638477
41613000,35512.913027184346
41367603,36810.452218920655
45581201,38506.86227043767
40889400,50251.241728887806
49159402,42091.21211019208
41681400,24583.139721331318
43297400,46711.557292497586
43615002,46874.44413842178
41851402,49220.68224608253
45501200,68116.29341007209
42039003,38054.891351639126
44071000,63740.37168797584
45923200,117213.26967730257
44885401,60268.10794591302
48797400,60341.92768232403
41134803,28626.357300798125
42514003,76615.2499682392
44820201,100958.01539425364
41793202,17482.43488764731
45270600,63491.10603308578
46756201,80906.03908603525
44539002,73212.01113778524
43869203,51767.70795077429
45207200,41632.34899281369
42747002,33872.990499476255
42178603,65210.11747649637
42860000,80027.05247483515
41011800,96900.47048272361
43340203,34111.303746905854
42589400,100724.68464195717
41957802,41980.74469599592
44183803,72470.38971101947
43747400,33944.59660962931
48685202,42558.8928006409
45223001,21444.539536771284
43928000,20683.216374534335
46148600,57391.69522013407
45115603,45209.87093946359
45336603,56432.33849100518
46061202,25767.392746647383
41866400,17680.294519692943
48205602,24204.943975059177
44040000,32283.948878976742
48599600,32069.82854072035
40854800,42061.03952713243
44784602,68119.01685653752
42110200,83116.47269680559
49938002,22527.630522517655
42403602,24641.156607656492
40812602,34163.802750342846
47841402,25857.04275406222
43895001,79103.52160907508
49315400,64657.30679165396
42281202,94418.1847083669
45999201,35900.34699640053
47967400,41235.33634535014
44390200,27270.145745112866
47239402,47126.42561847095
45675000,59851.34792291693
42930002,29843.474974066405
41025000,28188.873415088223
45780603,54466.689151338316
44789801,31387.01605038265
49932201,79667.27936601441
41249202,18294.886704598495
45709801,24916.797990680658
42264802,36807.90277290095
44266200,73442.43903896591
44508801,88403.53573626667
44901602,25231.68249787829
41249802,11502.310362425473
43541200,33720.035101770096
43449000,54293.48015323441
41332002,25916.51582080051
46589802,66474.90737743705
44285801,85817.34673331337
47028001,59600.95432326483
47021402,53236.881984019354
41672803,33685.73757136491
45130200,33171.0850346774
48315000,38158.698501447645
47016200,49497.16280395954
43339003,47184.35993359816
48511002,14737.278362042918
49460801,48891.84526081044
48207201,47755.04930189227
48791601,77188.18304415983
49856201,26252.54838966598
41669403,52751.30139530766
45085601,73399.32775640862
46770802,35831.86429530744
43468600,36640.46499667114
45688800,48170.69971914864
44416401,36677.82658674578
40829000,47855.50037107285
43317803,27420.42987358138
49291202,28957.802655636006
48130401,51918.59691304709
42610600,37554.99769099641
46938800,70688.868321187
48446401,19494.082223735568
43225200,8106.435142103495
42116800,63280.226122453074
45872202,57332.34940019761
46444800,31889.940343951544
48872201,48377.12909505244
45644403,61549.87668475423
49512401,66447.09773497104
48073800,46586.67899472217
47641201,74935.97823218598
46330200,61099.31509107342
45622001,16218.945095109906
49334601,121360.07175218182
42093000,111272.05569668463
42932800,59567.52886753255
44411603,34480.734549592285
44532403,54569.909190817736
41194200,34530.45319076752
45800001,52018.88095448942
41005600,31349.955031324957
49796201,66492.66140478471
45424201,60437.16345863664
44287001,73869.33299192095
44008403,71149.17349917063
43198603,41642.37594020454
45766202,52212.03235222292
45839602,84875.51851756609
49180402,70950.82311989224
44875203,77878.53906411075
41479003,59190.502532064595
47423601,42985.213260405886
44702003,69119.3157926878
44110801,44557.66662171567
49072801,23613.89814669499
48449001,52767.863270309026
48427802,40492.747964418304
43183600,61250.705575438784
41459003,76991.6240255892
48086400,103320.20971884683
41151602,73247.69052123625
43125600,81428.93727181847
42671600,44094.37601819178
45224201,48593.80840413452
47583601,74511.56928521393
44272001,42176.283487415254
49918601,43660.49172299584
46388401,78138.81711412747
48264800,79801.21065395485
41315600,32538.146456273593
40891002,54362.96014098672
41210202,22274.26175837427
49056002,52042.91489132075
41067802,71534.68338828928
43655400,32982.685348589046
45290400,47341.42068576241
41955000,51745.189769543416
48695200,36742.19427199805
48940601,59937.972186008694
46014202,24890.633990174494
43518600,86160.18130040553
48367402,77332.67628874198
45584400,41251.050964509544
48469001,34633.75380267062
49072401,65665.45387265654
46025202,36329.78204989065
41718800,28760.4044782939
42687602,33927.52874557982
41573600,26116.5505377659
44219401,32385.764702090055
45570201,104190.23034553924
41090200,48783.793982463016
42092800,54111.75352808126
47024801,69525.57805197872
41625203,49921.90279136655
49913000,39561.010536733884
41301002,22955.647417970496
45377202,82045.43355725303
49763001,49915.68185750123
46450601,66327.13471204064
45340403,38171.90833080339
47774400,42999.08335195268
49093801,21822.437882618346
42808203,46890.074488850536
43837202,57558.85151969601
44477403,68753.52296150794
47520802,33461.49338007324
41111403,23283.393341200048
41441400,25121.68223645031
43764603,84120.17829518775
46946402,55203.63626805446
44343400,65511.2795218368
42965802,57217.24147105236
42233800,63413.73270262581
42459802,36905.460346324195
49928201,74079.87186243953
45132203,55821.54888512999
44461601,90152.57112700806
45782200,57755.6876634872
46385201,64572.4622162517
43854602,35428.31115987127
46675002,26671.204300109544
44994203,44807.44147048435
48524401,31784.523027873132
41527203,46469.49357457853
46981802,46803.612178891504
43620402,71291.53624735844
44846400,37059.62179089542
43997003,36115.483350546085
49867400,45320.36023447714
44538601,46264.95589623685
41287203,34374.67075951563
48064001,64163.53665523108
46304401,66135.12526423902
40843002,51044.62316609053
46503800,37305.94009790524
45247401,12816.422787323827
48011801,29391.889533153342
48136801,31119.72402761606
45435801,30007.80078163892
46080200,51515.69429720278
45181602,29939.535557822746
49932002,78956.56522592375
43903800,27049.166039240095
42465003,41574.977516141866
41501003,48240.77517035523
48827001,73294.08495786539
41340402,37578.681000678305
44880803,20543.000651132294
42373602,61151.519585225135
42299603,66921.18810590771
41196400,29417.56249440342
48953202,55333.22632977455
41056000,66338.2559862396
48464801,30550.483351698444
42805003,63777.47179937201
41177002,38758.834755565804
46921001,41164.75256855221
43015203,49687.26695013285
49194802,20822.145530843067
42695403,28881.290124042578
42472402,119553.91463861667
43546002,41414.55496488309
45415201,59317.6691833362
49464000,74959.98356556807
47105002,32603.418638932177
47579201,79205.15038532067
44738800,102307.98502327836
41964803,32843.656690286945
43932402,43374.56136328262
42349203,117634.27997248282
45792402,37457.811835442
41138202,70052.58782396327
42215000,71196.04957359833
48977002,27920.19507404491
46278002,59336.65782758612
49272602,44644.77035528322
44374801,31618.924085202845
46374802,60051.97734656262
41496003,53395.96402255431
45880200,29088.98866306999
49774602,50862.763455466076
47978600,77636.654173535
48106202,32321.284161156378
49938600,96285.49598911172
49860000,49664.52775210241
48092600,30931.948344392003
45311603,101401.84003565853
47050000,48696.587363443585
44551402,33475.622118360945
46939000,109774.47620681362
45445802,33482.78832893744
42198802,89152.19507251689
46580400,58885.55017709514
47899801,30556.174832756762
42693000,64043.487463119185
49815001,33684.730665011695
44739600,55839.45613233642
41722202,35223.85486359469
47546600,75953.44186236551
47252400,69995.29432733745
42763802,42678.709531225235
43176003,41036.43064630802
45380202,22863.668419596033
42448800,37237.17169844346
48983801,91077.27180832047
41462400,45286.86913353796
41520800,53353.44480165324
48877202,29513.641480585487
41975203,62100.0423711534
48260600,53287.18053358353
45630402,77687.52903711796
48217201,118034.31218627912
43598403,29167.87431931094
42785400,70425.21595701961
49292200,30163.26205506744
44126800,64214.519881703665
45374600,29935.386336102005
44624400,52462.450108611636
49352600,73980.19029380855
42106802,42178.08369726427
45804601,98880.16426506123
46711001,44358.15298187063
47427800,47497.43207283627
46680401,49163.185970780934
48081002,60745.533820381235
49775401,38997.53765400736
43744200,37874.35094417959
49070601,44490.835295861
40953002,54342.03322557237
46740202,55752.77214014486
46936401,50146.65472824797
49602000,56476.58794407261
46274402,72219.63984631866
42767602,16587.600783988382
46801600,89864.01395344226
42270203,63402.00379988822
44410000,86965.09668166075
49431400,77050.49433489682
47311400,52152.86764071467
44609203,46794.07271447276
41497003,38583.013855419355
48127002,32955.60625396278
42801002,75302.13521937601
49135200,52811.8079600373
48685201,62568.85090840302
46240801,72673.00222382984
43929202,42096.62430166511
48696401,30028.96942722464
43536600,39844.032845445865
48714401,52252.66427448021
44064002,63898.00756506573
41296803,30099.942700216212
48137400,66735.66951732933
44265202,31756.866980516672
49917400,84052.38259285454
48787600,65630.0996059384
49124200,54072.453656793456
44636801,23423.961066003132
47372802,38217.54847406092
44692603,26429.924042781946
47172602,60949.30708942936
41967403,70033.61168462555
49244402,68936.42856110871
46319402,39077.846443579474
48968201,44532.4118937437
48186400,35233.42949390165
45708000,14080.657650887217
49034802,36537.71245270637
42201403,60300.35106936288
43082400,32362.730378906344
45859400,98787.33778046764
47089802,50012.70136939995
40863002,32283.105669354038
47886200,45953.070754772045
42123802,35717.47742226256
42235603,92937.36954632163
47089400,43481.86234032088
41073403,35787.25148617036
47246202,41688.17348101161
48091200,32258.010267960723
45145803,52669.38705915713
49531600,31467.634521289787
47579002,79935.3263141173
42384403,87155.27517116664
44686203,75441.71586896076
41391202,37582.928573335346
47147802,98984.73402440261
44817000,69000.41310998524
46420600,18155.73012907507
41565200,20404.064161363814
40994002,31160.315014566077
45718000,78294.37820671654
47620401,43759.784677631134
47529600,44775.02634878855
47150202,28279.90326194068
41379202,17539.885944686896
42624802,24219.951204678087
48201602,31340.408073421742
47619801,106067.28226484159
41722203,35223.85486359469
43750200,47842.638152087166
44666200,43826.46308888217
47615000,41328.31981404388
41018202,22308.097360851498
45104003,75002.28785454597
49257002,59590.26334295692
44122400,52099.205908805605
42551602,77615.52714247126
44433002,32528.65489404073
43010002,47395.276964933786
45134403,27452.857605444056
47713401,67949.98259847554
41494602,46261.93536357392
43631600,37859.31752757874
47484000,59167.32939912489
43816800,49013.22470371739
41791800,46841.16182236531
46792202,58596.52241601722
43879000,35821.04292854673
46396800,80474.59329859412
45581603,58515.36692369156
48576001,58918.64661787329
49319800,51024.27082690739
44502601,33856.49738547965
43622803,38349.11597745996
46593800,36228.85532574689
49738000,37334.465103362985
44212800,49819.41086969374
46314202,63653.02772320373
44723603,83981.70970884548
44033401,96344.94327145409
44130000,22216.811694925564
45252401,43814.38831126311
42158200,62611.35377703847
45096003,22768.896830078476
49729802,45379.27025386806
42219602,52814.53385601145
42594803,67764.35327598319
44715402,68563.62953901476
47378801,37986.42253339449
42940802,35799.88477589041
45804203,27783.514399722102
48251402,79965.32182579955
42723600,46939.29989081292
45890600,60637.45703476974
46272000,65797.20360718224
48219601,54409.921686347836
42314603,51175.45520618648
45837203,96387.6013868823
49391800,63102.697751436106
47654001,37032.5205791055
40889603,27399.102324187006
46044200,47313.255076687725
42869802,57256.50564275973
45112800,43081.12640789969
48185800,56093.3901678059
45591801,44378.94656844562
42208200,50925.96369796603
42542802,105274.40284461716
41965403,38010.518116454536
49403400,39105.021292559235
44407802,71758.34008046001
47821202,72593.10270255583
44092403,94540.22987004992
44018203,68425.08214924141
43300000,59065.19700669868
43320203,56774.14788870451
49480800,39916.89766143045
48562802,92772.62280525586
48102800,44743.556223638676
47791800,29627.515423783763
41919202,58178.53127898491
48020400,18275.40459285582
46960000,35441.771466175924
46395200,37505.093271983395
45682801,29625.857160786443
45597003,17650.345227945007
47910000,35459.44349910514
46826001,60787.508279189504
45738600,65800.25311535533
47537002,53648.89090647301
41865202,35908.2113760165
46162401,26227.631049749638
49219600,32788.75323313753
45491201,38211.77418616394
41912400,46860.179431748926
46497002,48856.99666625717
44836202,105516.63153229284
43673800,48758.879094832344
42899400,96811.0883690936
41075200,55931.70610884861
44857601,49903.900524435914
49535602,57252.17345953723
45441601,72773.39138710542
43277402,57449.10507758472
49052202,48198.751130467004
45760600,14071.30322550598
44328403,40435.52812079259
46849202,39137.464709037624
41491603,35196.15109704976
47784402,36496.530314984164
44711601,22054.588175456563
41351400,19408.075419862253
49950602,87857.35244250571
42670202,19774.525125660577
41746200,41874.81583554424
45832003,33064.68270193645
43662402,73191.49477701681
48706601,52195.860025445916
43795603,89460.01821231254
42709203,43714.17621057712
46082401,45045.28070581378
47781602,48109.339853921425
48463001,40872.5519158294
49460601,50832.14276360358
49268202,31427.799600323713
45433803,46501.20314369111
41678803,53965.43974033634
47385201,58323.96669659684
46353400,61112.324873704994
49485402,71737.20362270267
46042800,55838.43266125268
49950200,83749.44751760436
42664400,30890.207588455698
45692001,36052.04156512943
46078600,102922.7861821891
46240400,93842.12227565955
45330400,43011.950607903236
49786400,71514.64706036837
43832203,41585.44914305654
48324800,56238.43978866692
41955203,59250.348042956466
44112403,46045.828452427166
44208801,32527.989547656725
46796802,26683.974178811273
45154203,72803.78907258718
45166201,64704.93714875138
45120003,57643.373857421146
41479402,45526.503176634404
42001800,81489.47482553583
44235400,43847.54188581699
41987202,90827.95404165308
43179202,64305.78104267097
47564000,65524.48232033672
44369600,41382.340725342736
41769003,55909.056136233725
49081401,55445.96220471066
46982000,37093.9334310336
44953003,77787.53241684257
44844403,63998.84667927562
47951401,64958.19188100454
44833200,49958.66073054001
41227602,13389.321946484328
49185202,42633.67457908939
45569803,28244.41983122605
41598803,71023.67868119355
44450803,45850.49970137328
45227403,26904.033968419375
41295200,25058.232243066566
42071600,61081.40101426947
47644202,22404.26270990746
43722202,46458.32206254734
42151200,65545.52929707292
47632401,63505.81983704632
46120000,20812.15843474381
43386400,84926.96091174701
46757001,50449.06446003789
41702000,27122.272737122265
44794602,26626.41328092693
44287401,48675.688706142806
46139402,93045.82826666642
49468202,33477.0984999091
44893800,31296.39061830452
46911202,54407.47667053611
44074800,46879.02332283191
42392800,72843.51416864031
42201802,67027.18836850199
44135803,27343.91946871604
43722203,73249.55031918835
43413003,57495.166805953835
48285000,83721.73060572952
44118403,66880.0785190846
41325400,18185.707581586663
45431000,37135.42477817816
45109401,29287.33393453715
45497203,43997.19400409748
48470202,64007.07872922566
44342202,51517.4537191846
46757201,32358.21075374243
44068203,29295.84723744999
48547402,36910.07032010668
46384601,103204.62541619608
41088200,55730.02304578844
43528400,72043.43763519825
45500603,63083.88203388027
47160202,79907.88175051243
48836801,54933.35862433781
41100202,71066.17703169907
48151200,47824.95440801759
43683800,34567.086339612055
43714200,80902.76244259079
47681400,37344.069277377064
45292400,43802.044210513464
47270602,43232.22641104991
44994401,76769.58275138045
49684202,31350.446380330468
46011201,43318.69693016057
45340401,32966.91661774347
41876203,41931.332160622434
40966003,37247.21057572828
45430200,119996.73247243353
45402002,26025.957782667974
45250800,80088.42529723175
47648400,91331.57970637191
49562002,29060.24770913839
47095001,48844.47953206337
46998000,69426.0176771458
49402200,51830.47202425664
44879400,27818.441365602826
46159601,29554.7226124889
49091400,32710.093178777635
46558401,31891.130993823564
43304803,28202.919260878596
46634202,39638.4297667472
46635401,33145.27317626287
44344201,103925.31756741527
48600001,74670.70909969797
41927603,20598.321364663832
41829600,44990.90864329901
45920400,48252.73941888877
42053000,79064.78510327103
49016202,22481.303252507467
47493800,52409.732376482
47528600,45464.34808090758
45658000,50169.50103552414
42619000,40179.35441151076
47080402,62530.550006340156
45837202,45408.02118580236
45560203,63609.961966996154
46892201,56665.706605407046
41895600,33992.68636658753
43890600,40792.82695668265
45347602,60088.37730593353
44540803,48602.16349602779
45951200,21759.67264563362
42942603,40607.896761787546
49033801,38508.43959439184
41963603,25945.298058099295
49877601,59298.663278452615
43583600,43520.397284392515
42427602,57480.68590424245
42085603,25592.213794481264
42450800,62064.414795880795
43107403,20848.724876057087
45727802,33564.99326416483
44124001,41956.63231109949
45365002,44314.37205778387
49268001,74302.82845266319
49832602,46220.55835109765
45112403,29114.66891960865
48540400,41602.601822800076
49420602,94873.12818594274
40841000,63488.314892018025
46785002,26352.62558405788
41420800,43531.49074750557
43865402,44562.731348254616
43016200,53403.257104498014
44550401,27476.897727654177
44599203,52906.686735030424
48304802,57932.18873462219
45805802,89052.84284702374
45995401,65397.74671288369
41083200,27399.74233237998
45337202,44105.439134884466
44127400,62705.70949999845
45748202,41519.45419997654
43070402,22949.924803343783
49199600,40503.20522868556
46345800,68022.34079659643
48743001,61557.01507680873
47955402,59600.07006618595
44264202,47952.77910616374
49582601,57536.62025697917
43259203,41202.695839339445
47470000,48594.805412570044
42353003,53361.84334960312
47475201,72723.6739722557
49725802,32197.75481453994
42619400,50782.43495483056
46386600,35531.19055579003
42900802,59290.7613357963
41041002,72221.52802339861
49983000,75162.38112201676
43455602,26352.62560049112
49623001,19406.103626572214
41660202,27400.118354652164
42003603,24387.04664001731
42773802,79138.36324323845
44172401,61035.47832554925
48305602,53611.00589874984
44913801,65422.36182342182
48250201,49311.11950796814
43881800,59027.659220569956
46143001,48974.64592822424
49065202,24305.417764744554
45600401,48547.49560468067
45189001,24694.925648113283
49752600,46584.83566798036
48875202,57010.43628952107
42691800,43896.33894002974
42038200,68696.87589974808
48728602,51967.98225401988
45533600,36592.18741117542
47290000,27512.899211008465
45575403,75729.55271630721
47508600,22613.745020554605
48497000,44108.85981391336
44460400,75538.67276744818
49936202,58330.26988755111
42179203,60417.8794853548
41232802,25850.984240634672
44940803,59590.32402513668
49689400,33338.81179754068
49882801,17903.75795816356
44262803,27960.15857658287
47143002,27021.62871129009
47214802,98798.5389577002
42824602,48315.739172174064
41131603,50571.79547984748
44254002,89708.48019579003
40800803,69536.58287916865
45419203,36195.11418310549
44775402,56131.64836522388
48499401,39007.803811336285
49590201,60287.024656113455
45478202,24272.24272962105
42956802,23564.355106050614
42927200,23722.764911171085
43334202,51164.15807919648
43517602,67253.47983904829
47441401,54820.46954284471
43339403,49105.85769359361
46917802,91777.51474309352
44126003,32997.3250897954
43427202,51562.56611531557
44814200,28858.768031427033
44686801,64336.45048297864
48515802,28629.692468756402
40843200,28166.704287118766
40887003,52392.33665060544
42665003,18361.660448835777
44290002,86272.2035616072
46730802,39022.41388201894
45717403,58092.16134237339
49204800,32479.668848294117
47981800,88165.9036663456
46224400,35114.40510822096
42820000,27487.902020679474
45771600,38163.4491141642
46444401,30747.842832210416
44739400,59611.729828696945
48752400,48787.507953456676
44929802,37849.81194585773
41228002,40851.47287964824
46579801,62067.453672708885
41867602,16737.13582114125
41531603,43052.50383966615
46516801,69791.29147701143
46985800,31455.56265183111
44072400,25755.798438017897
43870200,69823.33662683504
41277002,37664.62481688753
48336002,52346.26839483336
48854400,46053.50274942296
42402000,43891.01929741383
44005003,32174.79048100386
42542803,34309.214248214914
41074802,30726.60100601326
48483201,62664.34978918089
46952801,78582.3969464182
44509002,20464.029540634932
47802202,73314.599256922
46821602,27092.541404366646
49048402,31614.446597686183
47781601,41920.27891765989
41342203,23005.358126700623
46168000,35009.18530982254
46018402,39229.57504741204
43178802,99884.47877420772
41493003,37678.27445895779
40998802,32269.11295848099
46174802,42719.09666518389
49094800,56195.88136978026
43383400,80402.24768610476
44831403,76909.58255131656
42210002,22333.478342885566
48516602,47718.83761275206
45522801,89428.36917417127
44722201,52193.75862800009
49006200,44193.643160968204
43771403,58149.022161688736
48951201,59781.410649696685
47746401,72390.16636769487
44482003,67794.9738886944
45616603,39247.03695899972
47032401,54268.82434583163
45661603,40321.823652152976
48576601,19701.380256467914
45025001,28910.96522502572
45740601,62639.722286207245
46247402,76443.03579419304
46096602,54224.152889662604
43523200,74145.13372677744
45050402,35968.19909957795
43180200,62124.805253737795
42544603,42521.42152920474
41805400,43172.10195467022
45817201,111166.31152440251
45459803,21840.310551236696
44847001,31073.444273170353
42732400,62429.30340244506
46410802,51727.55620361999
43865403,44562.731348254616
49890601,74754.43167575097
44225802,58194.75189450962
48343801,37467.36984791885
46013402,55380.09380561951
44067202,56593.71451923658
43269603,49291.45224040958
44665201,47586.732405802395
46982202,47764.04834261285
49530800,18665.26322098726
49639802,26730.786520078727
42176200,32156.080921727793
47043001,41179.05336436594
42342600,42518.02711797369
42306603,23518.06692223582
45391403,31967.31622837118
45148602,45637.74759004663
46371801,28466.01948159869
41993403,39538.83031742996
43502200,73764.08906661156
48844801,32734.522101598384
46634802,127890.24360345802
49063801,53144.97818673788
47338801,48766.281891531224
49145200,33886.18552097769
43789002,32030.625173015556
48576401,47279.00061198982
43935600,67679.54814915884
49254401,52092.58359893449
41202800,43177.74618377717
44275803,22319.963623350486
44661401,24124.7387865153
42680603,29770.133544894998
44521401,52704.30766939258
44075402,13438.75507398785
42918800,77781.22545745646
44731203,43557.4950453377
48893200,58361.2574340977
41386003,35349.37044972377
43884401,42758.620055465915
47687802,28285.88066636699
46857400,55754.3676904809
46671401,96129.1632096854
47205800,63446.27153293823
42304403,49415.475464908035
48181800,60816.7321182812
42301803,67473.19415308963
44095401,43998.672659893135
44551002,82617.25175759102
41254002,37533.7414584685
45157200,46266.30601900966
49028400,46281.75978286612
43779403,34879.25856843474
49620802,42203.95484275355
44322801,47905.96305355469
49750800,39094.518722862835
46962000,59205.375680812605
42911802,50882.75100809741
45584001,46559.18351063452
41329400,38041.07394355837
41591800,84133.64928996762
44839002,87853.53174541725
41017202,24871.08014997671
45698401,32178.86755593896
46605602,92746.12973892059
47147600,31512.451747367246
40875000,44453.44256866824
41903800,63178.26626198941
45566602,46369.745443843014
48100002,78853.4656483606
45035402,61341.12373291666
42473603,36849.6323663977
48448601,45964.188832497064
46788802,37304.13322949785
44897203,42955.48510397349
42032803,52121.56767705002
45236602,53676.75085993513
44215201,59505.8081072186
46371601,66310.75208113222
49147401,81998.53110189091
41344602,29262.710272719276
46485600,47844.273129512
44659001,30291.658284451332
45957601,18799.169810660656
43573400,113432.72400293802
42014803,71971.83319531527
43857600,55451.07517291959
41579203,70725.14111599236
42898403,77017.37427779748
43651402,44968.538749960215
45887401,34098.93171203912
43983201,83767.90374046164
48656401,38804.64699355111
49918802,65883.94830119966
42333602,53793.59386140142
40805602,70257.62988571478
42423003,53578.84500539307
41325202,19069.875185526107
43344400,48728.351603147836
48174400,43741.79808023987
47743800,39496.253261035905
47100402,33315.80112188794
45486002,42334.09548753336
41499602,57030.63898843918
45859802,43240.2641518879
42875002,76390.66549758778
41680603,27011.76946669141
45773002,49763.95413730771
42608400,47742.027068369556
47454401,38992.688998370664
45580600,54181.93375805576
44711202,57356.09999905026
48507601,52963.828471452114
45138602,39542.6881284205
47042001,63332.88932232626
43832202,26607.321488492853
42869402,28794.764134501143
48990602,62680.70739434527
49109201,21139.044106641377
41208202,9430.07489101903
45148401,33349.35292761198
41059800,31062.968940458806
44202003,35541.63563718433
49507000,63983.88684583572
43853403,44960.31458291567
41427600,39806.84077169244
45674602,47809.228618013396
41815400,56625.626235835676
41619002,37472.9122567584
43372203,49764.24968860358
46505202,47801.823325099635
46795602,33997.91650622351
49868602,63315.19563351579
46565002,44988.88398186509
46648602,55023.285839871736
46423201,36828.659414332375
45984202,25907.987248350437
43998200,34874.46384604124
43810003,69354.14199602188
48171401,49647.61391339317
44313001,26533.93553537502
44142601,40645.80843160383
49793200,49908.004462842764
44745003,68382.18238165144
42599803,65800.26422036986
48194602,32243.00781384504
41239402,37829.684855406456
40813402,77888.01821988689
45301803,72923.73474034225
42731800,64662.67363595156
49095201,54908.89224480227
46974402,38555.13401270884
47600000,88872.22050782382
44292201,43358.47249817214
48968200,47269.08919043079
41462203,89370.46128881216
44550200,105850.35327731233
45761600,42844.14765157054
44167803,39272.1726237336
42259002,65723.28026716836
49962401,28985.02816586424
44253602,58242.39908717545
46588602,52538.26349160818
44740603,33130.85825104823
46169600,53059.70630445833
44288803,37068.49026151913
48194000,55704.32204316327
41488603,61899.15126066842
47923402,36843.873002126755
44987602,32370.58001001134
48006400,54685.926084026185
49705602,55750.75465565987
45087802,54000.81600290151
47983001,59742.95535067002
44520000,24401.698357793983
46731001,34236.78831018986
45403601,91768.56330373578
47064202,25561.122954045866
42474802,48987.058823331376
48867602,79584.38093714275
41209600,34938.22394670486
41880403,35231.29631186924
43996002,37173.011592520954
42328803,40303.79489583403
47862000,59520.1509847263
48062402,57445.74364928024
49969801,36893.25487577636
41070602,31722.55333114082
41925003,39794.00787018332
49756402,54598.904288304686
46780601,29808.91221609438
45563000,31830.419031132522
48998200,37362.08154846469
44878800,27727.584827355386
46941602,29390.343212901214
48126202,45288.54995721674
47659402,77237.39279826853
44712403,54002.55223350193
47812801,24690.68675440042
45254800,55363.7414738087
48260601,91450.28880276669
44445803,36650.8440047228
45165802,57202.47915842287
44471803,56678.89681599647
41856602,40413.02326813305
49112801,51752.00592879894
41638602,30621.387883810014
45801801,74126.71018201785
44557400,35766.879699213256
43684603,69115.57033774714
46525000,56863.31868674205
44524202,64595.06023156396
46141400,63039.57567868945
49533000,51933.58963823717
42636603,35191.87328995934
43012402,48967.36612383665
47493801,65061.91433031644
49382801,48125.7255991667
43824203,38805.85537084306
42373203,40242.09982942045
48883200,61524.31982008248
44471600,40630.33436453278
41590600,87309.57182303924
47056002,72680.64176614053
42436002,51252.07257239583
48786200,89478.57864549587
49219800,27474.78459354733
44066203,81177.43644084947
43338202,34269.22881376
49727802,26148.459567415855
45544803,22034.39496413355
44895401,67347.01546670923
47172201,30618.705679153165
44780001,57195.695149410865
42576203,43940.85906730378
48261600,61990.5743979327
46358200,46096.0741611205
46884002,85823.32663229886
43104603,52507.20868062154
48755402,70846.14774215882
44895601,34106.404200380464
49729400,55022.97843402122
41626600,85924.12801010511
45416003,92314.34577375598
49169602,89059.92368316947
49814201,48623.21278529242
45860003,40534.05384120827
44719000,56260.47478254526
47455400,39224.57388822215
44171001,56664.67323780455
44595600,60791.3553858716
49536401,40805.30896406436
47378000,21918.454026405918
49970001,92993.03529662348
49896600,45439.15099935616
44131400,65810.2639286681
44303403,26524.64781959175
45184800,82001.2862992992
43239402,56873.3169972694
49628602,46350.370757638535
48479401,25614.31210167775
44146200,74836.77963397409
48505201,32573.692925455616
44935600,58700.88363688577
45160002,71383.62611609804
48995602,25282.162774802848
42471002,25482.298182258077
49693600,68408.03140240267
41529600,62460.44915920224
46047800,27099.463166229063
45051200,99062.58036756759
42690400,52890.372378083135
42978403,45231.7856105558
45407000,76780.04222732471
47937202,59634.28865890827
44176803,54124.31414838697
43742200,51584.22752353056
45634601,85389.71433662111
44824201,52883.351802661666
45548400,56914.700369836755
46508001,85479.18503766206
45957402,44339.45786810189
41452603,31531.20352767018
47357400,20439.14823708131
45554203,56238.14497524535
41564603,44852.72130853571
49731601,63227.85970474721
44881603,50529.87234146193
44504600,57412.22970198798
41057400,40425.612036674385
46471802,57221.43589044631
46553600,36402.48255050201
44671600,27519.735242161165
42672402,57090.51184210155
46108202,40668.162186852256
43843003,50277.43447057363
49366802,56801.13937112082
45303800,29469.30989207203
46044600,25333.880673935644
47418401,26062.750683009654
40981202,37377.73532213315
46294200,68379.22990837932
45855402,45656.70127387243
46590802,56953.16196864107
46317001,37841.03093603678
43227403,60150.35013758054
45756400,29921.12113931214
47143800,41561.51434132415
45469000,50107.4587149819
41276202,38557.83502640668
41574402,26949.646111931608
48268000,72171.62493987996
44479403,35985.02969242363
45132601,51437.47474625177
48131400,27362.11468003234
46937202,25342.81267526134
43636800,55595.727270648415
42115803,43823.54475130943
48301400,69555.48141568874
42411003,57459.291685542536
47332402,15367.199513883439
42689003,41957.27816192876
48076201,53382.356797971035
45613602,40083.99940466241
43241000,62606.1491222404
49863401,55146.5161172592
43865600,19045.64747282164
43784402,43270.23103536268
46099000,46408.01949546821
49117402,42644.8711763601
46188801,47672.93406128307
48847001,36302.96746412195
43418000,85636.38184932632
48419802,47663.29772972843
41470000,62741.05074042586
43218602,39058.020202137785
49987801,75345.97587402709
46007401,31559.869153684747
46261001,63146.8771054926
46467002,36576.13128951087
42348000,66987.4296611784
41873600,96730.9975153672
48322602,63091.50996280647
44121603,92098.18395921073
45519801,67793.55890058095
42269803,39736.40605850371
49404002,46007.61090940137
49804002,69980.09518167099
43005203,64142.15512335432
43172600,49816.135915862484
45579801,74350.12664181113
48090402,45879.95928593351
43538003,97089.66795937807
42904402,75275.17250254731
48145601,93834.83406474741
41616602,56794.40709075851
47845201,23074.09044972033
49196602,19660.673899856025
46145601,96427.9008828963
42345003,27176.797436189445
45154401,43206.388061826925
45351602,44604.84743007938
45565600,79501.16612933707
44717602,103983.58521699414
47794802,28603.801958041542
46599800,48139.224497495314
46188401,57392.92110098706
46867601,69593.97288492387
41403203,52740.56259449287
44688601,46294.84695206917
46954602,62864.31252699085
45479802,59412.42429636698
43377000,44371.17741244816
42193803,56483.288618714236
44919000,41139.972864211726
43330000,46220.04546338377
49618200,47588.32723427148
41053803,55930.711322405696
49629400,40963.35007853351
44264800,38524.01897329642
41349802,19289.89433335496
45154403,27024.679353816784
43836802,26215.7730388095
43083002,63147.91889130364
42621403,28713.684546793767
42737600,25937.842706560317
48708002,76962.21271055713
46447802,27968.743669813462
45756800,19067.3110262555
45298400,11587.068994376408
49259801,62583.10696700743
49456202,89879.35867117981
46571601,44743.00215849513
47157802,47521.852126643425
44746601,45394.0595966854
44681601,30445.86643235005
41841403,38189.32381160146
46042601,60777.264390112934
42186803,35789.121152038875
41000000,87606.60532362925
43078802,43298.38068675884
41836803,23568.0355221855
49053002,71004.82651747082
49337800,41198.82916926354
46053201,68214.19621149403
42911602,63877.933339081355
41304400,27957.80695899162
45444802,42666.70920923875
44773603,31249.447581236614
49639002,41139.29822479468
48578802,35646.961549096464
45595602,39605.82208778453
47903202,93722.24048099766
46300001,15779.828265665732
43870603,33810.58921105655
44647600,46499.71675373966
44665003,66327.54186034348
43336603,93924.89849861905
47838401,52643.776471366305
41572803,30593.96658005137
45774401,40497.93311221214
41194203,61718.18350434537
43380003,45406.241262265605
46538000,27899.298718096026
48825002,15834.834481063524
41808800,59189.97744668781
42305800,52872.73015851289
44868201,35479.61431560031
42010602,48229.52893875562
46673401,43687.569832007735
46384002,49992.85074221586
44860600,69201.96363006515
46234602,38912.734178726976
41224003,36516.89293876677
43360003,29434.363775048427
47046002,34509.47952671492
42003002,25557.43748525352
47236001,71051.56302325078
48648602,85747.21041061112
46934602,26169.530789873126
47839600,24555.091839053224
41448800,31788.53853990566
45723001,51936.09305696255
45616803,64576.806303978665
45174602,71661.52660941929
41392802,58091.79893180946
47779202,65375.982065313336
42968000,50297.60504857433
46661800,48279.04993859459
46211600,23671.586898273003
43640802,38953.45827994724
49309202,41158.44325444773
48611001,37921.384810623786
47823400,41283.780235366656
45249800,35902.422027149965
44883602,60988.23053134061
41368003,20414.9847309475
42797400,56860.58194597199
47545800,56901.062484451075
49546600,68296.3046861286
41928403,34669.64773354354
43443802,52627.88073417832
46624801,25137.78651017345
48200601,22225.64030705065
49274602,44365.48536276219
46391400,26507.394962382663
49276802,59735.42187150476
44843600,76900.46544411876
45477800,50891.06063575785
44527401,55138.277758889606
47636602,32604.664531544615
46190201,45277.459497358606
48484400,96505.60299715612
45860400,94193.85808526727
42350203,54080.68426858147
48844600,29568.819234479815
46830201,56437.07423235696
45796003,63328.519533436076
44554003,31634.20863322605
49858001,39869.938928459946
41236803,33993.07927890198
46468200,26104.08724093919
49502002,22143.16973468408
44767603,30507.178865414164
48826601,41879.96565168355
43432602,40855.93976791506
46961801,30773.199550765203
43026603,80735.37659254415
43952003,57767.32259711066
48197401,36735.58159335718
40840802,52982.72073181917
41762800,73259.81193896633
42061000,43465.87053885247
42402603,60446.42860349604
49285800,61680.54131987597
42341600,87759.24858201137
48083802,68924.91622615185
49911202,63873.579425074735
41478200,43900.74092003338
45482001,85029.03809084374
48133401,32269.220089186965
49906801,70007.04493402755
42846200,43586.20743045228
46323200,66387.7767448338
43378200,45600.206128827456
46877400,120830.42071929002
44165802,49748.867020490274
43580002,55389.913157775496
46801001,32001.19000569873
45569401,14374.09714330038
44743801,67214.879134314
46643801,36055.55711858872
45586200,35614.41820399522
49547802,41708.136752914754
47583402,34302.78280839007
41795002,55584.55469902104
42597402,61652.53985042822
42193400,64867.19628277398
45150801,53880.017541798166
46728601,53564.62112041215
40998002,34748.69422929911
43416202,89611.6097747876
41259602,26287.36323380872
47173801,60213.009882906954
45347200,42074.6163305276
46665800,90440.54974242524
44134001,35705.705173376504
41457003,61337.213542855156
44386802,63544.50315918799
47481201,52180.57566845362
44562802,60816.58071922915
49725800,80489.18022366877
47508200,72483.67067130712
40915602,28672.015516068037
45768401,54658.81227185042
44928202,29335.216451482236
42555603,53535.36896697011
45859200,83938.28697576365
48764002,59620.14658056575
44666600,59652.826919520754
41972200,18256.9675279844
43124203,30062.021606884606
44891202,37710.23553195244
46817401,80951.75326651432
45891401,48791.78799534976
44951802,71809.64465831079
48101202,55240.49672747028
45722602,59840.82069440133
49252401,83898.83064500536
45051802,34425.16038533862
40955000,87311.3877729059
44298002,48533.7101717396
42664403,21279.15236476477
48635400,37028.80001674464
45897602,75293.96696237639
41863403,21727.02964298601
44589600,57399.217995718354
46972200,41439.25687436093
45789200,57217.0613298486
47123401,64611.22958149046
42675400,31502.69445367519
47903201,91307.34306431026
46115600,65313.24525569479
42368202,16546.673262740827
48476402,114674.28878383663
44406800,50465.45634714972
48074002,25263.85305357832
45428400,53427.095556842105
48925201,41997.12766257206
45802403,63294.60624526467
47142400,83395.94719558253
44726202,64261.76049851287
47422000,42344.72372793134
47588601,88078.09686944123
42668800,22861.985890865086
43922402,45812.638266210066
41218802,34182.74768702377
43593202,61576.09755889026
41293602,33883.41342508789
46695002,60044.82192975863
49951600,26637.619241989167
47856800,52354.09722142399
44693803,25704.42526104844
45302000,79474.68837008093
41841202,57897.32071196794
48685001,35241.956958563
49025801,73237.31991936392
41695200,38031.64936669814
49656401,99488.52270180559
42726403,87454.66399520557
41918602,30110.823919434668
42989000,33224.37655787647
49688202,56895.13678461809
49294601,47770.67011008949
46747602,30258.133910694676
46787401,47291.28355899437
44995000,59116.661011423785
42403202,80902.6394555085
42043402,52355.589273592224
46086000,41795.39415958137
49611200,40647.974229994186
47517401,58435.91341142727
49150401,49952.15719809907
45187600,21605.106567274262
46092801,39600.547967864724
45323003,101099.04748254383
43654803,73231.30592689285
47264402,45685.233234112355
44695003,61612.17261815244
48918801,29320.746114049274
48285801,25564.76253857788
48950001,83139.93696241025
46281001,58193.84550916009
45269803,68277.37544484402
45746200,60681.32603962731
46007600,42870.85890926729
47988602,32665.362198293333
40819802,49845.92567092889
41847402,47268.34647575318
41683600,62496.92749514708
47822202,26260.816458816444
47980801,74865.35227996566
48855200,45373.16414462302
49913800,49021.48839171816
40965403,37747.07459400322
49477801,63433.757499034924
45662001,35772.3687765685
43985600,108725.42134009619
43893201,68782.0386085186
44732201,46973.63464305723
44032202,41716.301259744854
40841003,36716.49896087878
43679200,36330.3581468247
44141401,86950.57225072887
46878202,72374.89613087337
45106600,21782.4397529298
42920603,89063.32319255764
42760802,45364.37862941907
42140002,63983.525759573684
42714202,47080.34875240992
41647200,81051.82955692726
41599000,29853.664036373266
47876800,80051.41538237491
49495202,52222.289282318074
49942602,74455.43180022272
43071802,27284.312029675697
48752201,84747.43159956692
44100000,72265.86455388623
47445800,106698.11082526424
48820401,73683.83165572942
46635402,60948.53850392727
41961802,75210.09875991628
49314000,74655.36800152864
49113202,47631.16903154484
42598203,52196.45560645459
40928600,81488.19672040862
49651601,76114.46677296869
45866000,41681.673034933905
43551603,78315.9112693216
47340601,56686.28626961691
45355001,23520.99579942952
49981002,39347.88578944917
47552001,45688.20338016738
47061002,74419.81297762872
44706402,48010.55072950051
45657200,65227.06932956792
49071202,75948.43986388372
46276202,55848.92620641265
45369402,42339.31095041403
48958800,27374.816684746824
44425202,41635.4293187939
45166801,49393.06332134921
46343802,34551.92614755037
45376203,32867.2309588393
41016803,53995.59628196304
41475002,69863.35559232665
47098200,63091.63567646758
45529803,66805.78420071614
45250600,43449.33131011534
48485600,74236.82984702814
43372802,69444.4189440557
45804402,26075.798066812167
40859000,45166.937758434586
45992202,93535.35298496764
48346001,37202.33264673152
46995201,107460.62606449067
48464402,41959.714617732665
46839202,113667.90062760276
41194403,48635.31708947517
48344200,62066.89408174408
45165803,78464.77095884513
43936803,67251.61581385204
43580402,44817.821955298365
44598202,49848.90519697775
44948803,56914.41471735389
41151002,51681.499767701855
45181600,64255.136901894635
48369401,43129.09426985971
42180602,94513.89618825755
44324600,46616.79872275371
43686802,72771.9066280284
47861002,45306.23883550453
42186200,45614.39483318414
44742603,24082.34624341764
41244003,26330.75807658222
44320203,61145.849139608246
44137002,37052.27689186052
49011401,53766.29034891898
47578601,50760.116568862635
43755400,39860.599250639396
48781200,66920.5488745624
44141803,29666.54541919457
43379803,57564.54272980926
46581400,39919.37678199493
43091002,72801.93878128003
43883601,81639.22179032821
45239603,47681.006983138985
47486401,25651.640891988915
47541602,37964.910368935685
49227600,29786.602851020274
44943603,50528.8936673047
46379400,27362.537671519633
44082800,89996.39475328768
41258602,16776.467667769233
42261802,76417.91632345706
47973400,40153.56970194154
47098800,59186.051607279114
41143600,81424.53218846749
45456600,54626.7941133791
47337001,60133.14051922584
49135800,49460.4434442123
43498802,31337.44619968708
43251200,47526.338873819135
49275001,33022.87862264962
49504600,61926.913620707615
40916802,61785.83047568151
43243602,23710.36408921452
46444202,32966.23311690254
44489600,27440.49334761768
44609000,34004.665898452644
41771603,62331.81759367588
45939400,28718.21133623182
43927602,83514.88744323862
43918403,45317.71884220365
41055603,39744.79690928254
41252402,19273.835859323553
45440800,54238.278206718605
49118800,43165.38859338436
47788000,48796.64376622868
41645803,36831.72694411012
46438402,65708.54342217626
46449402,49238.25509056482
45143403,76405.20179102963
49449200,42548.81939430717
49847601,34058.19836587821
44035602,38263.29993740828
48335801,28165.20167491048
46085000,55653.60425200492
46711401,41120.16041411634
42991200,38769.46100603831
41888800,30445.231645702886
43524600,47012.29671899669
41939602,37042.901627618856
46503402,90710.10493148741
48255400,68546.04295398845
42417403,43778.62859742891
48044001,38361.61075122331
47953801,52096.8896676262
49914200,70710.99517161137
42634003,59406.43538348038
49028202,29671.762542320103
49922002,43258.872410077594
45346601,51770.473223112145
48577000,44973.95432277983
44693002,43893.99261134355
48502802,38169.44697799329
49033802,36210.82666188483
45563003,35738.46961869778
41789803,53653.06722897893
45795400,44184.48161403576
46784602,53813.64397129743
48377202,37592.17634745223
46777802,36636.636756926375
45064600,119986.85733244354
48941202,25738.567541142307
49215400,30531.97302663562
40892803,49978.96868794417
45913801,84977.15513932098
47055200,42429.14017333246
43061803,36218.662266992156
42799800,42002.91303803185
45773401,40318.01574964806
41252600,14284.120287501682
41599203,95298.51999066243
43623602,70805.08553460677
44861603,60456.35138794151
44334802,40093.50653447202
47605400,51680.64657945029
48337600,57832.11380685077
44192800,67414.1439589581
47251802,93269.89523010673
42228603,88129.3880112484
44209602,71073.80442357382
43053602,60943.17621889075
47653801,76422.66059662167
49745802,46081.36157317403
45561402,35007.52581279437
49530001,45331.103045238444
42796000,28146.197056046134
45516000,88898.78868823801
42733800,76434.61430346839
45873002,44900.282477919034
44607801,44337.95604860926
45381401,57377.88999867812
41019403,20339.17470107761
49473601,60697.45924943815
45566603,53932.20202508021
42166802,90463.73415889416
48699600,35254.850062034784
43570202,53947.89495126045
49059201,47473.06359567703
43512803,53291.84733632185
43081202,43890.419844932694
44041001,49794.779200865
41726803,31858.384438571178
47322600,61436.57132914125
47348601,71946.83413624325
45840400,67924.55022730709
44486001,69615.3005180336
44649400,57170.41673828369
41627000,89318.87999120983
42640803,27446.605357351087
41897200,44310.33253700631
41940200,55346.26271475172
48558202,58451.41108905536
45087201,37141.105854158544
46495602,82292.2264814493
49355001,52351.26061549036
41205800,14320.157775134561
48805202,51804.507784449175
47292000,50006.06905063335
41576200,33023.850583261636
42118400,20212.138528616655
47052602,66706.67454010305
46147800,84241.16738000952
44743200,19668.081866049048
45304003,62146.64948334808
48859601,102539.86982089806
42069203,28937.87951307131
45981401,57270.44157837213
44010802,37805.572255918705
48992001,56990.00671120491
41931202,48526.8556076324
46944602,40470.07424239788
47691800,64081.18938215294
43405002,42515.95246616141
44252200,62943.90363507759
42289400,36566.58387881058
49972402,68259.2547979532
49566201,48062.135993597054
42143602,34134.10750089554
45933602,20356.376205693618
46144600,24811.19875126103
47912602,95074.3865916101
45589400,36495.29215520008
45234402,29816.693947301195
41734002,32900.54666248286
49346801,39986.23510875966
45629601,43249.797607046734
41605803,61252.955740419275
41365200,32784.74332729982
42389602,38600.3266037302
45640801,58424.378935980545
41564803,33074.92734657097
45976000,99785.96674905275
42876802,38625.115909330256
42600203,31861.126445801114
44169402,23603.422156283646
47042201,28450.785310833104
48685002,96160.25809437205
41866003,34480.87932399904
44689402,64937.75470808195
48530201,30233.027189982466
44467201,16800.992302568236
41162602,69288.7282908175
44791201,69904.72708699618
44186400,33883.2253022957
45381202,54954.14083570133
48735802,88490.45255617905
45085401,55982.19189341787
47611001,28738.10715584157
45512002,75846.32849031765
46950002,98326.42364402684
48993400,40427.40725590046
46954801,35795.05261961378
45505803,50895.7779280469
45142602,46514.240026227795
44801002,71714.63508288548
41537000,34096.23853569657
49390602,43910.02660931941
48413402,38057.630501470085
44194603,100197.15212560917
44125003,20606.218940235063
43877603,43321.746217342356
48792602,38591.40325496937
41007802,90805.42393668709
46569000,25092.26749560926
46021201,43993.24623840198
43228000,62838.98940632114
42283003,45241.24344465681
47917600,55243.28549629827
47620400,29281.03015811683
44592802,41607.03921846298
48077602,66134.62194884547
42414203,36814.26856920412
41590802,41789.36121319927
46952601,42882.460791668826
42678202,55768.17498965516
47773002,40152.22058896358
41363003,37925.120312320825
46389402,32498.015800711895
42873003,64446.23524100147
44952801,55163.89227020979
49195200,105278.88001650694
43268003,37667.08898840317
49575400,49936.37536375874
41464403,73538.33195318877
48762200,18886.08362141285
48185602,87826.74603771618
41229603,13470.15383839843
49579200,61455.69987230762
44106000,52143.83910684555
48088801,50703.22150531584
42908400,71937.24788755429
41232800,24966.81663669523
45749002,28147.58468536003
40963803,67283.97391832384
46881400,59756.80021751786
42313003,45202.63987573114
42677602,50790.4527458656
42756802,34657.4636454329
42600002,47199.7780753333
41505000,62979.00438946121
46926601,67430.59110347758
42587202,74977.81929397264
47757602,87497.39856793958
45307003,93255.75530849435
47043202,44630.05461302109
45059001,56079.82204100133
48486000,67697.15738012255
41504002,67005.93128025053
47694602,52580.98057524967
47879401,91321.98736347764
49913602,41192.96599458717
41329402,38925.24154749781
46055000,90335.90648613952
41112603,38999.65420239308
47484802,72471.18477771869
42626002,93277.43402628174
40973600,28644.74432048382
42629603,50072.660551342095
41603003,35049.40522442478
48831002,50867.59298364664
42654402,51292.73663018712
49903601,93923.17118669613
43992802,81730.50532545723
45285600,61594.33837980905
40828803,37087.08406966547
45932802,42392.94085296539
47597800,62981.786109720546
47763000,50576.94596910772
46574402,24284.505482120258
44733201,92892.53036229074
47966002,48385.751634022854
44343602,49704.52461831541
45752200,65272.980319071394
43133602,65053.98119302542
45725202,63849.81376413252
41708000,34790.97353771145
44194802,26090.558970192673
48240601,67335.52487695483
47525201,52448.431119673856
40845202,73901.86936804067
43534003,24368.29286473727
45689801,81559.25328133011
49313400,36190.19371418071
47282201,36481.116530065774
48576400,50410.7024507608
42388600,33585.35025204781
42494600,32911.549140466435
46154600,65029.14246819107
45592200,38420.02596068868
47970200,75755.4207858456
46372801,47577.24538128012
42599602,75473.79511797658
42135003,42962.19458088378
47193001,54818.85784463644
42761002,84161.58344024917
49760602,52330.121858764425
45208200,83668.71984660253
48489602,32560.63229019184
43991202,19729.508527962615
44312802,96467.87902687062
41456603,23127.73025912309
46036601,22561.59171415639
49056202,39587.143674631385
49887601,39290.13470157818
46639602,26540.168519820094
41433400,87508.58788306516
44857401,54127.273707020395
43258203,45547.71263270505
43861001,26055.266409267795
44973603,48353.441303641026
41706200,32909.59735513982
44969603,122206.92940904673
48884802,57673.5243356336
43517000,90663.32691233046
46599600,66083.8355879174
46397200,132263.89442698637
47630800,63213.57229764326
41140602,70083.02837726998
44140600,101667.37520956976
44239803,68622.15053086604
41828003,21219.602501358742
49829801,28736.318526008232
48346802,47485.99789902828
44688600,69427.5380414122
41558600,19619.289643868295
49912000,42813.529950698445
46374800,61773.033779516685
48349801,41152.32163490705
42112800,27826.393294364934
42752603,108101.93424628302
45777200,31361.2670381224
47533001,27497.598880626152
49186600,42119.44988883765
45470801,62749.81893710418
48116202,58991.78012759873
42801402,27724.79280825321
49617401,47118.88693561316
48422600,40444.04687534978
42193403,47853.730061476774
42439600,47073.740452274185
44721802,90566.07559648954
49019602,47321.17184626213
45487200,55844.938740918966
48145000,39179.129915997895
42183603,34449.090203692955
45857001,90780.3436174794
47547800,44929.3900561922
42704803,38160.93628394004
44195002,20960.952346048944
47876402,55391.628817176774
41114803,59560.87760621213
47056400,61300.0517940395
48416002,55983.62113022589
49247602,114057.07898100036
49971802,58494.35723026909
41408603,82579.98907409328
45408802,39462.31274710261
40886402,36442.796480283745
48637600,48399.072405814695
41187202,50314.67567636012
42805803,35556.59507040916
44956200,78749.39840292634
44848000,67360.31238979723
49130601,93068.1816437104
48046400,55726.43354883557
44685001,79729.6395512214
46575801,22671.168082307224
48054000,64204.041224664026
49257000,52335.84398946233
48110400,61934.72755520087
40806203,108829.48412932249
43168803,102023.86960259247
48355401,58792.53523509576
48382801,53467.12784121638
44251800,29532.565639836408
46346001,36936.978250978726
44190400,80658.90010677013
45042403,56837.44589967238
49039202,41504.2936165333
47861201,22900.343075135366
44632803,37718.91458056652
47969801,74873.93844313578
44783402,69485.04052885571
48501200,109606.7051568005
49860202,59198.31652853167
46688401,41363.25672225286
47003800,22655.96699598198
45348603,49963.83997059251
45332000,48703.517987455925
44696003,31356.30969720288
46911601,51761.698616930524
47010602,52779.44191448484
46532000,69889.23118616169
45536403,70947.64409471187
42961000,31722.889993241428
44488400,54605.074467958555
46321602,61655.45724430107
42595603,33480.15463541396
47424600,42263.49307979758
42341002,99132.74888254049
44889200,37038.55474976363
48176001,59660.9391207989
43964803,62158.66647893727
43021400,46833.99190077763
46680202,41754.79751452849
43911002,38616.01949524254
45624601,26639.544476740128
48907400,30091.997040113856
48529201,23076.807789003193
42276802,57034.41086184641
41281403,24040.65577312495
45820003,80451.3355495092
44094601,52209.13536805622
45484200,12643.020411916485
43440602,62218.50270446873
41935400,31816.755072631786
45415200,64120.6795257045
47460602,17464.397079884337
43028203,48765.10218367696
41542002,34274.46581173623
43937203,37801.45737643265
41725403,52559.104025516164
45950202,15988.145215285433
45442403,33492.437856565826
49803000,38761.385403522894
47824602,21732.76124913727
45767001,35594.749602307784
48728800,64145.40730535739
48407600,34188.455264448094
45282002,26114.702051155735
41114403,29473.617461674934
48535601,50657.71427521283
45561400,94126.34326252018
42777800,87093.47862438994
46677602,54500.033369712415
44606603,52022.26229869401
48269001,59856.47227906984
42184802,49349.93832955958
45516800,44044.56447620296
43382200,32564.7535440117
42175403,80156.91868430798
45103600,62522.736196263475
43464403,63209.89555672946
44240802,60183.67745918918
47305600,61020.04611837614
45639801,24104.917569575016
44166003,60752.46302283383
44920600,55822.2515510426
43921400,48853.85042595257
47025402,49511.20223228339
43412203,50071.19413823893
46571602,52859.203179988566
47612602,93602.81510458709
46790801,46486.96250767177
43929803,29408.829051750647
46088801,56458.933327569765
43979602,96349.1312834541
41465802,86469.20113700998
44985402,31953.72157688337
41360402,39045.244555509016
43182202,21541.441643830636
48928601,48853.414374574386
46206400,51287.378419873334
47129801,39698.191711258754
49538002,49216.65934706569
44307403,52571.45496343173
40837800,28831.391437425773
44268203,59422.6212494368
47570602,28121.38728591618
48695402,29711.662186830465
41794203,78747.73082078378
47746200,31086.30904640681
45134000,51369.045597870965
44105201,61728.69157081169
44335200,24740.86273647689
41484600,24468.979525535855
45312002,41971.96748005256
44701003,66058.71469697721
42968602,56455.359275776864
44407601,68394.02893483777
43846200,69419.35440854907
47498201,70551.20244183429
41749400,27652.996911333787
45910602,66190.0163437686
41256803,35788.588413035635
48423202,92459.91706135232
45626201,20892.552998082647
46722400,82727.4028031231
44920602,45815.58674546324
44904003,39208.422237004655
44281600,51478.4913590293
42012202,34086.90308640681
47146602,46120.977184325086
43904402,81399.96692301791
48507001,44708.727610418166
43279402,32555.401923140264
42182002,41581.79618600615
44427602,70588.85710376757
41251403,34670.823369452846
46571600,56863.26069480988
44869401,64099.173685104215
49528800,60536.60921447735
42337603,54659.12154219822
45152003,39154.04456585303
47676601,74800.03808476539
45421800,65811.02341716454
42046403,45330.76744494737
44580002,39088.09275698962
45130003,24860.42755722902
48109801,31326.612157580632
49786600,27907.82020871919
40952402,35554.65113624723
45617802,62930.22843998758
42071603,33380.359313028595
42796802,51411.91098082478
41368602,34676.375213556435
48293200,58287.85745778176
41524000,44675.22019560135
46665200,90853.98945812404
41351800,38710.500626907495
48600800,51127.745455579105
41170600,33719.34354692985
41117403,53335.05759725738
45742003,38117.24364228186
48180602,33970.65863542332
42663802,20284.063818185517
49820201,45105.041936080095
42521202,78115.08647863954
45827402,38513.87186419357
46619400,61538.565758552
42104403,53736.080864189535
43186003,52150.17339401711
43489202,39668.68841093674
45859402,58226.002201472256
47717001,20939.824085458058
42864800,26690.029647786447
44041201,26833.10848220202
44100600,39473.23378924641
43009000,42916.82640317944
44220401,77717.061285307
47347401,65374.89200380333
42635802,34848.75295648381
48524002,39938.977574093056
41344402,34564.43026610239
43573603,51134.531516021845
44905600,22982.421452897346
47880201,44247.44409642642
49521400,34781.02248093708
45810001,32955.66846494628
49098602,47734.23000456599
44881203,80928.12316221987
48377201,31509.841938514655
46482602,62125.590421963054
48943601,68470.25171659807
46406802,41904.77279320406
44477800,38929.754228359525
41803403,69730.30469249589
40947402,58711.85134485365
48993001,36377.76649750506
45358800,54457.26327214741
49813600,47949.40164897684
44033802,32639.214387283922
48437001,30729.327084909513
41082002,86231.86368140267
47807001,50826.120461495826
43030403,25312.013140538344
41308803,49633.97301018869
45325203,58879.7642300629
48810200,47673.349063831454
49667200,55815.33287072854
45173601,32782.06141455159
47122401,39630.62943601169
44410203,82299.62448070121
41433203,55779.88795377784
47092602,40466.24060020471
46146802,32255.138705785248
47241400,29888.76683547192
49494800,47751.08910598348
47717402,59829.95892992544
44473600,37333.943024288805
48971001,29267.45200413211
45557403,38077.93908123174
44427803,41690.194576786926
45537803,72147.02562896813
45544003,57388.801123081816
49965602,86437.32305689997
41257403,29441.464845512368
47256400,68307.33703478184
41826602,39186.626057139154
44302000,58956.52098074926
41806803,65586.1376623389
41017000,22230.630110781873
41042200,104788.83980965568
47683400,54537.5664566348
45348600,27447.74545181932
45422600,32862.70820613513
44573801,37521.87290857325
45710200,19275.214464814206
47768201,101288.79404040809
42329400,59680.11006947512
49930402,55442.56101518032
46308202,28319.369764232993
40856000,67191.23754123673
42651803,49013.2508778535
47437600,32376.571071042177
48179600,45253.932258231274
48045400,66237.68437612952
44622603,27488.693801039364
43678800,79448.01096732466
48138401,41141.80536090679
41548200,57196.30289153045
45428002,29736.963825855768
41163002,65678.9626662162
47481600,64528.94781522683
44244602,36496.530314984164
42331202,72282.9484625759
48716402,42932.43760611511
45472803,53670.38527041819
44208400,42361.81528900849
43674000,54381.00666834333
42842603,39506.98749633439
44701402,25014.719308591717
44235601,43563.057451586064
43450802,30752.267493747473
44545200,54131.99235664561
45375003,59968.40794313031
46374601,21692.28880871297
44399200,88774.8984100346
45227001,29895.71066330665
43524000,62797.28610891876
41384802,36016.78186276215
41920603,11655.818196033979
44070001,65339.36373421787
40842403,28568.03194441346
45194201,54282.88551440659
41103202,36835.1194740399
42123002,35926.10546245775
43795403,41038.5101816806
44955203,39361.81291846329
48714001,44709.39321810627
48564600,54074.48138267675
43830603,16534.08908613003
47379001,42221.419395158664
47257802,67917.63682253574
46560400,44801.251147841795
42446002,71666.75031572647
41635202,52461.97031154058
43242800,64686.461368566204
45356002,55023.08727642279
49159801,46811.49686926287
45699003,61605.233791711544
44912601,32861.1711276137
42946603,37030.44237548702
44588600,51035.29735050109
44708003,46828.98952997857
41969602,81677.23342821954
42027600,70232.29704056733
45830000,37189.094810757786
47565400,47864.402198426906
46497800,37998.986469298856
46270802,67149.24491573949
45974200,58381.45998456619
43903403,54492.73371888341
48109800,65773.93993630678
45448602,54935.3666091056
45803603,49912.72125597806
44144400,28978.657498076274
48488401,59630.75252510801
43062202,35787.00194426699
47609802,87754.42404298775
43426202,45229.975149782666
41723400,40712.49062705926
45250201,39334.21830503334
47571002,33788.633601565925
45071401,102392.85445270958
44694002,50235.62348351805
43903001,33010.64261043689
48453201,80428.08891948409
45803402,25692.99520035681
48351602,41903.252212273204
49806002,50715.80444172246
46323402,61959.42631053725
43423000,37786.74184779253
41464602,115898.54828214677
46668601,69841.86713660396
41989802,51007.502288455595
41794800,41289.12475826673
47672200,54259.76181645851
42880400,68773.26260498498
42925602,34461.499951422185
44097601,34107.46845540381
44171203,29222.420205132134
40911402,52560.33492738943
49242801,32874.775757514726
46650401,55254.888176957764
44367803,51618.891280201366
42590000,58764.488323620855
42292400,69691.68750121557
48109400,67473.71949540597
44753600,19278.37461763346
44868802,92101.69097490844
44969401,90393.21720907916
40916602,45771.32035967545
47978801,74547.53848636571
44477801,48856.25043297908
43837403,67308.34081051098
46332802,81414.8185589966
48981001,25376.877355626733
46182002,28378.52208246928
44269401,68552.9695878889
45311601,55002.25737010241
46753400,35960.47170901934
47417602,29146.828165342886
44073400,45575.5919611108
47706202,67498.61771446659
42907002,50350.69713453367
49681201,44023.72163071998
43799202,41053.24736337121
41448402,40336.418159042194
42773803,78770.32078619135
46396000,36112.73904501592
41928600,86246.07456067568
45722400,53252.75356049456
44670602,60436.877967622
48505601,32148.82986191009
45744400,36054.74096926677
42846600,25800.59955313304
42465200,30336.712045721077
44016402,57607.43704721213
46198800,17567.223240050625
41237603,37829.684855406456
49388800,99876.99934790698
44543602,50097.236536803815
42251200,42646.2477549677
43389400,61849.72169744068
42526000,29520.86984811695
42869003,129240.20220972474
48218400,34512.37842818416
47314202,38987.95623258112
42983800,40028.14555934619
47243200,38334.168682879375
47681602,73891.54169390876
46121601,57283.17558249361
42597802,51598.38977250378
45230001,39902.2060911859
49959200,43278.44794606784
40807003,50185.25282010119
45957200,48546.527669513256
46065202,74706.54706374429
45197203,73537.21341405433
44548603,56417.291872156355
42039403,38718.37613144649
43956201,58391.21341278444
41291802,35647.88621395204
43142403,38320.599993038624
49491800,101608.03333224337
43888003,28550.69688420163
48783402,72596.82311438178
40885003,28756.67095346375
43507602,61432.287510268354
41376803,31098.928233197905
41340400,36694.51339673886
40994400,100228.18828591573
42436003,44782.964851010314
49825600,107580.3802356846
45581202,24463.23092035827
49772002,61382.48225576247
46272201,58925.28189479908
47298402,24624.32499097404
45315802,30094.07398815801
44365801,35888.239637764644
44567401,79028.00525972039
47166001,34383.838269815926
45579002,60930.58057164459
47750600,64505.42250138083
44390602,59599.93843658239
41564802,32454.963580998017
43811202,69707.9572455246
45697803,40985.70682883427
48717601,61355.96829931087
48649002,65710.78180906316
44563602,41454.14933846278
49492202,40019.80387088872
45938601,48929.924657348485
48424402,66675.11992063193
42148603,42832.454324434126
44647403,62422.3497786333
45887601,51889.60183050372
43889801,20389.860754070185
45290603,96062.99058668641
44337200,53750.26868721775
48508602,55491.92706897321
46588402,52956.08862412827
45890800,25462.854616410208
48448002,48174.95644845237
44921803,61463.65473935257
45996001,48073.14013387782
44802603,71012.51664074659
46360001,52846.92967636956
41589202,49893.69932800188
41951400,30722.825127965756
44121602,48631.31926062335
47866402,65860.20976993101
48304000,60176.08456574024
45881402,21059.73918664924
42484603,25741.095491836102
45444402,85356.44296186198
48371001,44814.494016650955
49187201,43376.826667205125
48223402,46090.598611734815
40950603,54688.00545492305
46001002,43056.17013887594
44716201,64584.63224260851
48713000,21198.86571353302
47959401,56541.33903861033
44263603,106555.98283086721
43420202,35686.7728623957
48780001,47996.08876429843
41064400,19544.10477559165
43774602,36516.78003394252
42708803,51859.53550598719
41752603,18914.85553353584
49459601,53821.84670572522
44330201,105201.96606648692
47873001,63386.00135967877
46626801,41930.075409646204
48717800,33934.63308313584
41241202,36131.43278746012
43697603,43085.67732493245
49317402,39254.36170979762
40815200,22510.41946754098
44766000,69151.05771555577
49463402,58761.34200725434
46217401,58156.171459056364
42975003,58421.14527791845
42177202,23718.05820362208
47373602,50452.86065958537
48621400,52247.81495463195
45628602,53255.1462808452
49094001,31554.975004433363
43262203,36382.165522572264
44598802,96872.19742732393
46493001,43290.564791921395
40931802,106616.02694668484
46132602,32656.699676328368
47425200,44767.02117107731
48064202,61562.29201501688
40985403,62203.495783966064
49496002,41279.42021141932
43100002,42003.51304026159
46917402,61076.51996138763
44879202,51900.71268122724
45171603,51895.47564478348
42263000,39456.4588572306
45436601,52422.32250776377
45298801,66477.54819480397
40982600,34386.00734631521
45237203,76419.40507675643
49927401,40502.19496258311
48282800,79471.65798535782
44390000,75099.77892994454
41369800,20935.395493164702
48812202,46189.10976177409
44284401,84431.56521623804
47546001,31513.796962239132
42778203,28972.562411382598
45355403,67412.1088084375
46916001,42388.197133897396
45786803,46472.211678558175
44781603,60924.87725444841
49656000,31094.559846804856
47217801,55632.21620362749
47266802,59493.53809865804
41291602,35370.021486684636
46205802,81223.7152619317
43564002,40194.76934916666
47814802,32271.674210015393
46512202,68036.02597739219
49889201,44327.21133547305
48290602,20778.299749391575
49420002,63032.16339764834
49491000,45251.3661619023
47585202,22271.268297274233
42551202,23023.400675514735
47687200,37896.12650713878
44992001,70169.03141800739
41519803,54734.92198798231
46856001,34819.023295049104
41646400,96952.22868606742
41284202,30121.707962986162
40842602,48274.98925496961
43078602,46973.86102737766
42248202,45384.21078773422
40974602,37193.958595697004
48211202,33789.03401926918
49926401,70122.43623221232
41838402,37242.98371352356
41937802,40776.86006737834
49535600,43577.30501851853
42187802,49145.978033809486
42470003,106489.29589896099
47764400,43125.52117974417
46959202,53854.29875491002
41084803,17164.045798938743
45810201,69096.43593315208
49713600,30460.50232384834
41459002,60529.31885156494
44546602,73425.22785291595
41125000,50776.40215216553
42357403,48667.62075871534
44028601,38780.51190202762
42382200,45089.39880859702
44807000,42310.684002269925
49329400,28784.35992883564
48327801,45192.00536616477
48358400,55455.688544004515
48809600,53426.12991298762
42940400,49918.436827062644
47318001,70152.41757385645
47082601,66959.59191240286
42241803,46590.410864441874
45408602,52388.45690530218
45691802,29704.801061556216
47460002,31345.00940444685
45590200,46107.273395261145
49418802,51379.27951403915
46954601,35630.580886968215
49780001,30961.973839819664
45919602,78251.76711291906
48364401,109343.94882189107
42110000,88090.13301670505
44700000,26989.82372151674
46508002,67452.68107389763
45339801,95360.01611992365
45394801,28681.797998595233
46622801,41492.084325299635
43974000,78437.89464780348
49340600,29871.703970773495
44707600,109894.62654747191
45520203,76395.39193931453
42286002,36110.71955783519
46584402,83447.9744679899
43225203,100078.58566921833
44930601,28385.155752739265
48063002,63410.402831031795
42587402,66123.54471873405
44358803,65033.03202391146
46228401,57105.57087930825
42344200,63180.52597622336
47878801,81429.29008548801
42847003,47695.21800713564
48916800,46545.70907080406
48045201,72663.96090712091
46671000,26720.043216667997
45620803,24259.331887113265
46001202,61366.30132099541
48865202,41721.28773662866
49752002,118963.47100109619
41587802,44438.51151514859
46934201,40653.119166525
49556002,40777.87932228676
47491001,75606.5584803059
42712603,103836.44559070174
42286003,40087.88836473208
46964801,70365.55856080269
44890403,43187.73056524905
48328401,54605.6600141645
44400200,47598.068138980234
44770802,33175.77756735831
47118401,40193.83550635577
44394801,40459.36959026504
44209802,32794.146437990916
41742000,46167.17594798154
49816801,58985.21934448583
46387001,86089.4858165596
48342202,37825.40006498528
49442800,94411.73177537258
43161600,62423.03767109339
42469203,57104.76059560171
47865602,49507.93310082168
40892003,31767.991179488592
44926001,46361.950404166055
41540402,52211.03907714231
44218403,51537.81922218515
43276203,34902.48490818324
41253002,22096.78270927134
41570802,46870.91811077253
41345402,19487.49245531628
45720400,30014.56519671416
43647200,60933.678174279456
42556400,42469.3391351635
46293401,27973.023524944314
49848201,56829.89448960843
46963402,69472.84789723357
41737002,28471.536186920348
41282400,31992.794453358016
45913000,35012.15157317197
43332800,49999.530168977755
41450803,50997.8760023214
49035600,67350.00054920222
47950801,43677.62264404192
48845401,25923.240928609397
42986802,50555.63430141673
40994602,75780.30674943002
42884402,25577.970892083897
44045800,80197.36170378262
45430201,73785.47238968509
44381200,51081.949621993015
43653402,83445.20151518297
43891401,54258.181184752364
47805800,29736.97047927812
45305402,51210.66989487684
46423602,35267.542219363895
43846600,23285.767086836822
43416802,52210.0535401792
46234600,44370.00182481535
45090402,59951.98050834853
44167601,80065.38821455133
41549803,105115.96262489945
43261600,21741.430603079214
41153603,41444.382906343664
44864003,74667.33695226653
46040201,42318.71430651776
41470803,28170.477935054827
46628602,59515.29490485211
49685001,57839.91581982883
41375400,36797.62738111809
46257402,92107.05784607888
48681600,28708.118816069553
48596201,43482.95669317616
42798400,39584.5857421724
46312000,52234.64175924637
43230803,35568.98885034303
45777402,51551.95845730463
46103602,72968.10673733294
44804800,22609.592025859092
47241601,65015.73364032084
43788803,67258.88165702605
41113002,56542.686525836805
49217402,54637.834716376754
49353602,23507.836838156698
49180801,34194.0651180598
41619403,26073.43632322068
41359003,44977.218454680085
48596401,79774.41475820012
45239002,27318.134990766615
44415802,68309.77092805237
45514800,58915.269740040094
49623201,55119.95950027761
46177000,46919.58174984408
44649601,11616.427173348035
45681400,28151.118433287957
46072802,36053.97857954314
47676602,76194.13491497822
46509802,54385.43906664136
44138402,55147.638080383105
42092803,52310.72315234718
45514600,49679.664261684884
49613402,53485.32808186788
45406602,51048.99738564179
49183802,64294.83681383093
41230202,25128.677452205804
47861600,31207.020420055036
46606400,60005.9519372188
43562403,89877.47157695377
47521400,59028.46589340459
46737401,110440.91770991946
44926801,100362.95630267027
44919001,73404.82780762683
44574603,53185.12306888845
44787401,40961.45323359198
41866600,23580.244036242344
48306802,35977.20574332558
49305202,23345.839465111756
43793402,47061.56015645742
48603401,68406.83922645598
46239802,52149.933971888255
45833601,28044.91741748988
44061400,44460.37553129401
41365802,32016.878276581163
42031003,89168.66675217143
42034403,59515.171084258895
47544402,49282.64693341355
44753802,83748.93947143127
47833001,47955.222315429695
48247000,29988.63225888397
44961200,60026.1644215164
47483201,87703.0762402746
41723403,45268.126541544974
45411401,65979.78042607915
44689203,34936.54973356453
45820401,22688.217782651758
47987201,28439.5010203485
45583201,19652.671123706015
44988402,43904.665851878686
42144203,42893.18080710256
47353200,46301.370076366795
45612803,58689.81737103169
42056200,28399.479256181367
49202402,77865.15673098475
45973202,46253.20310416624
48410602,47732.27521955685
49490801,38117.614686248264
46294402,100013.65742947851
44224802,69764.08404048452
45524402,41976.3691601856
43378003,34303.77825566706
43143403,31064.55783494946
49264200,40246.55392840368
45593200,36352.19638365707
42982403,54475.552223682826
41670600,56364.75815620328
47049000,21821.17731061721
43654202,41383.42132328336
44747800,34521.46926834192
43021600,53257.35463965729
45721400,56362.877522661176
43534202,70900.93081570545
41460602,46570.144433478956
45079000,29826.523351086966
44627601,82711.75278655438
44212202,52520.0954917365
42765403,38881.38799234397
41666000,26969.14798149497
46401000,72730.34741655918
45604603,46545.44262527044
42243400,79009.26528636969
47898202,67494.9840961966
44891602,44822.51762527044
48186002,88811.2933222407
49474800,67868.61931901403
45608202,58230.99030788891
44789403,50677.52959526832
47762201,58848.4150023605
48350202,81075.27433675007
47625801,52771.17324624928
43581402,46042.60272975193
48496400,49914.939946497434
45364003,53292.687516591395
48371802,54694.653121259136
45961401,64047.744821978384
48593400,42018.96647199588
46922400,30915.598819453982
43904201,82802.26842500789
43820003,58733.191572175965
49251602,36396.09881213588
42635203,53507.13555617458
41338000,34162.86165147971
48206000,27758.24398538792
46868202,28449.67580212812
44453600,31056.240978276743
49014400,63574.22215110847
46584400,42157.43789733008
48786202,86182.8096114264
42906002,32639.881417999735
47597000,68664.47718076735
43335003,33887.48649011195
41504600,46785.335177169036
47875600,41259.09180182244
41009800,38588.00099408029
47887002,59473.273798062204
48918601,32707.85367214978
41284802,21938.361516837074
42028202,60049.98330766156
42470203,41912.43452024709
41851803,82387.36996554423
41214203,17686.662071404622
43103202,93159.71562488825
45252202,17698.353837971197
45338403,37374.132611373556
45981002,37601.56428109474
49329401,87257.97782803387
46344801,37450.245490802394
43746003,34785.20010828445
43938602,42091.70010492187
47420200,82504.97952939525
43041000,76162.84615965757
41986402,32514.649266639877
47089800,30024.952354053516
41264602,14736.204675503475
44834203,73531.21840697953
42868002,38385.65693439075
43992600,74304.53161112404
43726000,70960.19768143735
45875002,94915.72986589573
41981602,87043.00850796714
48911400,39373.73883383711
44678600,25161.38691534358
45250202,42110.13627487836
45437003,50638.980087279895
41042400,50537.36241338856
47025802,106926.21785218376
48720200,27978.294444529347
48009201,38974.91510714101
44023201,27790.450418319968
44884001,74391.31358889454
44221003,97971.05417845336
41649603,36698.42850628809
47691401,16469.768973152582
43862001,32508.807401584076
47465600,45962.471261622966
42608003,37616.07373678453
47837401,32855.18038050082
46734800,65151.330716683035
45674003,62025.68474742174
42485602,22020.388262423054
41957603,33655.23695222946
44571001,75855.54034622217
44746400,15820.828513946428
41436002,60504.91623746296
47345400,67086.25524520423
44221200,73038.94315171568
41198600,37527.83401570123
43000803,77440.80616784524
49139602,35404.287490552175
43969602,35113.09535719597
41301400,15689.262898084584
41743800,46837.24967570664
44080803,36845.77824958452
46270801,69891.07456402898
44528400,97172.15118441058
42238802,49781.07336555449
46519000,53104.71987433683
43420400,52438.44693220388
49845602,49094.24059797522
48752802,49821.99077677529
44500401,88584.1993971371
49995400,50084.83405627526
46064002,61300.250956863165
45991001,91350.5253928537
41172003,46259.31242866324
46510400,89494.95852228024
49907201,42239.484032156804
48922400,28688.23346638953
45396603,88162.90637846434
41467802,27393.268928006954
44012001,56698.35336455972
48687000,61471.64228372863
47138402,91978.19030820788
45987001,38585.66478533059
47523201,107837.31197499734
48136602,29190.57415592167
46520801,32323.5756815638
49698601,38301.67802471202
41026203,47791.253578366275
45239400,28987.439405861536
42661200,19945.03214356878
46886402,100031.54252556128
45991401,46275.076837569286
43026003,27275.78206730995
48201600,31300.46433746183
45250402,32001.26473873879
44012602,55733.875597924874
43160402,33014.66364011361
40899200,61233.55534491065
46347202,31698.599866637996
42168403,71922.34332652095
46986201,52073.184150950765
46924200,91462.97450761682
40864602,36546.013992791435
48150200,35721.377142478595
41074200,49226.71004790292
48098402,56845.990943671095
43294203,90890.03143589909
42405400,58716.382985266726
43861002,25715.876857906995
44945601,56693.28831019055
43439202,75375.75715372071
44926603,55070.16911420364
43068203,25003.924375299663
49635802,37175.04640347284
47346602,36759.23727120015
49547202,46785.14244873637
42407603,53551.046491323286
43750203,30998.69728739399
48356201,40315.8601573544
45927202,94788.4529574383
47148400,85407.64440270246
45789002,27456.297198288128
46313402,82193.18537128753
44775203,28034.29613209179
47327200,56406.39640187494
45201802,47622.577988570134
49924400,122234.86809700029
45076401,61175.90663608488
44717400,98472.95774133192
44877200,24268.501772255222
44363201,51976.71849444632
48617401,51852.06255336932
41582402,25549.64320920869
41167803,50002.09322313177
46218801,94021.34192039448
48160600,22372.461716791775
44884203,61547.335851992306
49454200,44542.0078767401
45250603,31586.151825358495
49718002,48363.71177015484
44615401,61939.81281280551
47294802,52146.98575574974
42494202,30741.4831677985
46690202,43446.18763047151
49508602,122394.46819072442
40993600,46413.6792152313
44246602,37880.825930812585
49041602,30588.251533495153
42536600,25263.204490169177
45064403,61193.36901673078
44264201,48969.37238080028
49382201,61687.5232203557
43468202,63680.818563253844
46710800,53348.02423133312
48841201,64951.89844394433
44380603,74074.74098955149
45536602,54823.74171366207
47893401,66971.1307206709
43374202,50600.97583996612
45610202,30535.3219947224
46695801,76626.08209714513
48443000,81099.5484929672
42410400,80840.43720409626
41082802,57284.15428838185
43030000,52109.06377926217
41697000,44043.82503420385
44356603,25604.25714352267
43301003,39562.41647003181
44840000,60319.18898151502
46340200,90951.94051876367
43531800,46431.00181909035
45163601,38189.82803503814
46371600,114962.70852004504
47387800,74573.90665857113
43739803,49759.96131880602
49842802,48853.08319266093
42625402,116539.35386316004
47654000,27130.778321513055
47431200,37972.55468161444
47020202,40958.58751134862
44109000,40372.60051545088
43369603,57947.46195535273
46338801,49882.74796561811
49824201,70368.15237414143
45191800,108416.76947771368
49502801,78830.69542214026
48821401,42086.58948527091
42788200,97004.95136273578
44651001,26227.3859141972
41419803,46457.11610395131
41295602,25048.354129860083
49599000,48370.83624208514
49886402,88173.34824726114
45568803,39864.86259184466
43137403,41684.42069200004
47194600,28021.78439881895
47533201,71239.86561958701
45862201,25685.750452332075
45503601,56176.62354169774
41498203,69313.800108609
46142000,63182.10065343354
43120603,55980.916471503806
47870401,23908.58678023045
44591202,26721.847009411
44179401,31834.64812538158
43258000,39472.48262912555
45291200,66275.61097655758
41499402,56196.04260668115
44374603,48850.623594282515
42045402,31948.55685659674
47028602,33655.408448571136
46265402,45117.55607540025
44942800,41830.42083728221
46677002,36249.12651509028
47476802,43534.55006828596
46986400,50797.00851060755
44834201,51591.84330716355
47551002,50110.95525925262
49428602,33663.02408302744
43654403,28528.128208593007
42115800,44027.26873775125
45878400,88037.97036430702
48689602,82780.65914360463
49056001,51809.90437310055
44385203,30484.494158457892
41354402,30354.83798258352
44663801,89456.05276234541
48767402,42411.05332540975
41029202,57051.70665557691
44004402,58178.00603590059
44179400,30220.6535416303
44204200,30938.49543291428
45287600,66307.00570982514
47227602,43164.50636448365
47143001,41321.47793829143
47734800,84299.34482953952
46280600,26156.554543486738
43077403,48213.9180404926
45592601,50354.27080136935
41521603,57566.3657594915
45971802,42318.99214389701
41943600,35654.501862437326
41548802,48129.871511911886
43975202,104289.27020124512
40833600,75402.50372534143
44854400,39845.85351352428
45424200,34327.63295040522
41247402,17695.394310457174
41447002,38008.60712216796
45884602,41920.49114070949
45581600,57426.19225881038
44799403,53187.59027260768
41547002,20418.105333252824
43286203,35310.09344260211
46915601,45197.26602145968
41044802,80356.50748678326
49632000,46949.17259024049
41584603,65454.07008058365
43998802,52077.57615393004
44198400,53971.17790702074
48446400,49779.76037608659
48023201,54770.970093735086
45163803,65296.562726794
47409602,33092.85212218322
40818003,31593.413951721945
43351602,47252.44685024246
49685000,58556.378879598706
43596402,51696.673241556375
47852800,56129.836038576956
47363600,53852.438049111915
47727600,32956.20278049385
46748600,64097.0437455757
47180800,98702.53353154518
44618001,74978.590255199
45462003,52512.34503718048
44864401,57203.458336918964
44347401,28338.925430123367
44789003,62999.71565561843
43221602,45651.824141719466
44644601,33976.910455690304
42074200,40599.71344136708
48229802,54032.16719619243
44455402,115487.55782409362
46853402,44623.57417941046
41533200,30404.320185937075
49160800,73668.35602223153
48774601,53746.088203116386
44811801,59749.3155693751
45488200,52898.09349197908
43678802,21163.62300728377
45923001,37820.51910186615
48131401,36658.23714183561
48148200,34811.44575292009
47946601,32212.556366779718
49614401,49345.06756435527
42149602,22070.23827794777
46172002,35268.96059571191
49871401,24945.818694487418
45847800,60657.769138515025
41695003,33783.574576304105
49105400,53285.323567293584
48276602,47772.707865673394
42928800,68531.1670228607
41549400,33665.21588090418
46557401,32274.38640161629
44975400,46550.2751742534
41785800,34083.50927189013
48215200,47439.292923560024
45195003,51689.3087396019
46994600,36778.03264915117
43760402,45008.34739627592
40859002,70756.7206141762
44672600,100774.82546817129
48781802,44028.978745838715
42019802,50340.51188184471
49104201,26613.71172717482
47530402,25297.850356462208
48110602,44377.81066209191
44561602,36555.635940546985
45722402,17874.06859025736
44887202,99345.4780345379
46107200,28745.481189315637
41055202,51044.226195755735
43140203,34142.635288557736
48959600,40191.169457811615
44637403,22699.842868789332
46403202,19902.411910547016
41149803,19900.48082328299
41256402,35751.25760064585
40843800,104263.37971118359
49866001,23294.95749889184
44711400,35186.93133490988
44905200,42191.880826576744
45319200,25848.822408627413
47719201,29345.755049671454
45090802,113785.52986650742
46923002,49562.41671112755
45840202,18904.20329743217
46203200,40932.094915476526
41757202,27737.612043865258
43276000,48045.04787849721
41434400,57373.33962423395
44901203,38926.111809887385
41322403,54285.958711187384
43383800,49665.51763412606
42392202,55208.1099856504
48130802,60139.877146920364
41047603,52107.5546912205
49466201,47258.86284586582
49230401,50747.8062011782
42419402,68012.04004172693
47274802,44044.00137742689
44143203,53871.46336790675
44219801,33132.84309813222
49711800,28681.38226854104
49537400,57729.14683644871
42705200,42823.21381412079
44544600,35153.62028632757
41248802,21044.345082706866
47817001,28214.354318359598
40871602,90785.93585695763
48578200,38522.75415924346
45416601,55861.793280715356
41933800,32631.2194321488
41146600,51681.156272465676
45218002,50854.42891614008
44380001,43490.48312379706
44545202,92090.31375591025
47497802,34443.31322421907
49422800,37890.008896026724
49234601,53646.162162912595
41498202,72136.4170088414
43871200,56264.129503596196
47712200,53399.59933674084
44232800,53381.13993481622
45317802,51001.72661242462
43265002,71870.39863290539
41256800,34904.4208090962
46830801,55317.54288607219
42556003,20340.117553985452
47755600,76026.63120326967
41359203,33374.23523051398
43699202,60932.76814582106
49535801,58372.628987775286
45155403,87208.03044133403
47559202,33570.44859145825
48650201,15860.32032722285
48200602,30072.751710913064
42594802,68520.03555106951
46033000,66534.0376310137
47010802,54577.93542408091
45005201,42290.28920434237
49867802,28631.649633768116
44908002,37107.09224726211
42832800,32020.519229711623
46279201,42754.46582355744
41221800,33391.105685158494
49433601,65119.15220530801
41211600,34216.975992415064
47642200,33844.144187353595
42625800,50892.093488370294
46359001,52275.25642449163
43685603,60305.006533348365
49868002,20869.78560540176
41246602,26282.464268110503
45065402,65532.52974750634
41699600,60241.77872391595
49101401,70705.33571432643
48844601,104331.89359784429
47863800,57030.00902553806
41042203,30472.599724258085
42148400,115508.92963019238
41837603,37058.04368489115
47638000,33376.221631564295
48681202,47656.5078458081
42716600,69216.0380522832
46160601,50943.662769755945
47351600,32394.680574209124
45640201,100743.77539186462
46380601,52472.99115371746
42258802,59680.9509150697
48906601,37425.119414038796
43794600,50669.29832458758
44934002,38533.54671515824
49126802,50266.60524141103
46778200,53482.345485914295
45391203,30279.946833947324
41364203,33590.42312207698
44970200,80035.80983888998
45937202,92846.11519289755
48152002,33818.886865526656
49578402,43174.78324894748
48441202,44138.59475876042
49887400,36827.32564577326
41299402,14588.418018545934
45161200,47146.53390685559
43690203,59418.39665071744
49191202,83037.63096302352
45691601,79714.27495160498
49687602,60664.055663668696
41233602,52171.74057226584
47040601,55718.57028491927
43809202,88302.0511202825
49700801,83664.99438925233
48624002,47996.526954016124
43155002,78676.74118124924
45418403,98144.50862229252
46608601,63937.66314385243
48337200,16438.465132730074
48508200,103572.93685152679
48686200,86848.9378131522
44421801,39982.36795621268
43174000,64477.73653251575
41870003,34638.98540761527
41808200,80404.72586744101
43905603,115386.6638803501
49822401,26921.081011792332
44486802,91765.0234771156
47576202,37763.257778833584
45532801,22494.920631453082
42150402,18301.73859727112
41358802,21907.20011763784
46837401,45099.80091121454
44163801,51561.566542398185
42039402,33853.54160027447
47694400,59024.04780030967
45902602,34258.72468737061
41297600,24458.191346694766
43843800,60084.83600854635
46876601,50055.72955569478
47910601,60056.858103251776
43277403,42841.50290142043
43368403,61015.051735470595
42474403,43131.72488761561
42311602,45219.772236611534
45014802,51025.27137562219
44810800,67719.64972401298
44641001,41537.991993431424
48335401,59164.9079242929
48340201,30954.095050046264
49678802,63757.64137324557
46705200,30672.27961029469
42725600,56259.14495410808
49792601,65052.728085505514
47592400,85335.31037048405
44487600,43319.29137530413
49177402,89798.64700551335
46009400,46532.5338173065
41181402,41875.44752279482
48683202,32416.218488823593
46375602,51332.98083761791
46068601,72899.633075409
45544400,74248.19400184821
42472003,39415.275895309125
45300202,76036.70021798341
49968201,59581.818616128716
42770602,102668.96851416853
42677003,39678.98787243629
45110801,62078.61650097208
44525203,47245.82080622228
44760001,34755.99859981601
41026803,66747.84807475284
45221802,29663.71216793357
45841403,73497.70031513192
47533402,68389.369087565
41482403,54943.39169576936
41572602,47811.89031967603
45194001,57248.50595154162
44493001,40424.600426115576
42283603,39224.272625220874
44985600,39005.670822110915
41555600,43229.95690949322
49748602,50329.694463436404
40808602,36017.709520533834
47299200,33526.33460560882
46759002,28658.357746020243
45064802,35248.28666136267
44633401,45005.1488965365
46587601,53813.27836854015
45212200,28298.359292490903
47417402,75987.72729277826
45370002,29677.026209100615
46383200,25909.655805197144
44172800,46294.18475283828
48063601,38735.08527860256
43155800,34489.74500593034
46678400,73485.63105150267
45310003,27877.49469436721
49758402,31213.277854747394
47760401,96719.48998348652
43623803,45431.01344134762
41812600,38151.886806888404
41349000,18343.40152832504
47207402,75250.95849165649
44260801,50793.344445747876
46104002,42910.8788812041
44085400,37785.00568565408
43687003,41318.426080832316
41254203,28767.28254039983
41893402,59765.3010618393
45875000,30798.633999668695
49930002,74002.78180858567
44470203,66635.13220626934
47856801,40759.560366362486
49544201,47415.41356396998
47735402,58863.62015782186
43045602,24859.560107797617
47723202,46685.51224374563
46479000,54062.307158739946
41319403,36207.45861476337
42079202,31993.114083903274
46612401,37435.91285106378
40882002,41996.31153279726
45357800,33931.01922108617
48979200,39425.34854603106
48576202,53119.434004359784
45392801,61534.46214927506
45167402,36950.39467485986
44009402,62495.470248674355
45091001,47958.860791355124
43857003,54305.92975932781
45537400,36199.830511300504
45391401,31967.31622837118
42518800,80849.65536406555
42461003,57652.88628817833
41569800,24731.192656772553
49635800,63880.4635448747
44454601,46148.42330431604
46960002,52290.37795767469
46310001,84123.58172846808
49482201,67616.69228600232
47624802,79450.91767249242
44110200,21748.398046040034
48193402,47296.45721444976
42640400,56698.79916867051
45055203,39474.177924912365
47571202,36301.91809747164
44579400,18398.95881858807
44156003,62298.887448608286
41969202,46547.031049936406
44387602,51407.99426932403
44047801,44899.50582570953
41531800,29380.857920042305
46956801,40700.51489824522
46590202,77417.21379665783
44324003,55677.376437771534
45580202,24227.13590979934
42824802,65457.8346873449
43794803,47698.15525738834
41535603,80981.72295571498
49870400,90784.50001741976
46194600,52438.45769397216
43064203,24008.851809367974
44664003,29224.405823035464
45638200,44928.929756794736
46517601,21141.05628739854
42242802,49672.491059662454
41088602,15539.750088319182
47475802,48940.42154242367
49411802,79114.72212701771
44937600,51341.694564520985
48618600,37114.67602142047
49328200,56839.81958023936
47712201,51691.583087506195
49895602,24328.197757058137
48614600,23308.751110072735
49023802,39215.07914876963
48824402,27065.142592362165
45195401,45002.98724252346
42418603,71545.83104235657
46910000,76257.55137885685
45645600,73832.6135870332
46398000,55661.146101123355
49327600,44873.49714638749
42102600,21612.327188708667
41037002,34768.86293794213
47031002,51854.04583923185
45849000,71781.75064247407
45590000,55694.16110956908
46747200,39252.636709143546
48489200,16921.320166482314
41494402,25654.431937842863
42600003,121696.83508023641
45055603,41643.38744066523
44120402,32911.53499798491
49006202,44567.78533255471
46279600,37901.067430565054
46998600,48618.12027393549
46408802,42361.87619800934
48466601,38945.75057429627
43103600,44783.08542769418
49378201,30735.817487454
48688201,47695.61179906683
43194403,52296.332224439575
40896202,30396.34272037176
45622601,58385.5139427334
42733402,45503.986191753254
41047003,47518.71705677333
48169202,51765.91752866073
45087801,33118.849976471065
45026400,70450.82293318094
41794802,30114.387833435285
47776002,28666.49323886681
43549403,58579.722568290716
42629803,63844.29305118908
43863400,33652.68012458881
41696803,28415.0406021811
49211402,48787.51246509907
48518602,37629.76281816476
45937201,67197.75913757733
47781800,78740.64386708973
45804800,31415.558704344323
43414402,38701.689097626266
42640000,52280.9282126466
43173800,39552.06459503478
49629002,39689.30975817487
44551403,33475.622118360945
48318402,33404.67266771341
43878201,79902.4293084404
44556600,26634.971456716878
46425202,107446.23449211122
49361400,43817.663973651455
41693402,29511.108033261546
47485401,50976.02252515183
44864403,57203.458336918964
43614603,61748.914897794006
41124403,55893.90778912553
41997200,32046.103628627978
44877001,43123.26848099995
43082803,81019.73625287943
44517602,63480.12498579723
47463000,55039.771602232024
43468200,20600.911812938764
43307202,38334.49120569604
42979800,50880.40882038054
42537202,43061.49060406226
48433600,76461.98072130831
40826800,37389.11189837383
49024802,53001.37018741424
47218801,85261.26646965409
47893200,62229.53763372732
42403203,41827.66755682742
44559203,44657.53612877252
45123201,30114.789481852662
42848802,27473.878110063284
45623802,66150.79019053683
46835002,21289.440614197447
41792000,94879.1703051046
44115803,64908.582844065866
49642001,47387.46891075773
47577802,53549.79879078071
40861003,28820.291824206084
44910203,25101.773641641776
41374802,40826.330504752215
43115200,59690.92377433416
45996002,46692.60732220105
49107402,84187.6086665653
47896602,95673.56212534843
44918203,39798.190159382764
43639002,57045.45219123058
44881201,23825.26377121969
45651003,58344.41627714802
41306003,20166.62528735534
41239202,26125.565912251106
41477000,67191.75568864826
41049200,106319.22836068386
40972800,51703.511471752296
46349801,69351.79979159257
43566000,48640.52777246844
43940002,70722.02692176498
46069600,31965.713335678403
45773202,26800.678170462794
45704003,55628.47045364176
49030201,63045.25012426522
44448000,55293.37048260078
45175202,48795.04176124903
46579800,63331.76374244696
49540802,34696.60977874988
43596602,51513.01880413561
47077801,79181.60416562475
41936400,83475.91688401504
45906801,62263.44978944449
45637401,48387.21608482241
48078800,47253.158583027944
43990403,41261.120341658316
43658000,13026.06812005693
42612803,30091.26280154042
48829802,66420.10398172529
45499801,32327.431613563967
47257200,41633.68755898983
43183400,38672.10740370779
46935001,49666.06128178785
44863602,44636.78473525992
44012603,69126.46265402381
47820002,19696.1414505387
44158800,52130.91785000637
44428403,38054.634533635326
44118003,38914.85338344846
49289201,51328.18842426556
45666003,52362.8614118445
44387402,39004.61454268592
44451200,57934.58291123653
46364600,64423.37489155433
49859602,52901.93436732014
41599802,55287.55765699756
45298403,43410.858641294515
45862200,49988.8279335441
48155402,58487.754424508195
44002002,22902.49941255305
49489601,35305.10913809949
47488201,66208.73352056791
41086400,51703.522426355994
42778000,91772.2127592468
44032800,51957.00417773351
42665803,32983.278493349775
44151003,38177.59955650491
48032602,32969.61472421863
45456201,53741.363385149765
40854603,50508.3301228105
45686603,30323.41623285642
41114003,105449.3541328601
48047400,48392.691982143784
42967200,47096.29424265074
42307600,37418.41798835612
46638800,36915.774031998284
49529202,54737.468374146134
46047401,74709.33002492528
43668400,32911.77583951395
42751003,84046.60223578208
43027802,28153.034408422413
47694402,44352.777878584006
49683000,47640.35586480766
45624801,31649.411917026257
48234802,49247.14672614578
44581202,28802.961628788602
44632403,61276.90916729247
41761402,77493.95236996622
42645602,32000.87786109813
42139403,88690.5202881206
47809400,71461.65935669132
49166002,61874.16380281816
45502003,19521.544445470972
45541003,67300.80539477986
43180603,59418.34313891073
47457000,56579.37861236854
48650000,47613.964072273
43366803,41474.63105788379
41897802,11754.99333117636
42237203,40873.015529457
41338802,37040.10690222863
43742403,38618.98490774753
49732001,37171.4007454302
42894002,45708.48803190031
41624000,51737.45714125088
42797403,68954.71028335411
46371201,59703.69056956134
47227601,18667.783158448205
41984403,48674.07866203049
45069601,33192.49304290251
46166001,48045.77088979604
44382003,35956.06189761612
45100001,45010.47397457353
42122200,70214.96686005291
47134800,63951.37394778649
43796600,33904.258496877235
41979602,17639.316300831415
45669802,42731.577532958094
46474801,106634.84220363954
44849800,57638.20174187987
47021801,44149.31828273973
45207800,52041.231348108995
44950003,42360.26285740685
46935600,41658.62401242247
45439603,21631.914060364878
41702400,31081.813787833627
48029001,86000.28535870637
46945001,37997.95288488928
48616602,81316.92369371478
46189801,83088.2501110822
43558802,37154.45482799329
44725800,63059.04379386392
46633000,58580.448328203485
44454200,46772.779359804954
41045403,74700.07775591788
45423401,33164.28774797423
44107203,63738.134320679754
43124202,27220.778194268227
43627803,66677.98491229763
42616603,21202.236784535293
47923001,42260.116316772364
49302801,49477.35880817351
48277801,39503.010516532595
45317000,67667.8729383193
47167201,29595.80158808326
46333802,93584.31826120897
41849000,29842.30706882337
45199003,21477.04576061602
47347600,22009.000269881086
47869600,59949.435573649804
42538403,66137.69112666161
42337800,35458.99706757728
44988202,42008.83919559633
49336001,55688.78431678564
46003002,46003.05805154574
43848000,61041.29746494286
49907200,52626.37867812386
42223003,39053.711085205076
41303003,17066.59615540631
47291400,33904.61428345517
43935002,111206.40190398533
43882003,18942.812605392777
45915800,77812.5993585329
41726200,36701.61542247153
43002200,51385.57369844636
41237803,37829.684855406456
48938601,32349.978264394842
43167202,48348.701166742176
44102001,78254.87000694554
45774002,50910.970469584776
42634203,85873.63647750311
43797800,41132.65204544789
45697601,32614.159349931026
44556403,37473.39652364084
46707601,52807.46042567915
45259602,51667.198530959904
42338603,50135.920905003186
48546602,28779.813127131732
43377002,75623.90102722267
45384001,59286.614554004176
43234002,54545.911353616284
42969400,58139.018544447434
41119802,51898.36256308973
47232602,94429.15369411436
43815602,49141.32979434867
48071801,51605.57154088873
44303002,47242.481171583655
43364603,20903.03021403376
48634801,60130.19071553013
48898402,35107.50844368788
41255003,37883.750018846215
49355601,68652.65226853327
43757600,46292.949440530654
43570802,91576.1183759223
41377002,31098.928233197905
41571203,56421.70792034846
46665802,44069.89088056709
46955601,39677.19132244414
47873200,49968.31939115437
42752002,27203.780956747236
45309800,44901.71187784374
47872402,32803.85088857629
48097801,40432.20800990517
41129603,36951.85681009165
47776801,77047.81650477681
43133600,40747.54388974345
43306002,59020.98910653798
49005001,66255.39119092499
44438603,58719.80969836983
43767200,35197.22558331925
45711603,45405.964683319326
43914201,55344.136423429285
41307403,16242.758283990952
42963203,48970.439881228915
47371001,55274.893170355994
43950603,48533.236732437224
43868002,27589.63323550384
46090601,71262.36443556218
47713001,44487.68245353681
49064001,42462.91142275053
47629800,68587.34983955653
44254803,47794.99439934135
47700800,51972.7482617757
41051600,42270.6043164297
45170401,31070.759944655365
43815603,85234.67418610193
45489800,43472.661750837535
42759203,66910.44154477847
44681400,70069.42282578751
47847202,40127.62133294229
44020603,21239.2990073974
43588800,26099.437908077736
48858000,41117.58613032555
48521000,84469.1586043344
45483201,33250.204339665346
42566602,50823.82068742746
44942600,56662.02311413191
41389803,30337.901954993293
48888402,56467.70280321222
43387803,64751.48213829026
41702800,58248.1853262461
49288800,105837.5228655824
44353400,108237.85316640358
46670400,60011.033552314984
43262003,51548.05863794869
45459801,29246.56953855246
41649602,39889.94559706169
42861602,23807.122938723747
44201402,26337.050356005413
44976202,39525.5601800754
44583802,28323.96071686127
41526602,36318.66995669121
45674202,36019.486276857344
47844601,39551.392970412606
48283602,42388.22378058749
41582003,37848.6453322341
43552200,76719.91604920519
46297600,33742.58612893747
47128000,86046.42234163423
44404801,34210.784282890025
44532602,75152.26609475263
41950403,65796.94765568027
46937401,39744.5202531517
47243201,49736.70572647223
44689201,33514.64362998303
45191400,39479.71726256398
43788600,41837.239802541735
44050200,39108.98496016931
41364802,47666.305717157826
48650400,47730.89301289174
49700601,34848.99104099723
45449802,21128.026642265664
49700802,82074.26144123187
45103601,54356.28913961425
41890402,15336.084715290963
48916200,58695.6072831956
46717202,83318.13152263481
41830402,19569.15399875139
43544800,30496.52306294816
41571400,44533.57557018521
47788601,34682.09913408562
46588802,44888.96650191617
42732203,27928.715846097846
45951000,24173.666597900745
49759001,19712.403898512734
46342601,51676.81459079868
44016003,52213.725077709925
45074403,75034.19151307731
45721000,55737.716816721266
43059200,38500.625631739575
49245600,56124.20108925873
49622600,37687.939320714984
41013800,41960.60987669559
44488200,53729.60418375377
40916002,66339.99737117722
43552003,65001.924120848125
46175401,102755.94360638456
45523800,55045.969105878976
41230803,37961.61659920463
47788402,103866.00572300101
43028602,69119.29116609653
41934800,90446.19984405764
43728400,29346.615653771398
45750602,49146.70632124515
43189002,64043.27976644057
44257003,36317.45516795565
44873800,56746.850591914736
47792402,45662.13678435639
42081200,47494.41754843903
45610201,32218.663312450997
48613201,17410.9144091742
41902200,93968.13488010858
45898402,32351.96653584858
47678201,36141.7423886012
45386001,68940.40116390087
47315202,40323.98941438404
47793802,42197.49697425747
44787201,37273.01926990872
46001000,26348.740571110924
44891403,57637.99251914417
49242000,28966.77029297578
45491601,47452.01255057523
44536402,49296.18462265597
46192800,15064.754899487227
46076600,54645.457496112205
47478201,59152.1125334917
47003200,71563.31953118049
45525803,26543.57372026774
47914201,58356.111296742805
46444602,48544.21722656387
41370803,48021.19698204097
41612203,64307.36324108126
47256201,30099.526019416517
42946400,71840.23749543616
42543403,77097.88541336767
46947801,74481.15546794464
43723600,53972.780259157254
47730400,81503.67586099246
41942203,51091.856975697185
46043601,64539.40765942867
47740802,21922.984454169396
44281601,55021.96988674157
46436401,38747.8539954563
44333603,88107.41122807155
43881601,37435.94676223123
44437403,40727.45993179919
46146801,25362.944848189443
46118402,56843.686530076164
45227601,81707.92795867447
44765002,60456.57298462961
44985002,75179.55813670577
43755402,61783.68535887853
46351002,98515.10186731341
41719003,55772.60471126044
44843401,100851.10572069671
42984403,53686.790866998694
41338803,37040.10690222863
48631401,53318.5883151079
45850202,55055.866664345886
48233000,45680.38304422029
47281601,31328.830571211052
42857800,35137.96995652742
44821802,75259.27623028797
49568602,25443.209689709256
47692801,28974.332020055866
40970003,51007.502288455595
44529403,68474.12140045605
46328402,45773.620923876806
48830801,54472.11447186175
47030002,48844.86767279955
43531200,59075.22927628559
48441002,51390.806301953446
45051402,38459.69187845263
47214002,36117.70446152457
46721401,57651.75909782204
47590601,52255.62567771356
49110201,39885.88987884744
45191600,65678.89359879243
42311003,74503.04183688475
48410402,30094.695308669347
49721602,38163.51328130788
44830402,68973.44900171494
44511203,86931.61378775272
43474203,37853.68656954147
46708802,35719.01718451174
43565802,107991.35184330566
46639600,42170.317904772186
43086600,30743.582087607414
44237002,30064.450586463026
43899603,68270.61736589424
42313200,107305.74329292888
44390002,45399.70873777845
41947203,32543.626643699507
45537001,78236.67541303125
47986800,66776.99251617724
42151602,38165.85511016912
47461602,93790.31461203331
43629000,21690.17044497451
41864803,22809.85544865531
40994802,32228.791169527685
46185200,46378.541163564536
46018401,53766.56087598334
46275002,58077.46062856878
49356200,54259.34929276875
47171800,43896.144679379664
44173403,32022.933184442634
45589201,94289.88720853745
47746802,42709.41659257399
48318000,37364.03922098
47193402,33126.889414289
40905203,66343.51814851849
42847000,28803.051838071333
48523002,29697.96342433738
44984202,30731.292397580124
48870002,59920.82812749282
49859600,52017.76676338069
48954401,37327.1021756429
49841602,50375.529523240446
48303000,52466.289107784876
47551402,33194.431419228335
48864002,46773.31506477436
42895800,67617.7352081171
41508600,67674.97199778506
42904003,41305.96054910742
49292402,40983.495192456896
46595601,39113.73007188018
42601602,83417.40625585087
46535400,32761.86499418194
46482800,73498.43907364026
43689203,42455.5574367798
47840801,37703.35589382638
41443003,43420.42193251797
44611202,47278.28794612985
46081202,45967.24685515697
47336001,58002.79762126475
46434401,42386.611310421606
46090602,46356.961604291035
44596602,16615.730985583847
49026402,21818.06163190258
44895000,66042.30876638078
42863600,48629.418926367944
45139601,95154.80990616199
41644200,37273.049636509706
49632800,50708.17050132663
45147801,18921.292685574444
43666203,17954.284764931028
41678602,49594.436172864
41959203,37481.025885043324
45332800,54309.03718961052
41957400,46634.66862296455
45274203,44376.21583317377
48591800,66667.58792142435
47995400,64636.621629092464
45730000,52745.57897034965
46776600,23885.60712252353
47477400,86187.18339501941
44062202,30800.157999908537
44205201,46340.2302994871
47105600,65345.74247843982
45932201,23900.319917413843
48486002,102624.0248788684
45792602,67775.21795988355
49428601,21314.229354756106
43334802,50849.881603248345
44739800,45313.25759840217
44305803,26738.753289688335
49148602,48817.04081289156
44257401,65563.07248196847
47331601,58566.476502576465
44221001,71656.88928070507
43580403,44817.821955298365
42567203,30058.51701950166
46673802,74644.51546896125
43669003,26334.634714857617
41640403,37830.95713505635
40858003,46964.60174263258
40833200,67140.26126001019
49350600,88550.23217606974
45076203,61028.32012843061
47147801,44766.021773608925
47269800,46647.46151538928
45713602,95016.91045615119
44483400,68705.77343370268
44973003,60096.98689823644
44335802,35804.914383445925
46049200,98832.25928124238
48743402,50633.58461527419
41911002,67807.13347757747
42655203,51715.274156876796
41698802,36380.39586139067
41179602,68815.1503025604
49112002,25549.715317401126
40889600,81720.04862595904
41941403,37429.41979503791
49778401,39230.54605877605
46563400,51825.94178059166
41305600,40778.666714377425
40809203,32095.726322468836
42953800,42115.76530834845
45062203,35599.273813936874
42170400,32134.847044192968
47695002,18822.043598316814
45263201,41424.74974222242
41316600,20944.10227207574
45152000,58124.35923714924
41930203,37677.02955708872
44453201,62142.88912695372
46457000,28660.34726517721
41211603,35101.1435963545
44117801,33200.18516629544
42193603,75478.34281936211
47616800,46013.6153546197
46831201,53175.993706707064
44229000,55426.02514973855
46952000,87885.24934491006
49832002,25691.477389814558
43374000,51732.41995221663
47271402,47333.66136060326
47287201,40487.05629745868
44194200,41624.53624660193
49352202,62201.402071656405
49658200,80662.37333453236
49874001,78534.56839711616
47261401,56507.99787780596
49247800,100591.78050504012
44717802,24552.52554499409
41318600,28730.224926668183
47622401,33513.28518180689
43886402,42738.77292866785
44601200,41242.734732894154
45967202,38868.18911428364
42305200,68975.89729397255
43624002,57551.8331116016
46696800,23521.442844574012
46710001,36120.57182215846
48808601,73481.78821687152
43168002,39545.88551833443
49572801,53085.879746421975
47478200,43492.69541784977
44228801,37625.36313368037
47710002,50570.5570145112
41161803,37256.52522388751
47392202,107584.55552507871
45660801,31179.120031992592
43410802,46382.12591276133
47747402,37413.61574506822
43953800,35991.20524962878
45316802,81702.83841253842
43797203,22922.982540471516
46217800,59891.1334516355
42874802,54477.36010720797
48138402,56812.36238009817
48860401,28805.25533013793
46579401,61264.43976175604
41167600,36551.368549541534
41496000,50385.67027010422
48382201,66507.80597684027
49719802,63274.76529002968
42477000,63926.61289408086
49001801,36394.76964556956
45316203,51191.88094066277
47329402,28025.884508023708
48974202,32592.756338627572
45214803,47228.11798819085
42281000,39018.387887665216
48551600,18851.976468316003
44301403,103917.60798770952
46961601,63822.36896699228
43102600,68035.52914237752
46842001,47441.925992754506
44246601,36922.16106508262
48975202,51249.87676948633
43576203,81821.95961949222
46116801,50658.64439888808
41986202,16910.09963855957
43969601,26920.031437003687
45833600,39178.17056001761
42243800,26147.3880477512
47493201,47255.67521216622
41136600,49140.21160609007
49303000,22884.203212287997
47860000,70479.5388590845
45524401,67852.69650820678
44205202,45208.834223503334
43200200,61881.579236265236
45107803,71163.93765647648
46616200,40566.299633355506
46271400,80330.27416360137
43276602,54882.247657733904
47080401,52302.49329329764
43996600,91226.83838256833
47629200,44697.21177680303
44713800,22082.668168345634
47541202,65294.933082371994
46689000,51758.134696588175
48528001,49161.783889286846
49703000,63107.91753153916
47320201,35105.2495822204
44661002,44469.369887771354
42260803,25339.310672040927
44285400,35322.85685002692
45552200,43482.22193145257
48113601,37259.253465452246
46440000,50980.56689156326
47391402,42753.9379125571
48909602,41092.39714544509
46614201,57304.733580447646
41613400,69479.7328538068
47195801,44976.239591369194
43419802,49476.23172804599
45366801,72899.83227442375
45837402,35342.67049829733
42093603,73606.5735883364
46844000,58265.15939994279
46930201,68062.21691244462
41232203,35179.065045747564
45665403,67347.09540396763
46121200,100552.13434340825
44134000,44673.18035470783
41752002,60938.53517664656
45566800,39684.51575680525
47679000,58173.505682080635
42837603,34792.97943547072
42651002,38565.47686305736
42377003,70381.00246091605
47124002,29770.671268107515
44209800,39801.13163896273
42435800,44556.22610131667
42442003,30610.695944002655
47643400,23011.05910180015
41139802,29641.02763401823
47152602,35626.36784232721
45818801,51345.056521580365
48385201,48861.458321776416
42436200,58197.176720191295
41630400,26010.664907726357
44412600,74254.58923518716
47808402,18745.021021518478
42945400,46060.33001090173
49036000,27916.53309281134
44446003,42994.50497045279
42147800,77124.41268903135
42920202,37038.21534188965
47335402,32395.595808926286
49340202,41117.70651367173
48141400,87411.76308890132
48386402,68979.879351887
47733200,46984.07746719115
41111800,46484.08699374502
46712601,15035.872422812732
41283200,23156.488169185497
40965203,101208.8595016808
45592603,53605.64486532277
44472400,45181.074375361495
42460202,97988.4336258996
45503403,99567.51249096566
41027402,73392.97103252177
47870802,103596.13942148682
44911601,45312.35789856801
47802601,32214.198727188108
44827403,30815.722799443196
41106400,54228.251062880256
46358201,40302.74582470161
46331600,54411.17095256892
48587601,74544.94484053578
43900401,50663.54721649169
49454001,49296.91076442643
44308400,24057.405504410344
44570600,53200.609598563045
44588400,111766.05939905676
44703603,40292.03739933864
41782002,27618.626695461782
41183600,46380.34676403469
45092002,36093.03501311166
44719002,55222.66752809296
44488402,30512.318162815856
42072403,59545.67593788456
49540000,55305.843013200494
42441202,64081.44278594879
49462601,30796.996542971952
49858400,42838.69654216548
45056601,101603.46509233554
46759801,30312.513511796795
44020002,49707.15985439551
47514000,24652.030618586294
47716800,25343.711595753448
47793600,82814.97165107829
49196002,90719.5756780323
48163601,40112.72463420927
44198800,77680.6319172833
43641802,26767.778594720927
44423401,34965.41340648159
45500401,65617.87062709482
41882603,22321.45213689228
47376602,51157.955679293766
49751201,34442.89653640497
46073802,74694.75806626806
41781002,18629.465284562873
43566603,29118.704345229882
42821802,30101.032652825408
43334403,85778.9176306641
47553802,62399.80739354085
48860001,36908.925544865684
49911800,45892.136729961836
44745202,62462.84755927467
43216400,29551.68285870178
49418601,58042.72632786351
47226402,44233.835588942944
43339202,108766.09385796974
49119400,30415.721166824544
48490801,33493.97654023522
46703401,39495.40913714032
45538202,41228.64852161199
43219603,53934.84978800225
47900400,54847.98629487394
44576203,32664.094064858808
41085403,76426.35739852133
41727600,51374.685720268644
40857000,85341.02004731688
47685201,35831.86429530744
48969402,44724.619546548245
42030402,52749.510496920804
43398003,44727.414234314856
48313002,47178.88194312255
41521202,47637.314251445045
45926001,36985.752927228496
48880002,48981.84826125476
45114402,51947.33555461361
44981401,43894.181514441414
41240003,38096.57696331793
48209401,44638.41037393153
43982002,44301.57942984351
48804202,39091.0256844585
42172603,34243.9097746946
45345002,63275.42024590913
45974600,24237.054168801238
44736800,102610.91302783076
43921402,48347.20982241769
45767601,52343.802801220045
45187603,25605.23528259941
45779400,43769.97219591477
48975401,75771.800996501
47030400,51957.376870209955
40996203,63192.754279952685
45509001,56432.78247808766
41321802,27614.942546379905
41463402,30605.522109472076
44623800,32233.856949691428
47985201,83570.52039253592
46521401,36656.87752801766
42002002,53733.60861807375
46931002,41048.332881746
43740400,51957.11822044018
47831600,72190.72803632797
41494003,31738.13252499266
49020200,32539.73946363909
43698000,54080.14088976156
40886000,33194.8975018232
45184202,26067.800684333357
48805000,57961.36384434247
46484001,60481.11342270108
45480400,69657.93367628922
45935801,43180.32070979387
42292402,96158.2490133084
48432002,68324.44574552678
44572400,115299.44916178132
49461001,52627.36456260863
47753400,51736.680187494596
41243200,23118.55849438569
44984601,30243.233022317996
41730002,40357.09908164355
42838400,19919.24147225936
44404803,98124.53605431391
47843600,55663.69005342676
49284601,51402.106973763686
45128400,34590.93547407007
47600202,68052.58343306641
42367603,41463.51095877322
45907200,65701.67191179038
41683003,43962.41773906409
44481003,44545.100365445855
42979202,38993.890886706526
44721001,35598.78254096733
47711202,25149.232911645166
45399002,53987.476984827335
44043600,23562.05717996312
43432403,36410.825458846695
41206003,45384.16741055067
47870402,59312.14003263723
42034402,59689.31455856022
48096200,99573.472606845
43862802,51495.86243339467
45846003,74339.67261077762
48809202,21888.2260871966
48337001,46204.47028949365
41009403,31052.728173926742
42204600,40933.27561618651
44832400,70482.7153137075
49659802,43561.89582323303
42538803,49417.966948824964
43812403,35709.00501928182
44566603,42369.65254038155
45233603,55179.9647918895
42051202,66409.80680926447
47520001,62383.59562821094
41992402,21490.56774229044
41769802,41428.69191434735
41105402,96596.31328259586
42077800,25913.090141296503
48454002,48526.63932088751
49665601,25527.16347359753
49094002,57205.01183000484
45745801,61790.08934819458
44302800,35862.96511480903
43520000,39080.15949980918
47577602,27868.97864835181
46127800,23373.840505855034
47981602,28709.421647131567
41822200,35653.10895271303
49411400,50634.77727974028
48519201,41452.42665129092
47758402,80969.06460325619
46702200,27426.59349504002
44927801,99232.08657159534
42080403,92762.13493305948
43053603,54161.61743532754
46712401,58311.85826022404
48362600,36489.69908283246
43181002,41667.69290353315
43500402,67447.28473511354
44300801,32520.28570032496
42263603,100904.45650147306
41225002,49445.27829143232
42810802,45479.20711926254
49837602,51801.000792759325
48763802,80214.89210706885
45649403,29085.863364031073
41287002,31600.778160678667
44922000,107304.90428810957
44901800,27377.206024287065
47845001,46112.20581718894
47014402,56414.80594770569
45662003,16423.313729586625
46266601,59767.296195457224
43468803,46123.473451023114
46529601,79866.2753362894
45092602,45311.36487098778
40915803,25918.582710639683
42447402,33101.70979458063
49776002,23531.3307000281
46480401,57909.90288976177
45364402,88852.6318480646
46071602,46585.67306442751
44267800,44919.298912399594
41239602,20571.212559434192
46337600,49500.68673920292
47834600,33886.116279123235
48584802,65387.42462910949
47951200,45914.687190572804
40875400,31949.10610087547
49528400,38274.28364745698
41995403,23644.57887040008
45926600,27488.575423213515
43138602,59934.55274209769
44561000,32102.916366297017
45440400,56219.052576503535
41717200,74766.42282226033
43371403,53053.182726206665
44248803,36426.81471979791
41200603,42951.636425677236
44984600,50420.894533597006
47183200,43324.60771012742
46987601,54110.493594865016
42740000,27336.413154050824
48562800,46842.738123252086
41766202,28814.961636939508
42362200,76645.46455300513
40854202,106444.34630484748
48156001,63544.06530467169
47383802,43863.99366787929
42301802,35408.980308269936
46828202,48841.82491337402
47323602,43212.098773074445
49711202,55257.32248678339
44607400,58491.71139660391
48124000,31361.652879948633
48991602,34339.616539250805
45458201,44643.19931234463
45553803,23368.00000132276
46056801,81255.92220693761
41266003,30518.411062931285
45925600,35253.87778294442
41759802,83985.48112477345
41660400,26851.94421758988
48553401,49700.79880834493
42149802,51583.565799936245
45217802,53472.1600823402
44749600,69851.38880745726
41114800,90406.9564948294
44184801,60616.82407960782
47254401,43086.660685442046
42234000,59716.87784125378
41570800,58036.21156494877
45537203,47958.387720867
45219003,48399.13267025364
44867000,79774.12626661872
45563602,74414.65070100904
48219600,62872.30425188153
46204001,46490.56210127261
47813400,62145.03114397028
41830202,45511.73413429539
46488402,62672.6632776119
40862800,60208.24371308193
41827403,29555.936477608375
45350601,50783.449640719205
45822603,48284.59611828116
49344600,40953.15133394017
43640800,54647.99256470836
42489403,103667.39449645771
48392801,44403.76741117112
46312002,56790.27767373208
44239600,56802.12529361187
45857801,55115.57994130268
43612400,22608.528840360763
48962802,61185.95755276227
41219803,35485.4806856629
41893802,43743.07838997322
45416202,68992.34672470725
48076801,56489.70088182832
44166200,56723.53997963694
41187403,55760.45781961326
42453203,41977.34942198149
44330200,53595.362671606854
42798003,34088.46678688757
41195603,63099.63445019671
44926202,41361.305218872774
44564400,35200.19215961404
49228001,45567.172661647994
47054002,26100.26522603356
44643000,39006.83787294471
41590402,51733.40592365264
44733602,93844.51052552146
48121400,78736.71726496887
46524402,53577.34102354285
46155401,100246.85513554845
43796803,66639.41725977883
44617400,36132.961580797884
47424802,58071.51561680586
41635600,13206.77603136091
41100602,39135.39444862373
43775602,17398.602185552765
47778200,36254.13324167759
46926201,40914.671911493715
46578001,22026.194201630904
45428801,60713.904012880026
41075803,68389.90179286792
41496600,44258.04484731489
40893803,49907.73176214135
41554603,42361.636332938186
42114002,69888.17937694151
42473403,29988.05199371396
41664802,24831.160399192362
46354800,50147.189738993155
43269002,56580.62139541027
48760201,36282.651573069474
47982602,50649.90203398517
47237002,57798.449955835196
46237002,74381.03956622162
46568002,53467.87194070036
45047802,79049.44578752146
42985402,85864.36529650111
44746200,54773.6493336395
49720001,31792.980434254052
48229200,53516.11400721493
45134002,44192.67640029003
41723600,86577.11762268304
47014000,52277.7194321821
48006402,22698.18231077279
46170600,58665.101965166796
41985400,21170.54651853034
43602003,37397.01671835787
49745600,66264.42337013762
42527200,63555.41700355483
44467203,56131.4115474703
46750801,64462.97591856691
44037202,45149.5892811541
49314600,39331.93596576084
43225003,43668.56183645895
45068601,51517.81484234058
44446001,40855.999077768036
44903403,70665.01951395164
43600002,49854.67001315293
42292202,27907.59256180242
44378403,65793.09307708124
47526000,65049.27616452657
42488400,61104.10420371639
49736202,102930.37738938013
44547203,66373.42364776267
42346803,59095.58360330458
44732203,34747.250668794906
42276003,35615.59561247356
45365202,78516.08040830455
45767002,55720.48341832401
44313803,71061.36337421052
45143401,77509.35426040798
47297001,52077.68566125847
41013202,76204.8658868315
48592600,68210.71927581693
45884800,54008.8120674473
45533003,58249.2989865903
49333402,26791.346587777298
48498200,28945.870939032953
44452600,63741.827248255184
47223400,88211.07021411817
43974402,42554.44703193671
43023600,45967.21208432759
44490200,39874.76599502271
44636603,36994.92654756881
48774600,54093.259252847056
41370200,38014.213279663854
48871801,54972.86156884534
42982603,121634.74548351477
42261600,27866.390550336982
47882000,53553.38580081161
43864202,55335.913866402974
47178001,22766.49159387275
46458800,73498.84163343083
40946602,68053.76150447007
47226801,43693.46520230865
45634202,65347.877118291275
41442600,102407.28249295481
46633401,67648.55142523332
45604203,28666.083616465163
45509602,64515.407138873685
41923202,58231.707963450885
46911402,63474.3647818834
48619201,41240.94736376596
43730000,16621.69538656273
49882601,47171.83816785289
48676602,69936.1309198697
47347402,53887.6513205553
46088401,33275.007840804814
46739000,99085.88687612602
49534202,59538.778044663646
47457201,40092.86324437256
41434200,109009.77176214941
46762001,44533.24693465759
44482402,107083.71360432796
42666800,36749.72986194341
47741200,30894.90805776504
49728200,56325.40748470323
43020800,79641.74061559986
43685402,25864.057822420204
46781402,35686.79120884842
45477801,78238.96181968556
45756003,47716.225319413046
43036402,54472.25796851878
45236803,69339.57206275941
49522202,44061.36029301693
47337002,60382.585932094764
43498202,30998.612781460688
44456202,73261.77983973642
44439600,78340.48341950541
43492400,33401.78580137305
48611802,25357.90965329844
49587602,36568.49539467687
45410203,33776.391232085436
45242401,84829.33720709187
43082000,27831.050266098435
45618602,55987.1570644953
46068001,45001.85523927367
42268402,49354.405457709436
41883000,53652.62273300251
48739001,62106.175753677686
48738400,30952.51455450315
41813203,36262.052090739635
44690003,87154.9487898547
45167203,39141.071966473995
45139003,38667.248386620755
49737400,52805.86623608999
41501802,47138.32789495312
46983000,32871.82796402927
41138803,60418.41906669867
48051002,35878.231108774766
41099603,32343.512231145847
48999602,37136.24715909626
49750201,49913.20945222213
47722401,44681.115831255505
41227400,37798.64798863598
44641203,38656.164024760474
46345402,71431.29417216989
42701203,65829.31899314148
42922202,39185.15749429322
45271403,65692.57591233942
41355800,22646.41083367243
44112201,64581.426475021304
44693200,112555.25232306014
47197601,58106.778572961775
43755403,67066.39776191997
41149802,32246.584540350363
42057603,47547.65443549428
47097801,83793.06032421111
42214603,105425.67625518335
48869401,58345.58357858515
48831001,70626.99962493486
41780603,42075.32243299222
43801600,46858.49148306472
45316803,65636.60396870835
43990601,48854.51269373493
42259800,53812.25637393593
41802800,35110.60623059781
42175002,46693.378563827384
48482002,41160.00279665536
43314402,24142.261018206584
42030002,34535.662673268664
47764002,33675.33360892654
44276200,73075.6651878051
45468402,94962.59804760675
44898200,41206.13586083695
45360402,19763.149851706024
43286000,50749.487907479255
46435000,57665.574002454654
47444200,28418.79013341992
46694201,42827.7593150904
42967803,32607.413192352462
46437600,56639.59696594714
45615201,34772.54821492352
47656000,26786.775426853288
47674001,60087.61982648212
41195003,55294.3684983931
49666600,38296.412517331206
45329801,56749.29718503653
47201600,53013.74651970437
47480801,30085.849950149124
46020601,61851.301925477725
45244602,29468.7698621163
49704801,85492.40296044666
43124002,49611.16819662428
41201600,59978.07616235697
44953201,36273.5760243618
48280800,80239.71390088725
46055201,40215.05237021831
47310601,29959.023445387735
47911001,56239.772196543
42994802,50743.05520985734
41765002,29240.19405944986
40814803,57127.877131314715
48805602,24982.526398340866
48723601,85252.50761833845
45939200,94157.34857192927
42952200,42916.82640317944
44220203,74041.77174145858
44287600,35577.17135532471
41775202,97309.82156739538
47597002,71837.06412313762
45697402,67421.94564530082
48911801,40518.50604274502
41084403,46566.233217296365
44453001,58598.4963621275
47200600,109407.3988190259
44294203,114663.40305237647
47220800,56403.26020866212
44181201,52651.69936868455
48437000,23099.175711297525
45397000,81422.92975697544
48279200,29436.810175173036
43315203,75324.97782778312
45371400,55373.48300751031
45835402,65954.48950591359
42887400,33729.71699244828
41540203,69969.22603059065
46710801,52037.41305496321
47398601,46536.74998553746
49679402,63471.59016275888
45710202,99313.72118011292
43948800,53327.45902428756
41768000,45265.95950761497
41937602,36619.7560989932
48634600,34850.37126995008
45074803,50879.56042783822
46581202,67496.76384024828
44972201,76101.24540140736
42394800,46044.94656102604
44751203,55108.15595274277
48856001,62144.245727154484
48775802,19643.434269033234
47826200,42506.81736404137
46907400,48706.76850135124
41328200,31694.239183387755
42121202,58330.34849448523
41036400,20022.05738188934
44344000,26127.454865101136
47688402,31402.371905069936
49860801,76410.6709446558
46511200,32088.48485505385
47461201,26918.829564328247
41226603,23232.489818763388
47296401,51755.823934422166
49028402,58836.07369459364
47356602,27366.524795650934
47044802,62063.50769969705
47119602,43236.335733041895
46902000,27016.203510069186
47544800,55249.86118130647
47312802,58297.99074886366
46682802,62210.73204704717
49552000,70221.19529342942
44790401,47595.02383196629
46323400,46467.2046711093
47329601,26166.09800493581
44451601,27361.904440013896
49416200,22331.444504058752
48797800,40876.4196723989
43833602,43222.10187566094
47844000,46835.743908527686
48512602,45900.38078549647
47878200,38209.30314376818
48243400,34365.98714248761
46440801,40216.27468898978
43939600,49698.67769933144
48861001,58207.93582833508
46702001,41764.24041783036
41012800,37184.437199375294
42930602,50272.455205527745
46895002,38924.04105613241
49816002,31748.259515806923
45374203,39652.23116626694
47200801,24923.88966043866
48748201,30551.495059510118
45067802,66294.00366084947
44826603,84268.78779994091
41178803,39402.099196085604
41253602,21180.697047091853
43127600,99172.12489425836
47251601,54999.671027559816
47710800,80292.01198902394
48288402,89575.74604095005
47073802,33019.056241523926
43002402,45112.26574587561
43874401,29674.847195520888
49945601,45934.62065404858
41939600,25932.632702187148
48861601,35070.73741275819
45344200,44290.20351991944
47316002,36630.76867840565
43549200,26110.88864462534
47218002,65137.83817095007
44207800,51094.61360835731
43636000,48932.74255080844
46329001,21420.91722176827
40952800,27512.317691936347
49446800,88292.82201304482
47478800,69754.16499149048
42180003,50338.94542158388
44044002,33981.16909637688
49109200,69535.36198790865
48759601,46251.50171092655
43954203,65575.93531203324
43618000,31039.262976530976
43799600,59178.89347268807
42424800,32415.692245530314
46772602,66361.82450619551
49139002,102874.88193928715
45270403,39730.76572762313
41302002,31677.201752550965
45225603,60336.90612743728
41023600,34658.637235925664
47682400,52780.56107160877
42576803,42368.82187318955
45591602,44635.19136928882
44852403,65874.3242078642
44520801,70177.85662564178
46005802,69261.98926844524
48051001,20838.54370780025
47670601,99500.35311795579
49833002,119806.81604127091
41348203,19227.569132264478
45083003,71230.57134724632
43772800,41442.326427345186
42828202,95201.6571689051
44948201,55393.392353376956
48519601,55144.9840702794
46749401,47674.99970316414
41219200,34911.78243446681
49110602,41110.0192832041
45755600,76896.04585355584
41493002,58451.10239477042
42481600,73793.91530925325
48204000,79760.8160978619
41032002,84093.34053997595
48996201,39764.99413198441
41098003,67396.8752481964
48320000,46689.72169266557
46329000,37782.47450934659
44218602,25777.096682870862
49404202,53070.31970404445
47627801,38081.647988557525
49191600,70814.75442391893
44942003,83084.47036514601
44035002,94194.17868267145
48053402,34640.88019117049
41137203,41303.53540236571
48383400,42334.64889486578
49877801,71637.82705427372
44431000,78142.15605384906
44739601,57935.26710605373
45036800,64274.67635037058
43283802,51651.67923921354
46823401,70210.43956859472
44156200,33808.77535300261
44122401,69220.58773062947
49277600,55573.589336044584
41451402,45559.56725204195
48731002,18363.210207633725
44993603,50543.57563518551
49147600,34957.61633919918
43815002,32383.12032777587
41861802,34080.44710368605
43568003,54628.23829969807
46130600,81023.72941127146
46973201,53677.42821722445
42441000,28404.239019354507
41160403,29582.341594559737
49686000,73054.7049107649
45654201,61607.02905758637
45029403,55653.428895663164
45781201,95715.69232614669
49832402,42813.775947429865
43210403,25899.84200784056
47716400,44177.57647435457
46846002,38269.61457706181
40818803,57346.479066283144
44297603,44803.488121117916
46660402,53885.87104274342
46696802,104458.40965626469
41474803,27982.34387007195
41135202,37371.05625573128
49739200,73471.1857861464
46587602,59277.23322992248
43226403,23851.488495841557
40812600,39355.32378147787
42441800,53695.07061713586
44505803,98221.12365373851
47926402,99706.29469338756
42149203,65551.75088765811
44510002,46323.755147962744
44637602,29310.444524597195
47449201,70857.28247138589
45118803,71022.56717018537
46855600,33078.06760459166
46088600,60636.506111439856
42861203,41933.174041632315
47820602,28462.389950113182
47869602,21605.35539768746
41925203,95065.93436218653
47694001,46474.08026842805
42849802,44153.565988192415
48379601,47618.8881791161
48402800,31856.75935421633
48067800,29309.2096737428
45260601,79812.32212828852
44345200,33730.30442307577
42930402,99660.75282102072
44819202,55848.48110604628
44178202,31451.336036558103
49387801,33093.08767750196
44659400,34709.552682148154
42190203,82019.75515179006
45050802,61237.42066764657
48577800,79507.8436283785
46959000,93585.47021627038
43122000,98244.48700719187
42136200,81115.25347619042
49795602,39663.3221785036
43617602,42309.48975459533
41128403,60273.92996212751
45848603,57420.54953619947
41554400,43016.24617112271
48843200,40365.38512288366
42554003,40039.80274524022
43296003,47754.72516782627
42491002,49314.571094401355
42165600,63014.93855554987
42198403,43656.13304041493
44387001,35548.51160437121
42795003,36224.0906061589
45640800,80519.37162514687
49222001,43825.04742382449
49764201,58790.21703191484
45311403,73572.31489961628
44946802,70682.86640677789
44342801,26921.643290039974
45969600,82154.9267015083
47935400,26857.23095213888
42912803,63399.541770232136
47538402,27542.225456433924
42520603,69051.67160626696
49078001,29113.803495977707
49193202,64359.52663554933
42269200,46086.681482382526
41914602,33026.26607478776
42492202,45240.82694858953
49716800,27057.428613004646
46196400,31411.730128531308
46122400,74827.92444518955
43638000,71162.70242158248
41655400,30458.906345933698
46554801,57003.13131951177
42668003,30506.532662518577
42904602,46342.127159592535
45302403,66378.16278434015
43323800,32932.129655941266
48398602,72045.35693386036
41483203,53395.11257995088
41577802,20464.029540634932
45402203,59528.11719563625
44854601,85031.08416112841
49855400,36162.563298281355
46365401,17156.071979497414
41689002,60349.55000817934
40832800,77390.06699897225
48405800,21950.02199668491
46015800,47956.645163586276
41384602,38571.927894653185
45804002,41911.94411160137
47574402,37381.071945578195
49072802,33663.02408302744
40991402,32863.26220414869
42649600,49049.526546392
44527002,65544.10323146712
49271202,59772.65650338929
43061200,106258.2932948674
42300000,84008.74103203269
49688401,50187.56106810982
41100000,70390.03688037813
43876400,24647.28645384607
43338000,41764.91077226852
47122400,38746.46183207225
41573002,31253.92809659332
44551800,23973.275411692506
48731401,28463.986993957333
41103400,41669.671713214906
43117400,47590.71387811321
46967201,51592.791195617014
49853400,50754.867942512145
44359401,60492.02989668244
49052801,29921.64136351113
46459000,66393.2683369845
41992603,68998.69803267288
46536201,66121.39837065202
48834802,32099.299284316992
45136402,45031.87311335781
45834401,43852.441055054114
43462402,44747.59485490188
41763600,85540.05545122296
49722800,66194.13176347894
48814200,66812.98108600485
49613802,70870.47359536392
41072603,49248.832585234
44222200,44016.78001832466
47951802,41002.77517767943
47064602,58411.34196110847
46754200,79728.01315116318
45691602,65748.84045705594
45714800,26142.90042685668
45648803,83160.31382682429
44528600,43485.66734486188
41646000,59755.07951689079
44569401,74148.62332018447
48242001,38395.53837050152
41159803,52996.88731300785
42872003,56789.865006608095
43238802,47647.6720673065
43741802,53364.96715092175
44583401,45886.07812262288
48436602,56173.057517839625
49565801,52283.13745299986
47657602,46126.133912449215
48161800,82091.57839145596
44307402,41501.130266742664
48962201,35738.35378225427
48052802,43733.68527410741
45943401,62968.867387417384
43115402,72344.86239739643
47950001,40936.44598698916
45494202,66926.7240740953
48398600,46678.22092465834
46603601,86376.72362588764
40973800,16332.106185653996
41552000,61651.91082239539
42673803,52245.046771444526
43586203,42251.0580494029
41132002,81587.51793323658
45424601,50712.71136726854
46718802,27584.877257106265
46916200,73069.26267016452
41945400,35967.60935169666
43887802,85555.62083032203
42432400,33035.70490167881
42519802,32123.57312086825
46433201,64573.24019106677
45407802,63323.92159733455
41828000,20335.434897419298
49699602,51894.701418675824
45627202,52674.82417389757
48492200,90200.78204209328
40885000,43239.08929114431
47090600,42789.70539099887
48783001,53184.08773565575
43229602,34697.777883934614
46007801,56387.29483862964
41261403,37382.826666854045
47532200,37168.6973054565
48109402,31955.923408601062
48146600,38941.147797334765
40911602,22050.977670489272
45505600,68029.70001046036
42515000,44644.147044994796
42870800,41981.26397518355
42836002,28926.609064722725
44497001,17425.10736826541
46208801,67227.45734418226
47892400,57441.15168375711
44795003,32801.38420089834
47791601,27283.886353440845
45668603,35077.022203281245
48473400,26481.834569731494
49252600,141221.1711830353
48074602,34597.99971352172
44901600,39902.43645653307
49062802,46114.00037994585
47783400,26376.839998036434
41821002,41693.8491387725
48771000,66267.55376027635
45150403,22503.433594412083
42267003,66783.4850942868
45116401,29252.95314089954
48402600,31193.3537760955
42934800,50792.51308769513
44693202,18055.703094481396
46167601,32286.00853425533
42472602,55549.077632747154
46747802,88407.7797204835
44133602,43887.33591423405
49248602,32330.35155585793
49376402,57284.108633663236
45967602,36657.714279293534
49492802,48264.533456163466
45209601,53225.71389789393
44672000,49832.84551918955
45968000,102402.39853537522
43747203,55339.11720568524
42066000,60679.93573065773
42441600,34666.01816078006
42539402,48159.33393927142
41920403,44663.338364448035
42491400,34853.0624640516
41908403,53101.27893878002
44403800,60764.899930916195
46058000,39196.013268490016
48007000,59798.634327698375
43539803,69618.13980801542
42830002,70819.72955503271
41473402,69912.84875818888
44965201,45655.201819752154
46584200,35994.35341864279
43913202,39171.369350863075
48550602,49407.43158767851
47181600,74002.39824244891
48803000,41883.29993046522
41329800,36764.431389541125
42539203,70688.75513147133
48135202,108196.62666330632
48576801,30271.473038183307
45288201,37551.15282038662
41381203,32485.811154034367
49479802,44149.760727658555
45986800,68662.5402484052
42489002,61498.030217798245
41918402,41212.384011717855
41604802,55825.423654147
46178000,60549.97520853697
44030401,18861.848441499264
41209802,37519.591679472236
45982000,53512.934805992285
48252002,37447.05167090886
47593400,36421.858331607546
41752602,16505.810521157982
44616601,32367.53534733189
44828601,30138.813939017833
49830400,92384.27320938242
44989201,34927.45242049956
41248400,20160.177478767422
44274201,43717.34061517208
49648801,68615.76740650072
44445001,31699.303564603797
47085401,81701.42496884736
43311202,49870.239156916025
42929403,33534.383627431955
46446600,20260.96536897894
41856000,18824.86561950329
49531401,70838.80003304464
42249000,60094.09680710654
44072803,47218.9280526693
45449602,59255.95676875136
49183202,72878.83355541236
47796002,103141.0041405947
48010002,35949.36596314287
49297801,64361.29934149428
49803002,38513.083203958224
45632600,83591.06722347057
47208000,32096.465070975384
46912800,42050.247449489056
47583000,41625.03899189327
43746403,39799.59472579311
49408001,87221.3528417973
47648201,33529.281560645686
48340200,22683.50073251174
42760200,42252.41169694056
45206800,57594.84236782586
49802601,28210.936026889598
45769601,46339.14434924998
43476802,56995.12056331242
44059801,56959.23341240524
43476800,69230.44588524655
45194801,76381.48795455015
46167401,30993.503139321212
48058800,35492.50183310107
49784602,100911.04801415827
47820802,23609.16611978999
47851801,34995.844340703676
40959800,30700.583543038687
49811800,71284.83811545919
44243003,52797.46948030969
41936203,37615.09726729774
42633803,18991.460337039593
41327000,34908.16340075366
42451800,60466.27273021461
42007003,29398.115242796855
41129203,49443.59957480906
48755401,17124.254006108655
45803801,37339.548568981714
45235801,76244.3767201991
44624800,52533.50246735021
42168400,24252.69838916452
45820803,34313.51813527005
48689600,52534.405266173286
46905000,18791.58171872032
42672800,42420.86004241228
46805802,33133.668336006405
47104401,26941.330943733185
43140402,30059.780209178018
47731600,69959.53128594518
47315802,50622.742064531165
46772201,30205.928553911894
42684203,63104.993772727925
43932002,72671.49880152768
44753200,60131.00794127648
48110001,73462.84055986682
47755200,36180.15403893127
49116001,39224.960139643765
45331201,40666.40327475508
48570200,102148.48128816724
43407603,36231.06721967399
42279803,48179.71025145185
45964601,44760.667469451895
45082002,34795.80213262507
41199000,84041.58563384366
49171002,29499.638575738747
41254800,22832.452962598865
44990202,88514.38426867494
47793400,41128.13822257415
44889402,61199.25418804738
45173602,49701.66885654479
45801600,28130.685449452765
43553602,50827.496115089634
43327802,55072.706291956914
43355200,50795.26985321326
43014402,55399.16650318731
49978800,72981.61479167787
47120001,85721.6667001766
46146601,26969.37118258093
47366001,79005.0631080335
42553200,20309.985767878476
49704200,29810.177225217747
49427200,24955.764634816755
44001203,59314.72815124997
48603800,102991.21305275074
43044400,77405.44060978445
48256201,18905.845615100166
46061000,42519.29167026669
41225603,29048.19172325617
48393000,69045.4468576043
49617200,27947.422235798767
42469000,29483.40912869564
43660403,52436.703839946334
46230601,56300.64745210453
47259001,17357.29077490324
44513402,31406.773382634827
42652803,39368.976536035894
46728602,49560.7565942942
45432802,53865.802901693576
42479603,49292.1970949253
41257002,27438.21252522138
42017602,60594.56039459567
46041202,31989.458147917925
41720603,26159.18334093059
44541200,41828.07753026982
41617602,84847.90273817093
42063400,39951.84521209469
41032402,107793.63502140486
44742400,36857.385360278946
49495601,45224.184183072815
48083201,88679.2169637334
48041801,94037.40836238828
46159401,55809.35617711654
48046202,23988.944330442588
47729800,59701.29095905564
43722600,27038.8926251652
41829802,44479.38289023082
43028802,66501.22139521908
46342602,30212.662547432068
49560602,18671.440595219596
42757803,28216.73499382266
42941803,92445.73474673426
47019001,60576.029724351785
47635002,31809.101016259716
45575000,62702.68634319668
41237400,31099.2307895586
41262803,26367.407674179718
49181000,61236.57215101714
45448601,37160.09356755558
48847002,38513.157888916416
45495403,46215.15826134925
48845800,38636.47051883112
41829402,20359.561603450216
49319000,58602.06750362767
43204200,55286.250487247235
44598200,53138.00520895542
46156602,63738.0436316044
49072002,61264.04235603543
45419603,73581.82448853547
47724802,37173.405017858524
41829602,59686.18817903421
46646201,60305.05429341102
46312400,57838.13994487979
49777600,39357.927458743485
44908201,73775.14819144996
49242202,112518.33722792033
45321802,45693.20229604244
44938400,47072.53139850258
41895003,31806.04262330335
47237800,40130.055840688015
42131000,33221.496448704245
49934800,24465.450744325033
48260602,83004.3511647489
42130002,55402.08294111198
48677602,53404.84121604175
47966201,47501.09494500389
43502603,25707.775755617753
42840803,43576.31360908176
47524600,65209.31746145932
41918403,53408.18275164981
44419602,37273.137753866635
43760403,63797.66566718656
40934002,81188.39283297953
44788403,124309.25759600931
47048202,29210.795917744086
42749402,47432.73725861928
42494200,78943.41015937537
41306002,23751.46766014472
45883401,73753.48677245692
45827001,26715.743263797092
46335201,87942.87465821137
45086001,105804.55629160868
45056803,74594.04382651579
44917800,83330.54004770592
44353600,108447.35567220132
46298200,66730.20024445806
43191203,30465.99540640833
44046201,81987.63851063004
47068402,31228.302579973868
47504000,31978.972204447273
43050003,81770.23226693182
48686802,49036.324303831745
42112002,58267.568976487884
44074602,91286.64615191412
49254800,63780.99627288629
41126600,31057.18800094223
43736602,67417.16949333629
45772000,82207.24629847614
44747203,46649.65623465658
43038202,43462.40891068702
46135002,21363.975092440654
49244601,34815.480873826215
49839002,102254.82664752007
44297003,44991.542172151465
43302403,60185.30032481451
43740603,103037.52323462843
43039800,26248.037634136977
42711602,40743.608992614856
47444600,20173.323623363038
46776401,51994.32957171269
48533402,51111.072583590845
48371800,62197.85028409751
48832200,51680.0186995849
43373000,27445.59493073658
44541802,31105.954392176354
49925402,83095.10688685867
44763801,33755.382693793945
42739602,87138.27477004338
46782001,57894.884247564056
47908601,79590.64637535225
46039201,43632.94857279695
45138803,36686.14095325658
45118802,71022.56717018537
47018802,70635.23854211411
45865000,44526.23312367083
43855402,45657.69704084018
48870800,34474.10297981292
47327600,68726.36229448374
47204402,31542.406518931602
48288400,35021.01934336837
46955602,86503.82941864886
44628202,49491.833306301036
43847400,32612.04308938799
41951203,25063.904034323103
45559202,33810.758898517066
45287202,30379.082842169257
44617600,50625.7419350539
48491001,37287.042462618716
46374600,52187.3182040868
42144802,50232.644692400376
47632200,50924.74363391235
45826600,33910.71028114339
44082401,31309.510279814196
44038803,33414.022308039865
41855603,43173.69126214727
46244801,62443.316219880086
44377001,26540.035670297148
49504402,64960.13842938883
44081600,39912.997117558734
44036402,56428.63151355182
44028403,56240.62970552519
48737600,96135.92144272692
45851802,48002.513425484794
42878600,67914.43306381236
43339000,36413.6234579573
44891203,42411.47874323773
43016803,69487.74949667217
43698203,27863.764190468683
44903002,117554.12436590894
42750000,24308.853389806885
49925401,59479.65636078615
43531802,49467.58632401972
48210001,42657.940684814326
49869000,31083.428571291057
46307602,44957.958290298775
45125603,49629.06155210105
41378803,8688.438084795853
45967201,36346.01979991496
44953401,50036.98818527392
45930400,28264.565439293612
49397000,76057.67348220805
44735603,63496.126610081614
45210800,48961.03909461835
40902400,30061.17229421722
42373202,60101.43895493736
45640202,45355.9226118566
41827802,48639.91138351397
47421402,78079.33047453956
46748400,20334.88229269194
41917602,39734.91947129277
41089200,60408.02075224172
41377800,30685.7710085477
41648203,37719.972822144424
46705602,77712.52131002808
41015402,37827.86766847584
42168200,67427.59078968708
44076801,64347.94782038015
46300201,41971.30595028615
47192002,25117.594407739118
48925602,39710.17948583111
46073600,72949.15589526236
44930602,28385.155752739265
49421001,17420.79580672412
47118400,100600.22813995756
49756600,52871.70873331726
49025802,53521.302445362046
41168200,29531.43456787176
47472401,33180.88993132695
45223400,26146.751619427378
49093602,57326.15452734192
48537400,32553.453401051374
46127601,23281.924794074213
43877802,79345.10025467855
42237200,74688.12237297784
45560601,20090.092035477523
42619600,98740.2774157202
49410200,35638.361251326874
44494403,42994.78277177596
46742200,87415.10627720223
40858203,65588.19213289548
44022600,56447.33827724152
46344002,83020.0731192731
40886403,37275.551555118116
49352601,42808.9472558067
46438200,59845.79850644529
45591000,37737.130221762294
44155800,22425.654330658603
44470201,76334.81543811067
42287203,69486.96292761469
45193400,96088.60975575767
46598000,71394.3434191606
43210402,19403.25723806071
44570403,60137.16599306953
41246000,33066.26399667001
41793003,51557.838913954925
47626802,41593.635646910196
49055802,32178.049756929315
42676803,63366.380693859996
45220201,99598.2357775225
44014401,44460.68355796076
41754203,38397.6586531497
43922602,47750.93463726826
45890000,84571.740138698
48971402,32281.03965135757
44000400,56471.11134321516
47993600,50068.48308644449
41820402,51514.977997119255
49119200,43274.52989728453
49647202,46988.91278245179
46019602,31667.80729022179
44717801,92180.1295023961
42514800,28396.038978417986
48376000,51969.57448616799
48001802,24736.12595479504
41573603,24470.551095553135
42445803,18620.349490035464
49734601,67332.76204532235
45228602,40688.298867922815
47943001,46656.13857195458
43701002,41511.41135385881
48166002,60872.76024385829
49444001,69746.39586082268
41239203,26125.565912251106
47161200,86320.39283247116
43206202,64371.17658727767
49770600,49938.54226042532
45407803,46614.22822953984
49051601,24795.584979567153
41587600,64181.05667842401
41889803,57525.77620451958
45354803,47911.699615878024
44257202,64509.874466484165
48654201,96431.98991571361
47641600,34274.61162107003
46788402,61933.694783793
49331201,48693.3435300612
48172602,36837.337872758195
41228202,113240.01150913768
43449402,97427.22026504934
46163602,36311.93750340848
42731002,26068.939498633925
48492800,88189.31133741426
46439200,40166.78157898346
46500602,31402.35914466658
44010203,37883.72962939962
45160000,68074.27658613253
49758202,61471.53168028948
49184201,115501.8179697379
49563201,53486.94389357298
40978200,49969.71968814726
47193400,56233.21409688123
42802603,60713.80064829216
44334201,64082.41196811079
49917001,44135.845065201334
49783201,41309.040847591605
44569602,39285.1069423154
48970001,36379.60966127615
44771000,28882.19766765811
45375602,41018.21811329466
44884003,77500.60955920871
46530202,26603.16608684059
47303802,57409.6453915331
47453800,49569.02166102482
49113801,47977.31310601453
46124400,53925.619789539385
41829803,68276.17488797568
46890201,37955.42085514909
45526603,43753.85271314214
41762200,95933.50656533772
44296600,64381.022042756915
41654202,56967.21833342977
45320200,48620.370004537755
47509201,31660.06629475605
46703402,78425.24379439605
47169401,103619.31185315795
46312602,55156.828928615854
45497803,100438.89305317847
47312002,31700.926898509082
45056800,38795.711299043214
44416601,31864.90463681041
48510400,35499.466758109505
42527202,47219.00283630948
41208000,66277.7441770306
44050002,77143.15282180016
48547000,52706.994437454276
44130001,21533.850011882787
41480003,63957.80865110703
49114002,32205.437240508392
41590203,71984.05944603779
47526202,19510.67506132304
44037801,20217.18372886043
43050000,42950.51796076061
45696201,38350.425416412225
45957400,31984.797398633003
41954400,43154.95681123034
45904802,76135.26887516725
44673201,48717.60398693192
41011600,72784.73785586687
44627001,66801.08992718364
47749201,25681.01241314713
41290603,37586.27379239009
46483201,17006.916625198093
42547802,66666.34453578036
46585000,41660.33196416883
43935003,43290.73075623076
43271003,125928.63001204113
48315200,40242.60958244979
41512002,81352.94766114769
47454201,34537.62125734152
42471600,51340.14973170087
46515800,47280.92914802076
48405201,61012.228306876714
47193201,103931.06747754285
43710003,63620.58862716949
48385001,27454.974034840146
45626801,24760.23727548999
41924402,33656.925563821605
47539200,61523.350864167376
44471800,42028.259686263176
42617003,33575.84664764981
45424202,46454.75238763878
47493202,39611.86923896051
46042000,65675.73752906221
41241200,31641.0411261598
46312402,57490.96889514912
47842802,38991.99352513682
45437401,30310.772906479535
42467600,30269.64319560383
41005802,29810.422123926357
42924203,43504.042121597944
47513600,39150.664530753864
42897602,76820.3950945725
44811400,48281.469437287335
49241600,54768.22287951011
47111400,51402.73450262816
41134400,35447.071846924606
49201201,51845.40689084231
41234402,28970.18561208702
48605600,39705.22486928447
44597600,39256.93691022507
43997403,48516.0835936149
48058400,52288.48847701181
43700602,30445.673167235385
47093802,69687.5613759262
42894602,48782.485605595895
49475401,38220.81093705564
44029400,75694.66283092576
49876002,44425.189093462526
44253600,27769.829932294604
42190800,66155.44599725165
47535201,47441.27211061533
48735600,36559.59424520376
43581002,48954.75983815864
45149800,76353.28150663878
46850602,41265.33553667595
43520600,43121.589689957604
41568802,19310.57834736666
40949202,83395.47234926956
44054801,60980.88348777155
43917403,38593.70444806428
46987201,85075.04373389707
48318602,59943.19107474522
41585800,64172.566986291655
49833802,63636.527356888924
45734803,41540.4519929501
42653602,56505.92798166968
46649802,70285.0057911514
49161400,28432.84435860171
47541001,24792.793316037903
45698001,50131.448837273085
46312802,47306.65302195844
49776201,80026.08324598272
43144000,55867.39681196439
44377003,36503.86960482532
47390600,103534.46431340152
49269202,81572.88646965753
42572003,25827.84852460015
42223000,44866.583541087726
44462000,20830.178823560054
47965202,39326.86017462734
44925001,78853.1230366358
43672602,47736.288322388216
46289001,48399.3273572583
46938400,55244.72343931686
48455000,71472.44304113508
41647800,54367.84646612006
44564803,49808.00129461922
46699002,99271.9432976896
41516802,48880.88804083172
43926002,50494.036050645256
48051801,54218.96562587937
44591800,43643.65610532236
48352202,28565.5797209406
44532401,41407.40206266491
40959203,82171.87482642508
43586800,63817.369757638575
49955001,34552.44282498424
42274602,66897.45623415013
44156600,35496.96713443415
41262802,26367.407674179718
42797003,34300.490857298966
49426001,72659.29410900289
44742802,64685.292706025735
42319002,74906.36098046224
44654802,54670.46840385316
43092800,30469.940030182763
45343603,98525.4035763236
47205401,56618.06182742474
47366801,44674.810188586984
45894402,78627.68691263597
43450603,45538.314317290526
47399401,46196.56030059111
40832203,26827.223034200804
49209802,51017.109816789954
48644202,30279.260895778614
43684200,56139.0628312512
45822801,40859.51179581613
49574401,52084.97276146793
43651200,23923.162404829527
42376202,35971.648847476514
47726801,39979.743743336396
41603802,34505.77880036592
47673202,35223.11329503936
45119602,66874.77623207643
41245400,29440.210489162273
42152000,22002.088823564205
43031402,33767.365829012684
45183203,28050.433661743387
41983000,40024.09045878789
49740400,32031.571320414514
42109602,96676.21455711435
47030000,50496.99823965435
48536600,30777.412343624317
41903600,79665.84237286137
42150002,54076.32837416498
49515802,46614.11926467926
47818600,20977.9008719934
46764002,33074.668274138916
41867003,32413.886270565337
45377001,35453.864498727206
48268201,98014.1414132913
44707002,52341.6224464907
44471003,52123.12267463161
48073202,59086.389527835556
42602803,56134.5149050192
49509202,54364.54852923017
46808201,29266.904186937034
47146401,79019.60953449711
45213600,66438.28951669947
49777400,58963.07331936568
45299601,67522.91283061192
45933402,68711.18059425309
42067002,63648.17657345967
44222002,84339.80186514476
41970800,61966.41205332907
41531400,42215.103891086175
45743801,45036.29039474203
44523200,17921.24009430407
43512002,43741.542838171496
43739600,53357.185746454255
43184802,27239.032504733892
42781000,73063.03732865425
44703800,42449.4206941559
41756000,88090.50208472274
44547603,45758.46053124254
49437602,63615.85482215255
41039203,71457.89270261306
43720600,54026.680045618625
45069401,56786.23426569527
45752201,110902.36877437847
45989201,23260.473127483667
41098200,24949.125389863664
49190601,29227.839826724005
42302400,60228.43971494339
44131603,30757.87828728938
49630200,58629.5100547323
40823002,57760.68358510339
42407400,36533.35709396366
45637402,35965.28550615439
43856002,41769.242110983054
43137202,59041.22617687081
48866800,27640.700242593208
42602603,49701.525224938174
44205800,87908.27241042838
46357001,52229.775359822
42562000,25883.383262669566
44688401,20508.069600090435
48325800,40444.60278532519
45678403,32918.278733008374
45977800,28677.114721798273
41423600,42199.55008939741
49546802,55497.201366146925
45394001,67796.15667568539
47429000,59994.639251768254
49206402,87166.99051364856
41012600,38401.758449934714
49241001,36199.77043372335
44633002,44248.25139824852
45129001,75953.16540191165
48767601,28001.925157933736
44755603,57741.17521279561
45421203,45627.001055553665
46057402,63203.435263849555
44739001,59616.351115601385
47619001,100180.95349908929
42760402,80410.18974147801
43535002,58131.46142727352
44932401,20406.264769846413
46166801,32236.706029287205
40952803,39952.7336339242
41366202,20329.25640544895
44630600,30852.691162718445
41824003,62595.359479840365
47686800,53389.780700852454
48006801,56159.935235525874
45182402,38108.584771173286
42874202,38973.70875861045
43004202,49898.63310089996
48496800,28899.7591970528
47717600,37675.04778756124
44495801,27987.84506566741
45287200,26031.287374710315
45967000,29764.76763689465
43655002,53858.2546142436
47922802,25969.392266091745
42594200,36862.7563057809
42168402,71106.05323439807
48949601,46146.826598656655
49041401,48868.962994448375
45665202,82932.16214217717
43995201,65037.029392143064
42399002,47039.47793370555
44182000,57658.05069914098
46556800,24914.303011319163
44853802,71665.30467162644
49046001,38521.89598253554
44527200,66833.92132780643
41818203,51824.0562665103
42879602,39856.2390270054
42957803,46433.96705418653
45432200,33039.96401604359
47972200,32139.419753464033
43516803,24078.02004189635
46459401,63325.49808592479
47727400,103551.83561958378
44494803,53104.34853611916
49161600,52891.66689300575
41956600,77533.37589107447
43969603,55298.16813196818
47284602,58114.05440806386
42207602,28795.413226712495
44821202,55894.036515547894
43998201,41020.52181917584
42181400,100098.05591481808
47752200,59865.12043006672
48566002,72735.57012346855
46683001,27250.407772272018
47089001,25670.505701498863
41168603,47523.02128647773
49898001,26813.832514255795
41525202,72455.21648486912
43322000,48067.147856122836
43699203,39357.63915248645
45518400,24939.116622096924
46808401,52619.43853736102
46430001,27286.387517033756
47462002,27831.601586566205
45233802,63562.60964254323
43134600,95862.5838134771
43921000,49622.11851031153
44183000,18745.583064208688
46252402,83614.68275547096
45557801,50140.84682697026
45535203,28502.744751967737
46067400,32649.203654877056
48341202,51641.312379967705
48704600,64523.09281267662
49176802,34116.34578338252
46867002,31861.728970380536
49199800,27039.35025469512
48149602,29561.62571356377
44737202,68160.10803327635
40861600,67460.13534162939
43987601,31628.03505017009
45405202,55202.411843125905
44907400,70970.30357692827
41379602,29126.463689129312
41774602,78097.68767840517
44497000,57822.15200110874
49529200,36515.24286987745
47748600,34029.329044400474
49370400,105450.97523718921
45106000,33966.54041930742
43422203,49650.06980554837
42261403,62047.79652891845
43189200,31515.077766607494
44654601,39810.49839672995
42041202,57077.67906891736
48517601,39112.03721883525
40844800,67311.87494554164
47011600,27810.02765060569
43237200,33009.51738437474
41289400,37126.39055153756
41294802,34420.066004521424
44593402,36701.59833225771
45058600,27646.344413209845
44227401,37655.35309358585
44672200,23968.164269865076
41331600,32296.729824045426
41713200,36666.30485800727
47493000,27378.89566792138
49100600,29952.90759902526
48241802,42149.00016892639
42498202,56971.46568650044
45802400,39905.75353212448
44355600,65976.92196385132
44501603,23250.86215471189
42145400,52835.57832395072
47958400,39900.44273812033
47157002,31356.009891909795
40816600,75516.85818090937
46801601,57956.8017561335
44982601,53164.10170291266
48909801,54892.86531483238
44101201,24707.042801153715
41258003,24267.803872364406
46199801,34660.2488733338
41727400,46865.063510392545
44434801,30001.887395375925
45182802,52948.94532335123
43280603,71043.98853838372
49779402,60492.49564379285
45516003,98189.03658612497
49884402,37029.38924143602
48091400,26900.12220703651
45822403,38789.66956711362
49820600,54655.92421285164
47120802,19313.0950278866
46281600,88741.21500642397
47688400,82396.9102908021
47458602,53926.258677768215
44728201,50275.56052275706
46938002,31224.70143863601
46063002,66217.68986008626
42718602,39890.028291781615
49105600,59210.73507380832
48163202,52681.70441415711
43977003,87234.58002396801
46390201,69777.13052231201
46353601,25514.546778904158
44227602,31173.63037113429
43392402,34004.24463892562
42042203,99904.98098651512
47298400,68524.06913841702
46438802,58522.81819508372
49775402,45441.94952777078
46667001,44917.00675705701
41250402,21773.740804968926
46091602,36385.43614076996
40961200,57510.23256796957
45570802,19839.249245717598
49898002,54939.61762131691
49988201,67466.64514408652
47483602,18744.779830009764
49081201,70216.89764050358
42807400,35623.15699909877
41991200,32200.016711739183
45317801,48631.12036231614
45995000,62111.95773532187
47211800,41999.181139824665
45549800,34905.860897316335
44648800,30876.382626272636
42956602,68382.80590128367
44279000,60318.8442831366
45843603,69195.53733278095
47949002,34125.573588485226
41164603,44894.90030034584
44178003,58675.449770622174
41470400,35177.603210874135
41992802,44100.37106524145
45721401,60918.51343714689
46522601,45699.744068612614
45379602,59530.12628533236
44694000,72085.41067896954
48982600,20857.180321609376
47825401,57455.188049678065
44015400,54668.102741474155
47739202,26301.15196826525
46068400,49626.45674858225
43827803,74977.22589730259
44473402,65419.10097931358
42094600,47026.97431643628
45612000,73086.79576232954
42171203,39780.626730568605
49766800,47526.12347152613
42018402,31814.80179478426
48351002,44649.49575992314
43021802,36069.60283698171
41899000,106023.32971251948
41358203,38181.032707933555
42714603,50678.45109700299
47579601,64897.14277267316
45673200,46034.01555622312
44648803,32538.171342426976
48911002,81746.82387256336
44008401,53223.07803991821
42974800,27586.20642792178
47531801,76130.62032550706
44947000,32820.23618033651
46412401,63882.62603452758
48977801,82587.38983453873
49366000,63981.19581390004
45279402,57099.98901237305
41533803,60318.25318116322
47008802,38453.88147138546
45669000,30109.830676493642
47942202,58721.18247778439
47914801,47171.58621200276
46554202,50242.80414574014
44926003,42030.06103273238
41162402,69833.93798413937
42697402,70076.08747578619
43987801,34172.18896636384
44667001,58889.70765181222
47701601,33488.616066840485
46713000,62829.81007380322
49037201,44628.50365491444
44977600,56524.150407088026
41616203,63690.64094128844
45057203,62060.883922248955
41478202,40224.05976214759
45556401,113445.21089726541
41105003,75776.85626232294
45265600,58723.67205746133
44225600,46911.15962881247
48284402,76534.93483372807
43802603,48554.19780851036
44257601,49907.13223503382
43174400,108442.25602763426
48204800,41801.02846509495
40991203,44145.6773478851
49671801,93179.5994041567
41612403,44860.14649668678
49281001,28009.059005734416
44861403,62821.925192088864
43185000,63117.52019251783
48393200,24758.562372476452
47773200,45953.555906757996
45848800,51439.90994794185
49077202,33642.3396139951
48949802,37706.081206202725
42767400,43479.859575384486
43251403,47261.66058589617
49728800,44686.37398969748
48396202,45777.5377348709
49384001,50515.83329806238
49501400,55229.015413175555
45122801,81150.33189224321
41600002,52449.673027691635
44809402,23065.552534822556
41677203,29397.947550897472
44623801,50852.15918999515
46871600,54902.67428469381
49516800,47485.74753166378
41719403,88808.08002875309
41162002,43255.33657389631
41533802,51101.490207123294
47982400,52285.642754110195
45732000,44486.41279744214
42086003,31069.030770542042
44345401,21305.659911391755
43408002,39899.314040134646
48766801,100091.19904880281
42098202,28133.465721147957
48327600,54724.32289973239
42533800,33417.761234999554
47551400,49658.17769538058
45990200,65731.9083922544
45553001,51969.936129723996
45475000,31348.794980735707
48110802,71083.6532664516
49141400,60448.61999582191
44163803,51929.611493459015
46703202,82085.64566792188
46627002,54503.93868425183
47029600,17905.713598880742
45391202,29524.15084309008
46178802,49268.18699452355
40815602,52355.034587641436
42287602,55961.52319156313
48684602,62402.50865990955
47632402,79041.88690539141
46962801,40505.23718685298
41659400,37460.69786948334
41675800,45820.9796993969
49555200,60185.319032478066
45635401,61419.85298414195
45122202,113839.90214811605
44873801,90301.29981049449
43749403,37344.38166390276
48997000,44425.96847272422
45951400,60756.62414763637
45705000,37889.816277393096
41882600,70162.18215601111
41502200,62337.39890697058
44363203,43556.27292790521
49673200,29914.12857673585
41985000,24709.29411553609
49674602,79395.08159234679
45620402,66653.47146499262
49440001,60416.53593642189
44015800,33259.86908610199
49354801,28064.741382858447
46509801,39596.52175540163
48188200,71440.85325545754
47602402,49521.81710062332
43736800,73433.24854283151
46073801,53906.22931900061
45454803,29577.388303334672
46185801,60293.35273120698
44352400,25081.90511292933
49088001,64573.77816608269
47835002,31831.01325542233
48617400,33637.98541811371
44290803,63462.20523972505
40985003,74888.25634309281
41017200,23986.912546037267
44388201,67314.29440156803
42501002,44344.602554811165
41183000,34978.139136024416
47765802,58700.34030069827
45775402,46991.610356546604
45642203,26754.317135208796
49492401,73157.59045752148
43240000,46738.98383939026
41696003,34771.576251045655
44280402,51809.95068640562
43276002,38952.89354961425
47173401,62613.8936498195
49329801,54775.62192796739
41589002,99604.68438944413
49688800,64353.3338873886
48600600,84523.2748543895
45040602,78587.5985133421
44244400,31940.89440049846
45086801,59166.301428807594
46096402,46414.028763605966
44732200,30597.514168477792
44209000,60417.74695786831
46280602,62595.78440590065
46186800,33875.607291619584
46155601,30131.459675303115
49509602,23985.514566450685
46703601,25484.576542517345
49337401,63720.0035838125
49289600,30088.93363924961
48033801,52289.782659858814
49781800,44735.141458541024
47330601,27843.289347847392
43981803,67704.75707279869
49854202,111256.16726007423
47685602,60147.49933353524
47502602,72774.85733366909
45256603,55723.992436251036
43993403,38043.6664739942
43788203,51504.81746267366
41549602,25911.757069960477
49313601,63314.90593189753
48383201,75305.78280054487
48390202,71642.95261753307
46120601,26251.526708232188
42287003,56680.40847252183
40917400,66895.41735107846
41271800,32878.14165424584
41043603,43822.727915876276
49910400,66601.37001638045
44336800,42402.08111356202
48404802,38336.78476299727
41205000,21096.96700533275
47315402,99155.0024951117
44301801,42754.354692624845
41690200,48234.52645136804
47230001,63478.83627467388
45635603,52717.99646976472
48102600,20235.198382439637
44248201,41648.326960601065
43570603,38664.192160015824
42324200,65859.21758352118
42953000,46866.61694662862
43368402,30874.189447187142
47554201,24776.398637779763
42728200,43127.680945172906
48856200,59577.970375068166
47987002,38328.81919532183
47473000,35802.20649824539
47311802,46845.36234502904
47338401,32718.012958244348
43163602,25058.938786255
43541202,59539.017094124414
49725601,55016.92005807488
45971200,54272.6734709512
49199601,65140.65732000487
43072002,31922.167575896492
49138602,31363.181186650712
45985002,25070.97272755368
40844003,41764.19990464514
49181200,30285.427752841286
44847000,42467.23424970226
43262603,38188.60210545006
45123400,54034.38805412138
48279201,40585.20991855666
45445200,48305.51703545643
44508600,56014.6392997687
41123403,40709.71183248919
42890603,83028.05821996459
48557401,75595.40544514658
46891802,52541.219585578816
46840201,26500.453796029018
48875401,25460.59415989661
48180202,28196.10035752737
48978400,74139.32863737643
42030603,61743.37522353267
45852201,43642.84290924571
43254000,70859.00101669972
41800202,50986.383675162324
43078403,55869.91605506707
43621603,40690.595970550225
49688602,45920.82475924831
43717003,24917.504770706204
46244202,47710.292165127335
49812600,56394.8504772724
42616400,23415.700994829436
49821201,34758.48974974513
42189200,94819.99289506726
42062402,45825.38390533355
44743400,24639.494735080407
41051400,51492.51724453129
47483801,20270.763551512093
44090203,61484.43032376044
42316603,89989.15237537897
49872400,44800.754398491095
45940601,38457.004329409974
45420801,50747.33256771125
43158802,31545.392727419792
49772200,28506.169027092532
43353402,71444.30965921428
44114602,61136.07073941432
48399001,47003.86085504465
45179600,39634.43666639404
46173801,40994.23726658529
47211200,18706.768256597956
43985801,50612.55979114032
47086401,61884.853986842856
44503800,31182.535170854906
48549401,67730.08367962835
42857603,28135.74157958212
41574000,27977.41961981261
40870400,45276.33971193574
45195400,111600.62033717828
45991801,65493.627046313806
45597000,60971.163168737505
44174203,46600.6690352211
49474401,41963.90049116352
41155203,42368.92614176487
44533800,54280.154050841236
44683200,63025.18984280522
41536200,30550.88480983596
41453602,25535.785213170566
44741401,63001.67401817361
44520200,86400.71069441944
43422200,40029.86559231788
47874200,28319.421650987075
45856003,45126.592937168185
41268603,32701.004134599825
43758203,37628.660197166355
44956400,44956.61855014315
48738402,28067.51894677375
48905202,50545.25744979777
45104602,41222.10864682686
46443601,81591.27312221023
48582001,74081.60262468859
46948200,101170.77845034156
49460002,31080.34105946836
46848202,66338.68851066081
42885400,48448.357928476544
44496600,45658.12185907506
46666001,86108.77999457407
47995002,82792.80298397255
44729200,46777.99158836398
43272603,71124.71721573752
46485800,51771.846860374244
47740000,20505.229383877573
48883400,67973.46814335864
46077402,52376.314848978596
48578801,35646.961549096464
46735602,37300.98922437979
42979600,54682.56612503595
43592203,52811.11663651794
49636200,41042.46699320203
46291401,27887.566650705645
45327603,38469.1687592568
45210601,73547.88820112435
41223403,20785.34227578847
42569600,62415.608107915425
45135802,58775.85302035071
46696002,33953.986336114154
41485603,75662.97607171875
43380403,65376.198592473054
49210200,43502.84583777386
44721803,57793.75490463792
41417400,82400.66153887956
41957602,60798.14484024286
43050200,25739.622826724473
42921403,68956.69484931922
42419403,51549.54892435866
44547003,42029.521625662135
45730203,44490.43983717011
48310200,34521.83957341232
48959602,96330.07925475758
42925600,25569.39743764436
49748401,50153.03190529767
46871001,69745.93908016199
47309801,60707.249969832425
43804403,65017.65980095539
47556401,19323.61936659478
48102202,25232.8272699773
44477400,25998.17020332892
45777601,38432.537509275935
49281602,24146.54926983046
44872803,67681.86360759856
45085803,68499.4787922267
45428403,66743.68050492348
44468002,52938.745301841744
43671403,66917.81264453172
45396401,33315.70165102507
45501000,50152.03423681666
49415402,54995.20770591518
45087403,22394.31165007405
45050800,25116.949791708976
45528201,29844.70691327884
46824201,44848.52921109612
45260003,48696.362628519804
45669400,65742.96127914435
47106402,56235.49365882066
49188002,25634.19102413179
49542402,83951.86416240914
46516402,45173.75223672317
45471801,69453.63338154748
48565200,72311.06088000232
48014001,67816.1367023245
44379800,46268.05840659421
43472800,36456.21595035136
49745800,62052.829182996385
43417602,111075.45761929863
41255002,37883.750018846215
47218202,27112.212345416585
43174003,30840.568878929138
40990600,79938.93888133224
45203403,35318.51334455371
46472200,24628.19151644207
42473402,66719.17712381923
49321001,46768.317168787806
41624200,95602.89819086033
45180400,14952.463045964781
42941000,26490.274683562406
44929000,71580.4522919711
45689000,27757.872387881274
41579002,17781.376602394754
47128800,60347.59570497711
41386400,36983.45300738806
49934200,72181.46358585896
45527801,43388.425113064266
48481802,33821.204466052535
44859400,50335.68037193893
45341200,45459.69040557157
41407403,30013.592244750966
48396002,41843.45451283926
44073202,37860.24747088414
45933000,42413.98840713576
47666202,53993.02970904799
47989601,82499.76331484962
43828203,29845.31849481711
48569601,83928.59559625658
44974402,73292.47718546388
49992400,55439.98543927012
46199400,44690.768744581525
48040400,87629.99070763198
46331001,35966.04830215377
44628401,48416.728857168055
47162800,58946.73950338203
48176601,19994.879622898552
45826803,29431.74632651711
43907001,32038.03315332855
49157401,39501.03144967187
46241001,46916.23317358543
44401602,68115.10793748037
47061200,84198.297171085
48812200,32999.42901036994
40842202,48838.02294254359
46095600,42044.41729836279
44689202,33531.26434731425
47429001,19910.225418476053
40846003,44020.184180475975
46442402,81161.14287493727
49265202,30149.759282691717
41954003,38197.9289883516
47318601,34986.783397041654
41940003,55941.58791359191
49205200,45531.61068882258
49772402,37495.38269694712
41191203,86372.80882856398
40802803,29906.72774903244
45884200,48398.84500602115
44530000,87698.17932913551
47808200,22208.746078287644
45263001,34091.969981117334
41152803,39446.66055241186
43685203,54148.680671148075
42459200,85670.66379818656
44988203,54844.74382753958
43658802,80706.97073683765
45067002,84272.20396104381
47704200,86911.51141061378
47812602,22959.05461454833
44467002,32499.31878575166
44105000,74894.77703530014
44986001,97388.26879107268
49759202,33796.21923411694
47072201,93875.52110645929
44492402,43897.76462883872
42842002,66906.9953697775
48793801,110277.64955991888
48482202,66458.13311831842
43803403,57635.136765980744
49902000,33179.58072999242
43988200,20011.1190972295
41112200,33707.14892343648
43283000,49876.09991620772
40955400,80751.94923644046
44212201,63398.968426014544
49695601,40964.02619814261
47530601,57660.53730888586
45485003,57993.07096946656
43603200,36653.74487753032
47652800,29872.36116686998
46698800,89745.49945244219
42737800,26466.67599584296
43252603,96546.02967957439
42346802,26604.1879652364
45194802,73225.02943994818
47878601,57477.02996350639
42406600,46099.75931594532
46078800,63041.607572299356
49152800,43641.88464021636
48912802,25889.598334156028
41298603,14595.762668922594
47199201,56948.853299979266
43574200,39504.30185676508
45385403,56317.26194593598
42257000,26496.92363441446
45236201,17817.272693543804
42809403,45816.93699946783
41754400,44335.28557229566
45826603,27765.47141308173
49916802,52869.6606802671
48963600,37488.98732437738
47021002,40088.2454328243
44046002,54086.45585499115
46799800,56354.609381128445
42252200,53240.97499167311
41243203,24002.726098325125
46642800,60455.13044250324
43641803,35651.28694623744
45846801,89594.93461423212
48910602,61247.550850602696
44646803,40522.062879275276
43984203,36138.326718438475
48752402,79160.14546247308
44605801,44893.577362735145
42082003,35638.56429256933
49225201,33412.06375378545
43718203,72934.10064818384
49498201,52466.58488208152
43315400,30388.551533131147
48592601,65350.74617133182
48834600,70130.30861377835
41182603,47471.587335812
47051402,22239.37360380577
46370000,77695.86677219422
41977402,36542.8356743211
41843000,67186.70102446966
41680403,37777.928340612496
42337002,58322.968198651215
44710600,14681.580972523145
43717803,53286.18530045869
46096002,19729.710714237583
44360002,53863.689430160855
41301800,30793.03414861153
46099601,102250.26780174466
41899003,111919.06471851206
41579603,21133.886907611704
45545401,53243.91412579234
43797603,36168.33757459273
48651400,75039.50885073087
46339801,21807.785175768804
49563802,23288.519002223555
41737403,45569.3241191232
49412601,37069.08096604848
42385203,46927.15830051369
44005800,44996.32190294347
47054001,46860.59817837341
47189601,49101.02190940424
42545202,24439.607512431743
44679802,24293.257744864517
46519201,67441.22986256782
44145600,30032.93976669164
45703201,46972.48757627043
42572203,48039.64718768821
41749202,58229.672926050356
47927401,39665.94846870248
46485401,46267.72130555906
44592402,27859.18699597478
43269402,21112.006200907323
43073400,64046.79083926803
45257403,46818.23028092978
43244602,56496.58121392423
47368600,60824.43961398832
49142602,78063.98476319303
46021800,44510.018102990565
48357402,117321.33027138835
46165402,70982.84236928268
48580202,24637.05494050211
43043602,27198.43816909602
41720803,61697.94472012171
42909403,38115.087021570704
44205803,88179.73531730095
48367801,46047.59459366101
47542002,94615.73339447871
45054801,51293.44940671352
44848802,45613.76633047375
48686000,53759.88621000798
44942200,52117.782291263604
47784601,39750.5170747543
45478603,55879.28286816318
46361802,26584.323522232487
48104000,27049.707885552147
42724002,38247.55292154514
41341400,22164.1318552483
46820200,33258.35027808343
40902603,56253.76265798582
45567603,53383.037417791114
45787802,51345.61018416385
47787600,78973.99464899738
42025400,27353.00802950689
46374801,82552.66057053214
47668802,84230.91148307417
45948202,102289.8224214183
43437400,60564.309424007515
48057000,32861.88600170602
45482600,62307.320110352346
44991000,52277.48831087079
46669600,38250.264985637376
49630202,27635.32805100653
41122003,42147.16973620884
49677000,60275.52794043179
43444803,59443.123560511114
49516602,49488.22430958388
43926200,40957.35440258851
41175603,81344.52541839544
48479400,24356.31889491053
42791202,85488.44124264721
47317601,101104.52560842966
45098401,51250.812024016646
46423801,15795.784046906214
44687202,55075.84579688181
46649201,31591.87005649932
42810002,63410.98931675598
41266603,12787.371180162161
42008400,41863.142680095196
48747600,85961.93866756701
44208401,22977.591304547503
45153601,51547.984811695205
45344001,33145.60032978024
43302200,24609.46830709713
42631002,51845.99628689502
43955203,72934.36343001133
44435201,37075.091509330385
42010400,65038.38042721396
41465403,52755.23320865734
46280801,30281.13769695737
48375800,31386.215342324605
41263003,40459.15052032011
41216800,31108.28950664826
46809800,101565.50855408033
46411002,37091.41699278528
45143803,43555.394434067675
43225402,31632.515330145172
48974602,64545.68524803722
46479602,46632.477011556286
45608803,44493.280398557574
45310001,47531.795662817196
44693802,39785.10925539225
43320202,57023.59330157343
44651600,80984.47045773503
47054600,28339.776358057912
43158203,63317.20489114975
41798202,76590.99481749664
43802002,62337.50923110443
41205602,19670.355367186647
42450402,59950.939116152
44912000,33184.37212194488
41218403,30897.722265737968
46982801,85170.04936385757
49494401,29673.07007014149
49194401,39274.06873054157
47532601,69468.97569378065
47631602,39638.83039786594
49986400,38073.4810538595
46570201,57737.96065141955
43866400,42145.43079968059
40999403,50866.451104682244
46414401,77037.49990834134
41124202,40744.536896248246
48720602,38551.62624681372
42539803,31037.578241663643
42808802,93569.87807574667
43856000,62050.56838106873
48838802,47312.50565519273
45327003,27529.87759648492
48421602,72669.90477557872
44047402,40236.06087468413
43681402,42693.3626140649
47273802,36642.172710805826
41810400,54931.96112612272
45109400,21417.706949943313
46791202,68791.58702124425
42960602,30172.183411401194
44259003,40382.6075090386
41044002,36104.76239422858
40996200,23381.771767918
42454203,96064.81013559616
44858001,33003.598580435544
48864001,28294.33719659879
47309000,41651.386733031664
44876600,50382.77359791863
41677600,55788.88296205262
48640800,50247.73665219844
48771202,70934.32619932691
47502400,55587.304057862435
46174401,57837.776544973225
48699002,74529.35206327602
47669001,51209.47108958884
42686600,36616.39304882018
43884000,32414.41406036062
42272400,55701.48062309403
46177800,59164.626575803006
45840601,34789.06219054984
48255401,25013.28445048674
41631000,26066.626340121686
41865800,34464.19600577693
49948802,74648.58451391118
44875603,24100.334246293918
43576600,81991.75919817656
47433001,41279.646450983506
48343002,86090.8226269111
46344201,59655.96503925085
42997602,66393.08552908307
48745000,42211.40256936042
48694602,32731.197597143386
48763801,56316.90170696932
47470001,112736.7050901012
43183602,67284.08223409377
48288000,24327.304655760716
41619803,31988.414383610725
48067401,47650.56614978726
45103602,35079.845578969
46019400,27325.72831691549
43129402,48005.19774779885
47221002,45649.404852678155
46537601,51967.98225401988
42425402,63077.39264952846
47085602,52503.4911262144
47374400,64814.23574045633
44868001,59425.529166349355
43766800,48748.71010127304
48402000,40980.85891677563
41435202,24539.574178728602
48899002,64636.81611648515
49027202,33269.33039310521
48590602,47984.919746356725
47810402,47390.70033326514
49989600,52986.43690889224
48490802,42896.12622668427
49885600,54576.21499386574
49312802,50155.31923614773
46046400,71199.38869030877
47112600,33641.7106247356
48005202,55007.8403118217
48448202,92087.59298011826
48367601,85733.53171802289
45108800,43418.75852799135
48596601,93203.68363148921
45564402,41719.98052383665
43804400,67301.23548143316
41726003,37656.44807694563
43605800,45982.10523040968
47332400,23391.06699527621
47823202,28345.323441615074
49283002,27907.388679391748
44738200,50754.12265639272
41631602,16876.0473824909
46790401,84729.33735248377
45462201,49503.570575031976
46075002,43725.23908529757
46430802,14741.199144610408
44119001,35427.51002192603
45513601,50694.419709122216
47487002,29047.648913009805
47777002,40823.55835305749
49833000,107357.42995984686
45809203,54047.69087589965
43165800,56021.275447106826
49344601,40262.81683335582
42394803,51430.98917615593
48813801,109537.81347574035
42928400,38976.0910992956
42113203,49857.839554358005
45730001,57301.21488483536
48487200,60815.37976244636
41048800,56438.338615195826
44955401,50438.16073504687
45207602,49914.87561857747
48976002,35918.81856082501
49399201,102266.91974658439
49686201,27357.228644596995
44632402,44195.939449719575
47717801,82793.68461763553
45117600,53278.6602102163
44317200,28485.745293323504
46863801,43573.704699179
48527802,38508.52608847404
47215801,38509.47783230816
46971802,37284.85198462358
48499201,25830.727478948415
41116802,42226.001503488646
45407400,53691.42090885001
44919003,29905.52800880695
45251003,77929.85811559124
42969402,30053.04279569123
45530201,71370.14415360859
41890200,34586.70343778316
43280202,52195.60140811725
48873401,28689.816179758083
42401203,29644.721655655172
48049802,42008.938519694806
49214402,42394.76618480689
40975802,49654.51790958102
46541401,55137.62798792639
46291402,58638.93526230788
45687803,22848.645088470876
45739601,40726.48653938472
42753802,91212.54001815894
43874801,35544.82155230344
45159202,35208.17888867814
49124000,45207.69127391105
47058400,62764.15492586067
41569003,18952.731797725944
42199600,59053.02339209645
41139203,41210.546715212564
41618203,37289.64233430855
44095803,46192.246915751144
43911001,49582.92056721442
46945801,21883.809668713286
42382000,42455.71789482664
44186000,79494.71647586959
48110200,47335.98460645892
45234003,93189.4115869918
47119600,59132.093469612235
49938001,52125.016839610355
45640803,49130.117857055666
40818403,42686.98166914313
49266001,37260.680445957616
42531202,55222.72960735435
46239401,61567.840433124984
49125001,88764.90413939752
48080001,12712.257588083412
44871801,98448.43748720587
48124600,45924.81476908804
44681401,66192.0869793239
46016001,57106.04113416641
43562202,40820.0393491405
42726002,51336.48025148684
49901200,42234.111153095284
45342001,41916.808815893455
42732403,40223.16431459881
46811400,38322.586815253126
41539202,40019.73796549352
41705800,68096.2536176454
48125000,82689.4433685176
43866200,50027.195887807524
44967801,42200.39715927981
41130603,35605.930758527524
45492602,70505.8954632053
45060201,40766.70856519871
44412002,49523.83379893015
48936400,111045.99259866777
46573801,37486.80994211919
42989402,42180.930386966924
42972000,78795.32281252643
41804800,31533.42016793412
46738601,45596.205419060105
44505603,48335.17834487169
41959002,30628.54559727436
46031401,33338.02923862755
42857402,63597.27435065012
41200802,45983.153107933795
40832400,23515.268079005582
41879600,38886.73032497783
45285202,40399.94678514581
47001600,52778.08279952175
47956801,64301.27918400756
46835801,68800.55344411326
47742801,73968.85958524216
46417002,89056.75710601933
44665801,49978.330727758825
46210800,57576.09262014421
43918002,88931.5570765779
45463403,52760.495730721086
48163400,33498.00241626354
41302800,9568.946728873903
41662000,36832.19254597311
44369801,59914.24516733206
44210401,76312.72956867333
47270601,44760.0247438666
44644201,33764.34351246994
43106802,96257.2027384548
41443400,34843.21073286396
48857801,34892.32642246145
49259600,60986.03305245639
46061800,56725.46120733468
46273602,100104.48654116222
46603000,36076.68705590455
45534000,51853.825643846925
42918203,52284.17093111435
41882203,76303.65068185673
44773801,48263.0257019103
41124003,59882.70963993308
44928200,31170.68146974819
40942402,32300.93449796795
43722603,52295.47149870244
44879402,68256.28077503275
45532601,55116.62461855596
42678002,50334.866698784055
44819401,72884.09867029321
46187600,68137.37432920546
46476000,47434.21010348271
49363202,66699.58687708381
44942603,27977.73277998346
43109403,49368.31424451833
44894201,24915.243718301565
41669600,48293.32739101239
41432002,65710.038104118
44763603,68211.66449160321
42689803,33026.26607478776
49490601,37149.83751226075
45781802,58905.38929514249
41129402,47125.09416129056
47859400,45890.35196472916
41874800,55142.86030256872
41639600,28912.239893530088
44906001,51203.94140928589
41230602,25639.72844653461
43163200,67812.64664618688
48397401,53972.18899959286
42660400,29398.770277122312
44840003,75196.6776666311
44136200,93453.07318906928
45051003,27735.19356985725
49432201,46671.38803738271
45158201,50384.901904627695
43527602,49186.45613130815
41645603,54294.986251980066
45459002,51921.84467650828
45823201,42248.5068919427
43892201,50377.17518225941
44414002,69344.53992150401
49182401,36605.18712569589
46959801,35901.73969297523
45762600,22820.008449427078
46027800,39078.99331781636
45199403,58271.69018558111
43726400,46221.444622447205
45059000,66824.53520814735
42058600,73523.66812492559
45371203,53512.89678675625
45823602,37628.91390276379
41937002,19600.877547526332
41230000,28204.68461053721
46731201,47271.59034761705
42236803,38726.652812295346
44586602,63461.39912743748
43126000,23959.180012174693
42408003,52535.38751347306
46366001,65789.0979903978
43658803,75957.17761199479
45447803,82974.2531331279
44779003,21951.587354875497
45707203,45956.38809418207
43185003,48413.535201322215
47581202,37584.23435864584
49648002,63784.457044789626
44552802,71602.40276949095
44044200,26806.61234148613
41168203,43008.48877765906
46222201,50199.660108286356
41848200,53600.53554457065
45419201,30103.630061195036
49392600,34046.05981281962
44072001,54125.17844270425
43266600,30947.065580795293
42905003,61424.01425166982
46704402,33333.28894491762
48826602,101277.75797802562
46194602,52607.837798875495
44298603,19595.730176487195
46038400,66216.70242104828
47601602,74213.26920216338
49671601,27648.518675502957
48166401,54234.125365182976
41073802,29252.93224407809
47154001,25665.874739889245
43418403,35598.98082912552
44016202,28388.17051844763
42641000,50775.53509549858
49699201,99794.28401029139
44050800,81768.69177162976
46864201,45016.78414127731
44881802,64944.10192115493
44281002,43210.0657071705
47891601,60604.22001020335
46816802,28631.39443711887
41757802,58475.249522352315
44686800,37800.553388174216
42479002,26140.74723967231
47292001,49658.898000902685
47794602,25373.91081299411
43784203,35551.8841300695
49099800,74562.00817150522
49860802,21815.635338874876
46059601,20024.93430479183
45567802,45324.51292210279
45694801,36137.57426354961
47988201,106035.18898645097
43992202,26048.21962859975
41565600,20307.467667876947
40874002,36199.36691758303
41667800,51185.165786031015
42373603,66906.69152303934
45625602,84973.83950037144
49043000,23334.950950683422
45223401,29135.274088203245
46642602,46661.39280756239
49064002,34413.68619842596
48835601,29750.173099991916
49658001,62763.35024427037
49597402,29591.847564472017
48782202,36506.010840049465
47897800,43552.98619336858
45789203,48093.25213380799
45257602,107516.69034231245
43378002,30156.122328512312
46381601,27880.979933673312
42855000,29215.703898979213
43336800,81578.47705741847
46829600,68993.08469706448
41003202,41548.31769931319
49703602,42653.8133817735
46465601,59700.689337401534
47472402,50664.53691818972
46115602,36877.62451041545
49616001,27279.682489755243
45302603,64035.356920644415
46008400,50014.817104163674
40912402,54177.48384544226
41034400,92011.2190009414
44860201,19625.65255840464
48920202,47787.71191864408
43957601,32480.95584229334
45529003,79864.88830160841
49542601,27527.097663645793
41941000,45838.971588116314
48206001,27020.42497282259
42144602,36961.80705703105
45342800,24222.996474333988
44613003,23586.00163356738
44821603,50095.17058896814
44402202,62688.00426609795
40806600,70319.45404253404
47492201,45859.25187388377
45334000,14929.141799904122
45308803,51069.586042383904
49847000,44422.992005098444
42305002,24913.075946970588
45815800,59061.830158262936
44534002,78700.24396122151
45079801,32665.40013132075
41589802,63208.92572855958
41868402,52061.97453159197
43405803,59683.97343052579
47396602,79822.14317630423
44973802,44688.10059553355
49303801,42336.263514653656
44637801,49293.77109024791
49156202,62458.861868738546
42641403,44085.856855233134
46662802,61995.17598066711
41143800,27697.694710978554
42798203,48365.86724427676
47762602,54884.7997994797
42394203,60788.971636113216
42983803,73355.8630780934
45637400,57541.87154743433
44545400,20425.02150398973
43945003,33700.68102277713
44001403,43430.426150494546
42093803,25690.0110787144
41940402,40537.82129834517
43172003,47445.44381211764
45495402,67527.73550235596
46339600,44418.224269814746
41259402,26287.36323380872
46560000,66744.91583852978
47104400,95646.53314569255
47746801,20657.30236882677
45333003,64454.38569704021
46638801,40000.962204815136
44364203,46464.845834599495
44580803,35300.688058761276
44433601,45586.46695973346
43338203,69631.64167609952
43029800,66783.632475377
48824000,55975.107723893365
41947003,17454.987270709353
42641603,43833.40803663424
46228200,34353.82805689039
41690202,47887.35540163737
45946401,61105.40455695751
45866202,48271.7872924612
49736000,74817.69205434842
42826000,47370.15294329068
49904200,45378.293818163336
48453400,40749.243941872875
45063401,29849.33943018336
41267403,10013.478581325202
47041400,21034.52405591152
43984400,57703.29314456598
41789403,76486.42508092974
41209803,37519.591679472236
43948402,73264.6776725275
46394002,35382.67444063892
46722202,35480.53402549582
48814401,51518.1610765315
45655601,40203.03715397689
43307402,66618.41301204638
46469801,22685.783448273505
49163000,57356.33456468439
44027601,44701.818244231166
48967202,39792.54362825901
41938800,77468.81430664516
49348401,75561.61584418123
41369203,28037.272867774358
42526002,29705.980879705072
49470401,27268.67602164438
44401801,47898.38828039322
48093002,28905.101546713806
47241002,58108.04413960622
47722602,30660.81641418911
45286803,55834.518533383416
41975000,68600.85118382229
49451202,60600.451408575966
43016602,75302.94160485356
44265402,21693.029819382406
49362202,42250.74478059942
47967600,45840.559774779475
47514002,69520.91112470377
42592603,25151.543501691216
47448401,71444.12445619455
45238603,44308.154746214546
44937402,81382.50749156531
49754200,44584.20285820009
46284001,34560.99425629561
44877002,41835.83915168719
46662401,46718.005582217666
44331601,27217.238759205742
44700402,47183.69857561219
41848400,80898.03652023373
45670802,70727.49227272355
45322803,83767.47446622633
48233602,57176.2522585856
41873000,76103.51216493384
47223202,75708.45648997222
44212600,52655.19137600254
45385402,41733.13500731303
45879201,76955.76808267838
44745001,67013.9310442139
47106002,78514.61350170885
48628400,104808.06275784643
46362601,34665.485489179526
45432801,35203.60617709743
42875602,61709.404432352545
41082000,38958.979057583056
49163202,56193.63411972548
46379401,29319.503357394307
44942002,53072.66188878285
44951803,39586.58342968207
41987602,46003.58264561593
41494600,46402.65836785907
49516402,57975.762610943115
41299403,14588.418018545934
42143202,68806.73132930319
42622203,22275.512473489893
49211200,34999.67830034569
43145000,77873.08662917017
45269602,46144.88225143016
48213001,56167.81738290075
48237002,61540.18135788156
44302002,53460.50032796845
41968402,37715.46829869927
48589402,45197.96545027607
47712001,23130.214691325244
47918600,59952.03227386034
47895601,45750.77489568766
44710400,94722.234369899
47322002,52350.465676518106
46543202,89748.11797353718
45444400,95025.64730343939
49509402,64330.48506700114
44420603,23855.815765941494
47630000,54258.4815365441
41298800,13556.73640977453
48380601,97222.92520218427
49091402,64266.15586881807
48995802,75378.28809800322
42116202,49010.24743220837
47130201,26133.572748390834
43153603,57277.433236308745
44551601,19268.521177636925
46927202,67221.56441580266
45237803,69301.97297222716
46679602,59213.0126278081
47841201,40859.14368083932
45723602,83514.83056779658
45485802,27556.859167944524
46894002,33593.81069768589
47264401,57278.52586273903
44586201,65846.25057371747
48511401,21878.463123112284
42839800,34946.3576390595
42204402,73405.84842663763
43682600,30270.679304666424
49305200,29358.34355838238
46078000,59491.31032044882
41351402,23454.529740797436
43027203,53269.69244726844
45747202,62191.77019372335
42840802,32645.481107791726
45232800,102888.83626754463
48691601,42742.353617910056
45218201,24490.536015324993
49326000,45992.51544995468
46261802,25844.418710530117
49238801,32837.867619109544
44301803,57013.60859753545
40911803,45448.01600877229
44046001,87544.11874143218
40974603,36090.61166689208
48776400,79886.77151474035
44228603,36125.14547262949
47258002,93916.97925233361
45572203,26345.545221172695
48966602,51294.57198371383
42322200,51385.809945152665
42808400,30981.01439023418
41230603,25639.72844653461
45187202,60927.35306434843
47569000,22948.49904974604
48603802,57741.97464412856
44849601,73010.79087630034
41926000,18770.703718451114
41780002,31754.506736737145
44043802,59734.40103718301
44454801,77955.86041368917
47527001,37073.23117668846
43660603,40343.064103791156
48853202,70833.37949001555
41122800,38809.268495554774
42326202,70254.67097120473
42266402,36360.40222918466
49573601,36290.86162058184
45296000,24286.192583324562
42834803,73796.54467908062
40911202,70711.50964513743
41131203,54797.70647345585
43102800,70582.64530893444
45640002,57538.05304195316
48676201,19458.039556180403
48263400,59894.6054652078
45772403,25988.496111277076
44474803,32931.847611136705
49664800,42363.60036611946
41239800,23127.24760300169
43337402,63652.1153706815
46664801,51960.744913973205
48826800,38058.897229422844
41630200,28176.362410494068
47038200,58692.80434963132
44742403,36409.88033475732
45555600,108728.46995387849
48230602,50939.194855130394
43260203,57415.29500435856
43089003,65744.18853095031
42743600,51611.40295022017
47870201,67143.68184334243
48103601,31538.295059933567
48555802,77161.76646432992
43570402,42167.65510669585
43080400,64477.888727588695
43768003,47203.93533705875
41988403,88696.4897055424
45505003,26067.385963723355
44629600,55309.0598061161
43345802,84491.46973784667
42120200,36858.72855351884
44954003,64379.24860409095
41284002,34116.3082889703
45312203,41772.79082657207
48227201,41806.13234088839
46876202,51735.6035409124
49526200,54236.789837648816
45518600,18281.799373152135
48210602,74154.32414184394
48992601,19053.558855929296
41124600,62678.11013076931
46928602,58059.54760027681
43001400,94729.08168001164
45151401,84104.88260035544
41490200,40956.73794165964
44124201,39164.69395171269
49488200,29355.556322871955
45453802,50733.60400554775
48321602,65676.52771492864
49644400,67939.43434886087
43912002,69249.98885347515
47219600,36978.62739582793
45085200,30147.47667438889
48398002,38975.59020255949
47015000,73980.24747758562
43152403,45584.44183831272
47329001,49939.2885516907
47860001,48913.45149023266
47550402,69776.61241976403
43581203,29346.640371798647
49304601,44974.4923929457
43325403,68563.95899389748
44242603,42705.92358240625
46257801,25783.80941324048
45765600,50130.02871979642
44405200,63868.818818015425
45756201,28098.780580833853
41864603,31359.376666310083
41772002,30346.996483845658
44421003,13487.927567979597
41730003,48711.15072577252
42991203,49464.581547309404
43587603,71108.2937467746
48802801,37767.00643999721
47319002,27635.177016539623
49695400,49596.76020658905
45895201,57906.21652316965
49470601,80768.90868277659
46602001,29321.76290897908
41312402,22227.000424987884
44261202,58080.76965732977
49438001,29950.229264113565
41816600,49236.56381338123
44672202,70626.3680705893
47109202,57202.21822023115
41388602,46617.803396675314
45522800,35942.098598040044
48207202,47717.50141557073
46893201,27676.107043519565
41439003,22596.661508539044
45510002,55538.167772845234
48330402,29413.451988803652
44976802,70570.42062203091
45366403,57880.176918485726
46120002,60135.697277642495
46922600,36767.84855876077
47879400,100424.33204013124
42717200,99859.85409578664
48105200,64327.72799143938
41343600,33906.10448749241
41760403,22596.425848501443
47231801,63928.167301413196
47856402,80485.2892943715
46131602,55425.98881384231
44509603,48678.06233299634
48548800,26411.651875138275
45373402,56081.688040131754
49779200,41551.71550929957
49638402,60986.21423972565
49756601,36259.73422843782
48735800,30981.09931300048
41144003,99582.50012626589
42584600,52043.39808299746
44491601,31161.208357176198
41437602,47286.61816747014
41981200,34488.06335546499
47641202,74544.97262972452
41030802,46560.04063308648
46188202,49360.30362545808
43867203,60252.00137918585
45144602,52184.24591310442
48738002,43603.06169118972
41228003,40851.47287964824
48322402,38387.06420114696
45634803,46630.78722214032
47541600,57760.54949508353
46886802,35134.812674960085
47780202,68538.32589941294
47709401,23731.036638482532
46169801,26174.70941864847
45793803,23899.564224463327
45647801,97395.99139192661
45205801,26067.435637262257
45424001,35202.89006259241
42797002,46792.75531821941
44372201,51832.731780833434
46728402,49956.82509546803
43490403,66511.22078382556
43183800,71232.04975899254
44349400,23732.664371794323
49444401,48805.94955420727
41671203,51399.57985339676
42240403,58355.826959660175
43414200,34108.88496809552
48435202,37407.86385442152
46080001,42355.644102355494
43451802,37540.080374132755
45380803,30875.752774318047
44188400,40536.08389016817
44310000,73259.76461641712
47831601,36391.94186759613
42425400,72971.56776540395
41815003,113023.63633860812
43218800,59976.39033315754
42720203,37779.58443409228
41862203,19056.264928286917
41093800,80203.41790170297
49074200,57001.52811374885
46368401,45040.716959581296
45828402,41392.258310033896
44240202,58813.178172154316
41021400,53704.88563644858
47557401,55421.65275598156
43565000,105307.46830047033
44194800,30962.233471610074
44055801,63159.67985375034
48539600,32504.33561763446
49816402,30460.033736941325
45328601,57711.66118112536
45976202,67127.60785632732
44338001,60300.13488485453
44488001,39660.294269345846
47981401,55767.68645569655
41499203,50094.76847133285
46900801,30856.60829047679
41834002,89146.55221358131
48962401,45444.22001995069
42145403,57927.682772042994
47715002,41931.37988385121
45337603,33481.3706198196
47018800,20616.05347362684
46193600,28063.14873038765
46988402,25671.609344235425
46770602,117933.21338910513
41599003,32714.80823950765
44523400,48693.20228037109
45350200,62751.07722246489
40835400,83498.38493029111
43413202,80447.39454039531
43670400,45695.67786918563
49193600,75539.14315687622
49426400,50948.391590946485
48753200,49965.01007403459
44208402,32115.836369377794
46759401,109982.44104347694
46194001,21884.14544070918
41015602,43425.64184659246
45258801,45149.35587455884
46847200,43848.315764652296
46641801,44193.89606584587
45590802,34542.62439200925
48222800,43517.223069543994
49097802,41857.685809305316
43107200,42346.32656677295
43929203,42096.62430166511
49685800,70450.37845120695
49207601,45785.561381767984
46980601,40238.79072419836
40914800,20179.738889943685
48994602,80964.52980424323
49968001,34198.68630500285
45712601,29424.323396338033
45835202,50591.63092534761
46637000,22006.37887132095
43853603,50605.061947395574
45559403,39699.49612028603
46939801,35454.66813649964
41826203,63488.56654451361
41257000,26554.044921281944
45602003,93271.90708743765
49537801,65641.96445629251
44175401,48238.43113250808
45570002,42285.38589011968
46788200,28557.895140739558
44399800,58272.63373243832
42577403,63593.345767888386
46732200,84381.43800892292
43975803,118432.30855527858
40869200,57041.62270304811
49616400,58967.22592285108
41572600,34186.68192514763
44486203,29811.806139626104
44866800,84123.81226350745
42536003,54967.94423055247
41741803,45860.92539323615
47383600,98217.92921253256
41849203,29883.249862151984
44564801,60425.02002112026
47568000,62450.80601553134
47370401,37201.9966920717
43239203,42257.23122974785
42390800,57495.411520629525
44604202,56030.57366699899
42329402,55420.31523078418
42006803,57572.422275866425
46250600,37750.458731088336
45178400,70841.28638892538
42116000,37498.16046668869
40989203,107093.34071916842
46279802,28549.53982670795
45538803,55427.545238497594
47938602,83680.2122668612
43658603,60832.99335355994
43022200,41715.37322436678
49353801,56201.632662934564
45128201,51481.76951075305
43975201,74904.17003079032
42488003,28901.679414995517
46559601,57211.95097406458
46554600,62558.42725230413
44051800,81315.14333316914
48197200,49767.0812537884
41467800,14878.811851696839
44073601,62366.611186417605
42481603,21241.095122620594
47145401,32930.99306860529
41736400,75766.34797537654
46400202,24590.79169799293
41378402,35535.51130895268
45484603,51662.758083501656
44248001,43496.560956560985
44888601,30809.331839534134
49326601,20057.20638686922
48406002,46655.72221734596
49747202,48430.553141500495
47233202,47724.8973701
48750200,93032.58927769269
44085801,69981.89552009574
44497802,25045.77492053122
44593803,29740.82379112677
45171200,27791.30171316419
44608401,46726.049491027916
45988802,22606.62189466964
46875400,40208.891957104766
44383603,26093.762748986388
43745802,42253.12605155185
40811602,65633.44079417762
48434801,65483.3202327506
47203201,45541.41133959175
41459803,58896.99395804999
44087001,53671.81581107069
44549602,57686.17977483079
44995402,26616.941348176224
48885002,60819.35647993823
48443001,43095.17515296908
45462801,48885.14824223386
45598803,15154.169734979077
49057600,37604.092408579156
44506202,59106.187305968495
42883202,38773.846634446534
48435602,114061.06353497758
46436000,37138.1663680827
44116803,50302.795375554546
43145202,59660.23274650654
44746600,25276.053218730412
46239801,26598.986175789134
46305800,115463.95685241776
48316602,26866.351071206263
45511203,46738.299474994536
42472803,68288.50471914501
45472403,21549.797764587303
43062400,53590.31052255235
48471200,46662.76328623804
41098002,30181.559005601637
47516800,36375.311154146715
41274203,25351.587393610338
49772202,61148.08882332346
42536402,51506.28794048168
48845801,51193.83985189011
43646402,48042.83145405936
41264600,11357.739864058422
48889402,24497.253031511907
41728800,55417.03341000038
46672200,74285.53044304256
43465803,20574.238451964535
44004202,27761.88796270833
45091401,26416.29224564968
45244400,62105.91696726571
43493202,75717.7821867652
46916601,70519.60077076957
45100802,69899.83766613195
42339402,26723.073369004393
44651200,51101.960013735836
44951003,74363.58722701781
40881402,74705.5033739631
47816002,40274.84945815941
43146003,25699.713389551085
47957401,42120.44779804122
48177200,80247.70361704804
47360400,42862.59145884493
43923003,73488.81261559135
44702802,22669.425030310398
48045600,62956.67557232663
45438402,97033.36118863708
42667203,17984.49666031798
47350800,45481.088083406976
44276002,58213.43513629025
41080202,97716.54629083937
48076001,54718.861348627564
45519003,50081.160384328774
46706601,31504.234450127115
49827002,25022.641677568943
42755203,37035.7175583382
45827601,89940.07936071054
41174403,69710.0399653184
44894002,53669.08386347905
43602802,63843.823348109334
43655403,65465.46049924719
43325000,38014.35250730485
45387603,101217.83601553043
43064400,52440.92990156292
44098201,28729.17428149683
45690600,62636.31164704636
49931202,39176.62918245406
41382603,18980.329469957265
45822401,56398.16155679819
45710601,43240.467648919395
43490202,61009.602020085986
41690203,47887.35540163737
46764601,29710.814363472295
49725201,71583.35533738264
46388802,72693.82613294935
48494201,40650.495536398215
42154800,29137.63143715365
47140601,39975.72976073804
46770400,23992.441334622243
44248800,40936.24412407447
44257203,61781.24535958345
47576602,45627.49691969511
46564800,84498.43149336099
42826802,26310.98355723483
45513801,57519.61829180214
44024801,44677.164125453004
41739000,71916.26718069454
47293002,47494.04050569696
41474000,87483.37491324771
44780202,50471.77203890883
45732603,48709.9578886949
45090203,25157.891894438377
44559802,29219.577303514096
46963401,86538.11545586193
47760002,79319.56567886476
49662002,27479.17707605275
44433003,37277.4043620481
48715202,53619.51555445744
41338800,36155.939298289195
42235002,52655.537641927534
45596602,59944.91718569036
47425201,23940.690546425998
42653202,59567.83718684925
44063200,36138.66311304365
45161802,53310.65632620068
41696603,18402.03938845582
45224601,24665.91375135925
46968601,63250.57329767024
47941601,39533.45571937904
49508800,41959.820063344
41504803,61109.713612677995
41824203,33256.83288631453
46847601,28163.879713069167
46771802,53512.31843523932
44454602,27746.393326697515
47546000,45100.65368244347
43679402,28327.0969652758
40864603,28751.04589602728
44311001,61823.82992004971
45227000,58968.839955438074
47151400,35360.39196184162
45256202,51595.548046550786
41273402,25598.405567959548
44091203,42144.53668765793
49458600,41541.876242896586
41236603,17532.36135335089
49849601,72696.39832941846
42939600,19891.528774257044
44817003,31537.30659496772
47668000,72298.63041408425
42699000,87718.6487861069
48006202,40257.54290201883
44409800,74352.59807336084
49103402,95349.38135517767
48306800,40242.76792632267
45648603,37546.63617730918
49285201,54174.048130922485
45416802,102825.11138794382
47553402,56060.57393744205
43374802,30474.377716766467
42913003,44921.00637364071
45715401,42053.7091472721
43081400,69455.57455793722
44843202,86732.49203168438
46316801,70926.93224900187
44547802,26461.99014364375
42970802,36726.04315269717
41901600,82334.689501384
43927803,64786.91852843581
49735600,50953.48186568404
48650401,96327.17684084547
48995400,33759.78682715463
49385001,70768.87937878973
41282803,21504.854242767105
41007603,45792.38794693702
43884203,47550.736568919965
47281600,64265.35597753653
45902402,27576.39001764798
43431600,30209.8907836606
42691402,54421.59173198434
43242600,52005.28535941121
41665403,33606.20497996156
49275801,74935.54280329024
41453002,36832.27631948693
48071802,34019.61436088524
45786801,48672.04621225632
49798201,49578.64728702986
42155602,95675.40945685572
48230601,47839.24927857637
46331402,33471.24419552337
44553203,69296.89419225232
41323402,38483.93591389455
43634402,113266.56229736122
45694401,52577.7073492502
43035003,34360.463864428675
41336400,33067.403112312495
47116002,24628.226684942834
49008000,70982.69818332163
46413600,27214.858714019487
43624003,38853.785040992996
44985603,29155.29511470761
42291803,55005.41885339831
46235401,65748.65189417846
44412402,38135.992802308676
48476202,29754.773942171458
44461403,75910.40878280559
41680802,53767.09270745487
47224200,46797.1462153792
42562202,77460.01664018565
48683201,44022.64211289887
47453601,102528.47956192636
43356600,92869.77442521318
47571400,25785.584483906474
42849200,84698.91765733763
43533402,41129.37157714701
41939402,54043.721890952074
47763200,108016.14188776795
41958400,27298.66170030299
41682803,32854.16860472742
48545600,59793.93135584222
41887603,64674.487455731934
44040403,78963.44055813672
49050001,49698.46738329608
48116600,27154.837688817715
44753201,58843.76049354939
45242400,88397.24041190173
49487202,39877.05159267044
43812603,33243.89360027897
48361200,72330.12479170455
45649400,67196.97070735942
46291400,28332.865891796697
41169600,42193.968916883474
49819801,36846.64044014726
42034400,60183.034758966765
49657002,38567.87651042759
43879600,40588.672097518705
44879803,72195.6589613717
41191402,45376.71868446426
45416801,105620.51061292985
48026402,98051.25273218955
47190602,91661.81544774753
48943201,101709.34419559556
43497402,59412.04138678212
44301002,113757.51042003933
42075603,48432.73506233041
44683003,79478.40362302722
48231200,57852.33088808479
49788800,50350.639571715525
47208200,32345.570843874513
48917802,24479.37503157522
44555200,53980.435435701176
41159200,49212.394062364765
49479600,54719.79529286633
47831800,55460.64732614872
43877400,53193.14382101476
44067401,54386.64779826341
41617402,35419.708233657526
48996400,69358.52559101094
47005201,34236.383868588404
48993601,49820.5045332643
47599200,45118.05040705715
46476800,47336.02600703756
48245602,99853.96298008486
41281402,24040.65577312495
44137400,90881.76130289065
42528002,50944.249891970816
41983002,28741.361142005684
47488801,73537.79157405697
45252203,12038.510252563428
42572402,21105.466039161664
42312002,52811.63794905616
42527400,47847.96088485382
44424202,62198.056184525434
49427201,57057.76618666809
42401802,25869.229671622525
49220200,74135.67272403665
44114200,90400.20730113017
45240600,29879.333594654112
46229001,51646.3327576999
45073400,40206.49043826927
43680800,52197.27604829169
42911800,32302.678797784058
47692401,24968.24506412328
48868402,39994.22715444539
47876202,52654.963826115534
48225802,62992.55450810432
48286601,33151.27787520538
46064201,98781.09900024482
41749002,106219.98577053187
42191003,84457.9833033491
44908603,118373.08744418729
41246802,44824.47512196083
47489202,41751.43071905748
48451601,28866.10219374334
46154402,29579.993716755496
45140002,30523.55842648199
43787000,77774.30325405269
44349801,36392.01459158191
44336202,66255.50896864857
46014600,66529.10938687249
48868802,64510.45935287028
46500801,51372.452066771875
45948001,34773.149848847504
44410800,71884.3069789473
49487001,48445.60705448461
46238201,63178.58248873654
47075002,51035.38239360416
48061800,38050.89180255817
42044600,20329.86009800782
45170000,58188.92744606809
43501802,39066.664355971705
41319600,32096.49596207469
44965202,35642.12661045291
46023800,26587.446483509215
41874003,41378.48141327715
45231400,29875.471074686175
46833602,75747.63887648536
44373202,71689.68851915169
46660202,38064.757372421125
41308202,34591.69995807636
45478400,98626.4124223706
49407402,49184.89688477811
45266403,103597.5115127964
48132800,19846.705956273618
44113602,86880.62163820177
44367602,59297.49488878199
45265202,60934.0158431608
48435000,83634.8793317869
46210802,66129.55554848176
49739802,52212.17472288923
49282402,50850.99519579536
41559003,18974.841818479814
41084200,78802.80300946794
48172801,22118.92782468068
42639403,51381.68383529371
44146003,33258.59396483196
41100403,62761.96564830623
47961602,86161.55646830465
44125203,42815.41633257354
45157401,79510.54879352561
47341801,54255.94221421637
46249202,54266.98665490193
40896802,39668.42524681653
41904600,68908.73399613118
48139802,41196.3501616411
44938001,47988.13322992594
45593000,73754.35680472075
44640602,48740.7849931138
44344202,100937.47937545681
43126403,50330.09036295797
42755403,43854.54907042952
43414802,59047.80182817127
45469603,46795.7669111226
49171400,73377.3145922357
41033200,30540.207682044595
47874401,99016.24737384064
44269603,63231.59625911024
44887002,42610.193725888916
41684403,49573.51812814368
44791203,60993.20293988056
48314800,31778.394458353156
47456201,50742.1794490127
41243002,33959.44585189332
46700601,50995.18872912021
46363402,37755.55177166626
47989000,45597.51457860763
47384802,38068.246141082825
47636201,26083.0657658434
44094403,73010.45018525189
44359800,55728.46347130946
44026001,57564.380293214606
41695203,38915.81697063758
41083803,49781.0640022451
48790001,47310.23554868793
49029002,35701.37179998079
49837200,23171.575925368423
42122602,57880.661301277374
48202401,41143.410984912014
41695600,35106.721827273184
41956802,28621.806255428324
40846203,63383.37153050787
43229202,50809.200451541285
48134202,23150.62622158466
44738003,60087.812476627325
42993003,39828.916785387446
49820801,33805.74333729436
47836001,66925.41641196785
41251802,35210.66907010199
47054802,35224.99533970169
41600402,91808.72523372209
42320600,25121.674426278267
47142200,46237.71660877793
45668602,55906.37871127257
48090401,44197.54345371365
48572600,38704.81893664298
46824000,70231.71061638312
41004003,53995.81461154276
49624602,54675.75776070172
46227802,44959.23699231165
48041201,51044.311475304654
43774603,31630.918839789956
46722201,52554.787086637596
44478002,51033.5975956676
48016401,25659.56303145107
43465000,42224.60964500516
45866400,40732.40855985711
45624000,19018.16161475428
47824000,26007.431943686068
41113803,62614.44448721886
43856001,67484.03697646772
40875803,44981.5480918768
49309001,68377.16811631637
44273001,29674.35391070592
49252601,28091.690863329757
42924403,79265.05686107928
45646003,54638.46057384086
42219803,104907.85338480651
46513800,102712.91660146805
48984002,41025.6624350381
44422002,64245.808968582656
41706803,36334.9475271414
41722200,34702.63987334648
44356602,31938.08458323357
45317203,44783.76799916488
48398601,37492.5414365844
49448401,25540.005955283923
45813002,82044.44950759369
47824401,33242.12750115716
43048600,57609.52871062382
44324201,38267.871536412706
40902800,37808.91520729189
47286000,62553.28690817386
45866802,39158.877282087844
48975802,48229.25731313533
44847403,43229.56601883925
47880202,65869.80328143809
43988600,44474.50317539334
48910000,66501.87007916064
49460202,34583.77044491759
43868603,52413.2466998709
48083402,80171.49179126372
43366600,82466.25726839865
41345202,37354.11050557374
46887200,21044.237409508773
48804801,48847.19316799391
41720602,48217.43386145171
46137001,42170.78285097309
44711801,64198.132118848385
46870801,66235.98230719226
44011003,68874.69231066931
48817602,51662.57524012174
45221000,56624.636297796416
43302203,60492.02989668244
45917600,29488.946950230682
45140201,64352.7019790787
49970802,63763.645415581545
45795201,33191.15753740963
45944202,46437.83950073578
42777402,40077.76723628068
41581603,39478.4307479206
44333002,84876.40537410413
41903003,64176.62221918328
43062000,91066.48421573959
43273600,54932.58746940279
46296600,62993.68895397389
49112402,26733.247527320054
41645600,54638.641388432516
47772401,46487.72883053305
46007202,82765.15546223131
46888402,57540.71591831228
44366803,42761.68237469627
45304201,56364.82234370375
47416400,86644.54183966739
47335601,45977.43689446153
47302802,91966.19938462606
42623200,22489.008337975858
49150202,31639.16415619866
43405802,52078.21610069167
49827602,46487.77989618512
46904401,54867.10037556429
45201600,37819.23193185807
48395601,42003.37294064664
43742402,38618.98490774753
49547801,52190.181815688404
42731803,42989.94542646963
44753800,42497.300391965124
48450001,114763.03273527102
43102202,72439.44748731646
44965602,29362.03392159418
49464202,28318.337515129264
48681201,55606.095284071795
41212203,17686.662071404622
46745001,72613.25396420262
41788800,46683.73382804319
46757600,55461.16145829138
43943201,35187.24394384734
45288203,42992.15527066643
45994401,25151.41637086159
46510401,63705.128407245254
47124402,52335.84309511875
47228602,66120.06426349019
46568200,62434.76326419535
42487000,51415.28522302578
42395203,28525.631403767235
46899402,51856.19531674907
43672202,45838.10343187254
49204200,41600.36216285968
49904002,74882.73530335928
40896203,49834.40334247684
48642802,62200.45043284439
45595201,69857.253182898
46476400,49012.73620383481
44892601,37676.2801982122
48397802,79470.71691792997
45207400,28809.852816882296
46758000,55316.02652689224
45775802,77886.55181957036
43734000,32829.19059777108
47778202,67549.05962238403
48780801,61454.66304239148
42715603,66516.05733590375
41166002,54078.01803518625
43172602,47549.00192076221
43513802,30547.00705839396
44522201,48329.29852483419
47914402,41514.72072723716
41314803,30369.328022902155
44209603,80994.50601621301
44840803,87452.85123032196
49313200,44391.16649041619
47461002,34868.908037126246
45320601,55856.82548081257
42661602,20300.58880798031
47981802,69991.51208061467
43119402,28577.040353054952
45374202,34049.809376387864
44202203,64437.443569375406
43507403,23225.51458679408
48611600,55816.41663312661
44078203,36334.53421209454
44597800,36386.299053905444
40913803,19183.41880174049
45890602,35347.23817201736
44578402,34757.9427372974
49846001,71980.17251802272
46856600,50521.68274768177
48062002,47119.10165712192
40927803,68568.37352676435
49164802,67327.37410447835
48310800,35251.23190661201
42547000,81549.95586769994
47180801,29285.647969460486
44763200,47503.87032398484
42386200,99890.34915634608
42004800,12005.87717413644
48995000,40806.8544224025
45161603,35924.06248405386
43552002,35197.07263367478
46762002,29193.742615929674
42961202,60098.9457877957
47960601,112756.98414300857
44431002,45247.275230911975
46818800,34560.31214586706
41716403,32167.741699388593
49568600,40556.875602850385
41842800,40739.94787483572
48932400,71101.49907344095
43273800,60678.460630582435
46659002,88128.49232986593
48593802,63714.86510707012
45086203,67102.05061344057
45151201,54207.404126991074
49862800,47496.479682018195
45489600,70504.59147954035
43164402,34493.87645196513
46299001,48480.40878870421
47899800,33086.14060941386
49935201,74543.5815175676
44882803,65570.25263121103
43980401,40362.08144729755
43903802,28247.17362783596
45873001,66633.1472329349
40969802,43027.34802953836
49050400,23526.96802381381
44900203,75256.95260049903
46409402,52999.29181472359
45438600,28244.539731838086
45105803,46855.01069437392
42897603,50209.96318957502
47660001,32139.55523137519
41959200,36596.85828110389
47417202,18807.09553721652
48645001,39286.62188199179
46215800,56978.18075582209
41883403,39244.02577498215
44837000,52772.7366932439
49214401,54270.88362538476
46566202,41981.72184580233
47482002,67267.66833151621
41142603,94391.58997418836
46488601,87233.30109625927
41914203,23461.984350240928
44330401,43723.34142171305
44089603,55304.67609532986
43485003,29081.19461811614
46339402,33335.91577260661
48109602,53884.458598241064
46489802,50970.82429403525
44667400,39131.93560846115
45819003,35025.8932146201
43780403,55515.82944316942
44474203,36227.041948951
49036202,76046.10523672095
49548401,44082.36395948602
40909802,37047.367768975935
48934200,48403.54805890404
43206802,65658.31837548838
41263402,32682.884518513747
45849001,57240.803421093515
41967802,20880.29364244581
41332203,25916.51582080051
41906602,30492.346079908908
41829403,20359.561603450216
44331402,55844.33402758349
41863000,34528.46431512303
43632203,72419.36066333076
46728400,72995.32228358317
47941202,80722.8168426936
44759600,80532.56785064712
46811001,47547.60964839245
44731603,27632.74887992048
44312600,29869.80731865055
49216001,54806.59506874668
41888602,72899.539955497
41336203,37914.83745346892
42466202,33168.061035526174
47160201,43856.39789094333
45265400,53715.60440610528
48668001,33006.02216686574
42822600,48505.66815377221
48918401,88180.99425022872
49960802,34817.82880752955
46254202,16584.758012433078
49615000,50854.16580718104
48868201,50955.006442678656
42894403,58432.25756473845
46212602,104406.67978454768
41960602,67239.59399964249
42728602,42941.90570401934
42571403,48546.498593386445
41061200,38502.43476225149
44085001,29243.895463695786
44333800,40688.753776929385
46312800,47751.95226304949
46872200,123318.34227928318
46744602,28548.394159414864
48361800,30926.60210702337
42480803,46546.05631598018
44417003,30755.01331921105
49843601,77654.56741908235
45379401,52495.06542102507
47814201,44931.10498365759
43951002,35224.29172210305
41212803,37428.137268868246
46258001,45242.15193959404
44845402,40482.3058035633
45147601,70561.75023901339
49585000,38323.648197799164
41229600,12585.986234458993
43458202,80994.94867438807
46679002,22763.2351288559
43792403,46150.91000646533
44597801,55294.204635322254
45351401,74874.80730442874
46567001,32680.76032139085
44003202,77231.76150090487
41617003,36489.75740692351
44101200,54230.18059865596
46895401,38760.99586236651
44316200,80837.92846947983
45732003,62448.52292183205
48540602,57987.06971544818
49746001,18040.754569242134
47523001,58413.057540062466
44626602,50894.74436988196
44440800,40491.19104276154
49569001,66932.22854649364
44645600,84371.86874384034
44355601,33674.55752430344
47677001,47181.86169840761
46737400,39024.527628386524
46800600,94521.40133454833
42749400,74770.24514116738
43692000,33901.370569128005
47817000,21873.16594309362
41861803,31455.467799634178
44697402,68234.6276627887
46386802,37465.59685470423
42704003,45471.46896285727
48787200,56025.87717445611
44527602,68159.38429233259
46860601,81316.49657138763
43063803,57171.0351225821
45305603,43389.88515814133
42477203,54990.87082739864
45532800,29414.28838200859
49771201,42792.26409515342
47188002,48558.70841219579
45771603,32318.130215966812
45389200,33390.865630111875
41239603,20571.212559434192
47011202,33923.059398680045
48199600,26166.815098738618
48988401,34504.87830015054
47467401,56144.11262500078
42555602,89486.1124843536
49881800,36414.194805168605
46457400,44119.33122106368
46529802,39057.238331134184
47578401,26080.591361852486
43679602,37547.43823323369
40892403,75561.41490221926
45412000,35131.03772201409
48434402,59070.01014526438
44924400,24968.59836156165
44070800,91778.07974567557
44496402,32049.619895664466
47795400,35761.318797536136
42326402,69632.55909338588
41484403,65580.7978684573
41685802,90711.20125710286
42220403,23565.37357948535
43514802,51294.625998370815
47492401,87200.67293748366
44882801,86769.31209182816
43983003,31656.59184906375
41154200,41558.10263931501
41018403,22923.811184010825
44721000,40657.75500178329
43877003,79049.24952795487
48658802,67257.39260489857
47057200,31293.203001006994
41554803,71733.76115322122
48212801,30655.01253354671
47194402,35257.30350404217
43887803,85555.62083032203
43758002,22179.299540690008
40901402,29200.221742518996
47109402,56641.53811121399
44856400,27657.19750408562
45490001,32695.76842865454
44088800,66056.71898969845
48572200,44761.20956266762
49439601,65953.91463751548
48788200,62222.00363424064
44052601,36612.88807142704
44845403,76291.13336872467
46003402,44273.377272901016
42597803,42787.775513447945
45365001,48220.138397332994
46956802,25110.110257672903
48299602,82537.62723926373
41483000,31799.164750312564
41284203,30121.707962986162
41096002,57255.870067188065
45782003,26938.609278967793
44144600,27778.30861557372
46029801,60791.67507159631
45677002,58883.488741032976
42114603,27347.150858193076
42283800,107848.57654495517
48164600,38200.55855105864
41485202,88508.414368842
44326401,62307.2745209417
41638203,52210.687973473236
44784400,76400.11969779436
45335403,52477.61920709078
48566400,76630.03784998244
45859001,64341.1210646519
44884600,63590.39312496176
48372800,63309.61600520048
41051203,60470.34831167954
44959200,24845.05804474419
41201203,44768.388442187716
49987002,45159.840999935
43378803,26552.08046995107
46775400,39496.00303069054
48558201,41404.86140566384
41872802,65732.12999709316
43205003,19126.19556450891
45992000,59563.33107747713
43374600,33700.11015986239
46488801,58944.92279426157
46770401,50943.44153566426
48413600,54439.32846797468
41676803,93330.95957850385
44027403,27380.1556362521
48798800,49857.10053408853
43422003,47181.281320625436
45300800,96617.15931579091
48528800,76586.26666527714
45907202,90763.50658959296
45588402,50427.25946137516
47643001,31692.99721045293
41347802,33552.97435271305
46310801,54239.53778003842
41222603,28770.46381631789
45413600,23798.375824453964
42575802,59925.76334524955
48321201,57153.07874178782
41360800,37716.735363678716
41023403,84163.87733815394
48452602,78871.45945138049
48202001,40452.5502466345
45396402,46761.023572856924
45078800,30073.470956883095
41494802,39752.6245110659
45098402,59816.85990184186
42883602,50940.080639735635
42173600,70644.84196644892
42816202,42730.44379881628
44591002,41439.16708994074
48786201,83364.07216080073
41974003,20096.492923262784
42387602,54951.19476265185
40836803,35667.57193960787
47970800,24809.603809919157
42102800,46158.85073105346
41873403,42720.93833507896
41511200,45629.77765215839
44018001,76083.8245053853
46594401,41881.19559084354
43047202,72164.35210792813
42639802,55494.85461434624
46192402,67887.23998071114
45590203,29173.132689315164
46597601,36706.2608520106
44504000,51570.458947472696
43232000,96397.78875418962
43428003,52312.690501786994
42739400,32317.8778347037
45694402,96398.9199967403
41147802,108366.23504304864
45076400,60271.2584327749
43453802,67714.40555279364
41637003,77494.04456479443
41102603,48272.75669758796
41484000,64957.06088736058
47455602,14883.635302300034
48242401,30892.068969719614
45042402,51848.08286354308
43832600,67496.24148876504
49426401,37363.64215238337
45762800,40610.85195762824
44116601,73093.90976324925
48436800,28250.011470848498
46638600,73550.08373711882
42006202,49463.00976631511
45338003,75150.98881448143
42040002,49161.16526628639
47307600,58447.06472579125
45347202,52942.787470297735
47632202,43892.76551928367
45418402,109286.12967359401
46816800,78038.27465819503
41735600,40776.159772526575
45344600,84999.50387612806
44212403,102738.66489917759
43074603,50470.344581615886
45515003,28579.10950335904
42662800,27243.261076044568
47053800,34501.82886929776
48560602,42035.47823087808
46300200,55669.7916127529
46683400,16570.178605398352
47121000,78476.20100960902
44059803,23997.868974609715
46863402,35498.215971800615
45499602,59153.99720376117
49242601,45001.26799411606
46218200,45402.528919132565
47606202,48812.534301695596
44334600,75210.69431922027
45848003,37445.021591547935
44823201,34969.4824651217
41027002,46957.9771974018
44035403,31627.67914647417
41726402,103548.94576868266
41753200,54408.65840885322
41853600,62443.13326200186
44833601,47879.51311512875
46667600,61386.36849262072
45243001,40910.89199359237
49226801,44115.5984440388
45307602,44837.3859325248
43163800,102719.10223082411
48056400,56778.673225166465
43622400,64113.253763405366
43237802,54376.325136242835
47563000,30327.724232267195
45918802,29090.846968833852
45712603,87141.57655981157
45505603,43011.337898032376
45285803,51226.58592557501
47040200,42394.15621562557
48001600,40488.04663179712
48230001,36002.00225073899
43187800,51702.04891733349
47101201,68464.63510030834
41261003,26720.55531049759
48371600,55482.768019894495
42276002,82089.89138772263
47749002,62946.51717448945
41611002,39729.24388494881
49314401,39286.46497674713
47684800,48776.92775816488
42875603,55177.19568635541
47781000,46073.03382576845
45774200,47566.8502163223
42371202,50064.254605434355
43885001,85116.92986533539
45430003,93701.43082020905
43402200,41684.30948799805
44631402,61665.58831235233
44881000,60287.45245393811
43900801,55350.62070868091
46449401,55555.93076731651
43187602,58233.62450465533
44585802,42081.17932687126
42194800,50070.725308280475
42628603,30685.127683499464
49241002,57087.21440091803
44649402,57724.26507242503
45758203,31592.365778785294
44502001,32209.766999781335
46609001,44185.75777190598
42381602,38180.46660761416
47663002,45630.29260147305
42720003,35957.62832908407
43820400,50823.533188166955
49518600,35323.5571281951
47234602,59278.52306427039
48102802,60533.35271787497
49144000,79514.40172220282
48551601,63709.58269288434
46415801,36059.18594604741
41339600,15939.93287572456
48801400,50217.0048140402
41454400,36855.47032423348
49537602,56421.716073502066
41266802,26300.1860395048
41453202,65830.03370007238
48989401,49403.88845779252
43453600,85221.00577385697
48986602,71404.35397301905
44215601,33589.79273096044
46311402,22405.9064477578
41998200,33003.678260047694
44596802,53844.96823605301
45610601,31772.448044002893
46436600,46636.49260090408
44180603,44048.91444566744
47543601,71416.8890617546
42223200,30294.254532788094
42834203,32486.338789634647
41616802,38798.84876349679
45059202,67119.97211795943
45732201,37341.02080345491
42540203,42924.58084408386
41998400,45744.57386960524
43779003,68342.98903232129
44333402,41101.04211017914
43790402,43864.20645298122
42401002,19057.68277169476
44581001,81722.13439830385
48055002,29958.469502726788
48743802,81402.67748607117
48080600,92642.62007465759
46264002,54919.86811368584
42136002,36098.29842707228
46431201,68719.75093040033
49734802,45797.8476713101
49336402,57439.99868294968
44371203,32629.99810978063
47281202,80972.77384582815
47195200,31825.007922609577
46992601,67911.8559032048
48233002,51885.04110414794
43302003,31189.68937262147
46164802,70052.8073655829
47962602,42628.06942147216
47677201,48876.05432162294
42454602,83566.54060105595
42756803,41731.751844086924
41907002,40870.51392066212
49283001,38540.787207270696
47328000,60248.789206158224
48019202,23098.579662574906
44514400,75197.37292574623
46852801,52185.19581064768
40967403,57924.834550106665
47739800,58494.18007633553
41750003,48610.41916223833
43207402,58333.2382054662
43696203,37732.94035434643
44289401,24215.117573693387
45076201,50469.213610505656
45655002,54232.480657169326
45234600,50656.27638832376
45337801,45754.94753512899
44930200,25306.93718969742
44494003,55212.448879195406
40986800,38823.95158241483
44455602,28099.82362923053
43989800,52905.340696018175
46976001,74835.94088160334
48387600,36358.70675519508
44008600,50358.088556659815
43457600,48088.345344512956
46631002,37848.90685357994
48129201,54730.84209764881
41274600,33824.1675785685
42149200,27493.961912540588
47718800,48351.63026265833
41644603,56599.763703882796
47920602,37895.03600150942
45409000,30838.164241866172
45645201,65830.29321148821
42877802,60404.61246943414
43448002,53323.068219131135
49195801,80966.21481594261
49662800,42923.87896551113
48329202,66594.91493136158
48907402,53565.877222627554
43530603,69698.26981409296
42849803,109441.99318847558
45865403,41965.633470540895
48864802,37763.25015007907
48085802,21480.972858891313
49753401,92473.173316467
41251000,36280.952973019026
44038400,32028.02521875305
46076400,50304.22637362631
44329800,25040.908200389917
43373402,37563.500766274825
41497602,52910.6387662165
48660600,43085.35463713983
42280802,67178.46827442384
48384602,54335.58786941127
49500200,31047.341751295673
41683602,44216.12257268248
41556403,35507.68762327206
45442801,24168.76038402882
47616602,32868.99523782611
42523800,85144.20935994321
44905003,47550.49407139261
46840400,60003.88542434653
46258600,61602.3901644159
44327600,63034.675570275744
44895801,84634.47502786272
47720002,45990.14675610869
47735802,41969.85805480698
47665001,31217.041931688822
46240402,45735.62369130279
46273601,63930.81755695779
47305001,46480.929053916814
47949201,37994.71252790248
42239402,47020.56128633286
43323403,35348.318643005114
42165802,58866.391274427624
47335802,47357.825148276424
47845600,39352.74478307962
45753001,72239.51453750118
41288602,30602.154734317002
44761602,57900.41216057708
42177400,65354.782129404644
48265601,45204.03851275302
48518600,30522.055904545647
47657401,82650.63025600246
41613003,51402.587039085105
44135802,32027.883788194158
41121002,40516.32096270494
41207003,35604.10500957082
44254602,56750.505642585136
47851201,45943.120420235246
48572400,89345.9630512966
44590200,22065.776208748837
47473600,36760.376450818716
47770002,76115.42044391972
44542000,32454.51511923878
43354802,27827.14762262859
45673002,59174.31125804974
47371601,31030.18483105149
46770000,33944.75016793604
41849400,32669.29006332787
48594800,77361.00790605597
46174801,39329.17441837164
44926403,34899.72043462569
44660003,44860.45082462085
47367800,72801.68461708364
46018202,77338.32760144831
41469000,36953.10187008801
47001802,48636.960743867734
40812803,53043.299650341134
47894000,45238.55252492231
41499002,39180.35800563564
41102800,50549.3268326563
41371402,38151.17043929419
41838800,34197.91048346745
49284200,72708.58513427257
49351202,53755.95030598607
42689203,33026.26607478776
43544202,85926.33616980532
48085400,57558.82374969164
46776200,15902.919597559077
44585001,31179.591028866947
43178603,34810.067582429736
46455000,34150.93833774104
45098403,79129.05441168959
42012800,70213.25464096082
43885000,36717.797120416326
49215401,73523.7657169429
42689402,33026.26607478776
41572802,51967.98225401988
47365200,60570.47003398409
44613000,28782.952416929693
47397400,77171.60523656924
46181601,36335.107784668
46053200,54071.748476668545
48021401,40262.571558406635
44848603,63881.44900049019
45923800,37690.685275316704
48591001,53578.92700978935
49029001,45031.960179081005
47461400,96969.95577705349
44948202,34434.90561393494
47132401,68165.23899924126
43900203,41533.92079514083
42386002,67475.87056042928
48247602,43413.60116055228
48753002,40852.14692269386
43602203,89266.13432146548
43836400,49681.51953053689
45462400,87302.19989669556
44554200,30450.73184803871
47991602,94827.86369465938
41767200,48036.43867527867
46037402,30102.555190177656
41624800,33497.4975878693
46381002,35819.08353479092
42933403,53497.89277531931
49825201,36705.56873232309
47742402,25565.381575850137
43292603,36736.26154721581
41547400,24300.311078279134
41242403,14591.43137801245
48624000,77555.92982604366
49787802,83715.25455473679
44562600,70159.72214243328
42911403,58220.30725722488
43931000,64017.52597582219
45241201,80924.80048461434
49935202,71793.83358615253
45588600,65199.850256041755
45217002,53092.63016482549
41263202,27571.327359063936
43967000,37711.33839508074
49707002,72845.53354943282
45999402,98261.70278522355
43901401,27587.763011214483
43312003,49891.591621393396
49367801,51597.509061336255
47231401,53364.286619024526
41779800,38501.21401810477
49715801,46737.629104292195
46454800,29427.810602177073
44506003,38338.52273351534
49097000,43753.897953475476
46137600,50824.56498054518
44685402,51038.19014282848
49331601,60206.476331129146
49747201,45255.23794330957
41458000,61403.77144639446
43958401,60277.73109041612
48397001,72777.47813504846
45653000,49461.62171884715
44747603,72374.12054296653
46485601,51066.38829371245
46678802,85953.03382266474
47218800,50883.176153617576
43650802,69613.62212013645
44150601,19521.740485062233
44903000,119977.53237061661
48849000,50589.07115992029
46818401,57242.60835640328
45383400,48767.87792945781
47270200,34432.09655548534
47811202,22451.39088404661
41180400,47184.66030222601
45621203,43059.855403593014
48281600,37229.11273608518
43918801,93812.94198571992
49287200,48770.2305815074
43782600,28209.199002254652
42579202,52953.06093693465
47297601,78515.82506626441
43473002,43855.75312728758
49945202,60860.28468033321
49606001,44139.22891876965
41965003,76485.72468762926
42081203,42677.05322116579
47715000,41293.047940577526
44076803,57595.11331546001
45628801,57191.55255294622
49547001,41677.27526406693
49668001,35363.807020302906
46187401,60332.83374756015
44401800,58218.71390595629
44413401,50156.08740746911
41781200,36245.094735629755
43089400,22884.16108275373
49073401,49881.85209884855
49063600,62816.353761963604
42595202,51950.10136563049
44192403,52676.75761302815
47705601,64887.8433091112
42747200,18682.35076063469
42220202,35055.40311524129
41070203,70010.23923743106
44227400,32186.526200402055
47091802,49018.461635138054
44173402,26712.109589873275
42742403,27623.471388660517
46401802,87571.31834625888
42829803,85681.24604640933
48811600,30003.796454741365
40908400,57693.93309481446
44071002,39361.49381292997
41886202,62496.820853868565
44456201,93259.1212278168
43114600,47265.81352941033
42446200,32481.149493197714
41355803,23530.578437611875
41234602,26129.12412474616
41388202,43551.61380277555
44280000,32073.2752768801
45408600,47601.08652733425
48455201,53436.20780075745
40816002,79787.87117970882
46291202,58676.826961350984
46976801,46497.24445570262
42395600,29321.977999918774
46440600,55216.41077341626
49917200,54982.57907894734
45961402,56497.99693894949
41661802,28870.852360620753
46427400,65540.96556070841
41050603,49848.15310936517
41996002,73999.55552220212
43850800,28718.100812440032
47712401,76519.2878088495
41817802,41972.48330718685
45882600,57548.38145476153
44991403,45144.719141855705
45236001,27665.318104151207
41339000,23803.75586207219
47577800,31319.50035356565
43764000,40955.87449151084
42317800,50541.08609710846
48981802,77926.87802352708
40913602,89389.92085076575
41602002,30420.421549018312
43631200,68969.51623441892
47279601,39752.00510211363
44970000,25368.42277239758
44096402,45826.86684145162
49496801,24663.943470502745
45913602,28399.856839803993
48144200,70578.26376882798
46435802,48727.44162202334
45758802,33964.583786984374
48019000,52421.65474932975
45318802,85987.41271962112
47825000,27150.873195016175
47531602,37307.184945023466
46186000,55737.716816721266
47233400,42006.880301297766
43325002,50588.69685938439
41023603,45243.81698092964
42665002,22309.06245085386
41001003,94521.3337284269
49212801,28947.996715404093
46243401,44459.81557909043
48362000,33562.45060054267
48795202,45463.54387797351
41216402,16261.211852908018
44862600,71580.8378006873
43448803,54943.85268972939
49024401,25388.552699213156
46467601,77071.6258126328
46564801,72843.43188708737
47558200,47458.06694027504
42057600,48264.11749526416
49216201,45320.17042275649
44569402,52790.53413813643
48495002,48041.498111968525
46508200,36180.302354535736
45534200,42907.69996247567
43370003,46003.59394748182
42202400,58431.388570318966
46555802,64353.600463921204
44816001,47949.51857280123
47524400,33002.81983328015
46787201,55906.78486759794
44416400,37368.16108733013
49978200,51240.210321744424
41580803,35772.90335132708
46981401,50613.963190138384
41661003,27637.027743247752
45765003,32579.26445330154
42813200,50060.98009183725
42026602,40319.5618934999
42900803,58781.253393315186
48192202,69000.28363187176
41819603,29742.44328616382
43722803,43583.001418889355
48833600,99212.48322346252
46038002,52122.25435170143
45296603,35211.93399998667
44716001,98835.57075561624
44771603,36228.39255394872
41528203,54445.87624618843
46500400,82726.6040871663
42847600,42107.5742921584
44134600,88455.95803725252
41101400,33726.22666653126
41908002,46790.04840835994
40914400,52688.13223980587
47294800,29431.006296947846
47435802,18244.930750988213
47713201,34754.248821510046
46890602,34687.36311325981
42148002,67517.54992305195
45290600,44089.9565234575
43112000,51755.41739247709
41233403,36369.717774973
48461202,52638.16362269469
49107202,25121.916488076495
44523201,58608.16543587883
44654801,54670.46840385316
45846200,60558.43055577729
45127001,53302.006365536035
47752002,46559.53139334686
45478201,53605.64486532277
44877602,81779.81222365679
44624003,59551.86095123106
46288600,54875.32984339292
41489000,55077.10874203735
49943600,49685.31003507174
45486603,49788.619525662856
49843402,48243.000411366775
48317202,50124.37055154716
48114600,32951.17378560661
41541002,98647.88449485382
43972803,48911.71446918882
43712000,53126.80644642164
44111201,38875.0937702157
42887003,52462.32710604812
48539401,32694.142134083333
44345603,47594.838514804615
49222600,72504.7546162158
46313201,38105.20251947595
42431202,21653.807373622178
48023602,76146.54090328675
48432402,87600.94009925242
46269002,26162.632414007086
41037402,76182.67559081186
43818603,36390.48761390366
42367003,107794.79748276467
42887202,48112.799843238514
46746401,45159.22276660107
49519200,79877.70058954295
41888803,40087.336255586066
42966602,51763.330272254185
40931603,79450.02797645103
46546002,57734.74883519689
40894400,23837.910522097503
44347400,24764.501986563337
44395800,52688.67602401036
44008402,55377.34679393725
43934002,19126.19556450891
46078602,29322.72079441212
41220002,42232.703592847014
41061602,36032.27005796166
45177403,43362.58458864123
46963001,49073.957056598236
49635600,34203.26124936324
47059402,77629.3090104521
48525801,50673.39797695831
47398001,51180.89811089561
43959802,65098.76414723292
45757201,71715.89720264796
47600401,69102.63668555659
46987602,50365.33744889416
41292000,24920.84397913304
45217201,50311.506577299806
41930000,34102.440326436
44323001,46280.02307372102
45078203,42243.47812820001
41849600,59973.96687973599
45918600,52761.26586835029
46837400,70935.05106902328
49441200,65259.970931825745
49809600,58952.71174169905
42459803,52725.66230577742
44856000,36934.66700789247
41247803,22294.46937086223
42576002,44364.89678315824
44660601,13740.450388827448
42860202,65255.74672189804
48441000,33417.678810511876
48438201,44565.916487031674
48336802,70990.60437461046
49080000,37608.053314740144
49652002,71854.46593544295
43301403,60762.92172281243
41622002,32377.54927306326
48176201,41691.53544376622
44200403,30073.45353464647
47362001,40951.86164667684
45288200,109581.7204358734
47495000,64140.4465626525
41223402,17200.49990299908
48992802,61370.52848267262
48381602,56156.23781326769
44249601,44488.145803161555
44170401,52360.908924328265
45684403,52679.51979739753
49016600,43519.6537551182
45333201,36622.90415492748
48882000,58856.33880771403
47376402,87972.8768345965
41467600,42834.514940928915
48940002,29693.970304745737
43934001,20081.241078840205
43380202,19257.48949072684
41653402,45967.19281234771
45078803,67542.68096378991
46668201,42209.321530084555
46206800,91342.55671525165
41949803,29578.662581008524
41461802,36320.647999644316
46503000,48980.61933502222
47432002,65708.74069228435
48443801,59189.06254236921
46152402,37998.23089563425
46641001,63176.43712294051
45321800,37318.43043670565
42657400,12901.232947263372
44762002,57520.18102690403
44047001,59659.85281132686
44452800,61129.77139004646
49674601,43110.995101733606
49169001,46206.479418198185
49978801,70096.61918394848
49744200,29434.979666830084
41461402,48248.73687681057
45068803,76749.84673928587
41882200,49058.862225949284
47173201,30768.91483098732
46548802,54130.38509170073
46574602,92574.18938562364
42622602,66780.99354233107
48227601,40933.08237935531
44292801,31370.08551838147
42617400,46438.52706950763
42877803,50559.40997442468
47707602,40776.930506184246
44969802,42697.787340572315
49738801,52717.763377071315
42088802,39268.33184156729
44275002,65708.55518992731
42531402,45902.56912063949
49457600,37847.75223116207
46765201,62481.871118106385
43811002,43502.38301696459
48217802,50598.95733504249
41868800,39189.28695092771
42710002,80503.77732729504
49561401,34781.97593983789
46158800,115856.50179091563
44609200,34045.082875109554
49624200,51375.181112346974
44746800,61508.17106365729
44189402,38323.704381742406
49214202,23990.870077109365
42597002,35327.75894745224
41342803,34965.17417461527
49845601,57631.063233520676
44644400,42283.37438686415
42502400,21241.956693832493
47947600,56644.267350339156
49324800,86710.52874833756
46814000,42012.393703965776
47082200,61314.11097817535
49892001,55439.29152575611
47010800,61578.134007222376
40961802,47462.53735181801
43806802,73574.65529950541
44040202,63136.657542913104
41266403,26465.49147569599
46048602,37638.33183733085
46874400,39941.32527657236
48547400,86621.18647535186
45934201,18976.547553933444
49304402,41815.580448562
41708003,35675.141141650885
42664600,98404.77575964965
41164803,55880.17330750319
46936002,47673.75827734466
42204403,71013.36442381956
45599203,22678.300272303743
41640002,27991.245346085954
46847802,16787.9335449048
41942402,73514.92007115806
45096000,40261.43883737904
43687603,17866.758101024985
46617600,55299.44525018541
44857200,65140.768198179954
42962600,27671.67356854429
47954402,47202.35402173581
49336602,47644.97893130871
48331802,26294.137615593652
41043000,51716.10726599257
42422003,32370.748319908715
47794002,57055.24423231432
42781203,31511.66285276776
45372603,102695.14827398998
48888200,50521.94439026
44477402,62493.241638698084
48269202,46529.03711766067
47888802,55565.20119478558
45800601,17960.58287758947
47191001,54674.988107872865
47789802,26724.249697216306
48601600,63650.220778558665
47273601,37885.992974733505
47107402,54586.424195089814
43712602,81824.78886746331
41284403,23409.077013302995
41291203,34598.3644093267
47031601,57524.81817798818
48372401,61991.27402722364
46640601,56324.937203506495
42980200,54367.59360113158
46074800,50773.874762951156
40951402,37639.09049481936
49571200,36409.591118517776
48201201,129105.01762380011
44553402,62746.01107381927
43511200,74062.10208734337
44496400,71451.50088963752
46241600,84537.42527228773
44471802,23663.428264090304
44744800,55459.65890769432
47058802,67888.33906613626
41903000,56163.09515549934
44009200,24263.45510849505
48361202,42999.92240502533
43851601,22523.250886412083
42775403,62857.27535533168
48534600,57488.876846364954
42202802,51634.887451121715
44333400,22179.057746766608
41628802,85566.27412459959
44476602,20525.392273209734
47499401,58238.67726947306
44393402,70463.15963432191
44745601,32671.855868966515
47723402,62529.68538253634
47466401,51643.95975701889
49651001,40133.51359617051
45459202,36365.36564691967
42420803,105789.01545423585
46188800,53332.178848344716
44626203,67227.49921571735
49059200,27813.123230589496
47345800,51044.29179337906
47984202,27520.917905307288
47941000,16947.57734234409
46887002,53125.82478312841
45736003,63419.94444050807
42789803,24412.981331766052
48970802,70716.88817555118
48371401,44719.17703330431
49043401,30609.472494294474
47271601,65482.76812594151
42738603,60186.570581687185
41630202,29060.530014433512
48787601,63456.016498885365
44558001,56896.95692254193
44950201,76643.16388872506
43851602,87111.39391309126
41679003,48522.76675914729
41235800,26452.838381279857
48547002,41927.82008751959
41224000,31924.27879639629
44808201,23523.724155945827
47304200,68982.1263551719
48914801,53986.01091217022
46005801,95592.88017009039
41208602,37519.591679472236
44266202,50840.61870277589
45148801,42849.731097147145
48080200,38810.27286621443
49248802,76221.07538104737
42187003,38961.98221906184
47339802,32825.679813337556
45475200,78997.39667775261
44420602,64031.44710107858
49808601,32595.144250298566
47669200,23830.087921245846
43261400,66255.14854389512
43265800,21313.956995024288
48120800,49606.48691538181
43485202,44822.804363318006
46145600,49077.04618466091
46918402,26760.617215669212
45907402,28124.083692656954
43375600,32168.81934081112
48964600,41741.30805488234
45369801,27707.653960520183
42989203,87545.26114163316
42283803,31024.168526364017
48776402,41581.79618600615
45703601,68378.40390246731
45646803,22279.184925085487
44006000,74724.20227930421
48596001,37371.89804697992
41498602,37186.5845526044
44702801,25118.08197559687
48838800,45003.23784101834
46472801,50413.40616520156
44010201,67850.94619677878
44558203,45713.01903708586
45879001,27260.42332117769
49207000,27076.046366623923
47094600,48477.45977207813
41392402,47082.80414788671
43532003,98082.07409666864
45089202,73523.58673244665
45171001,28238.69089068377
46573201,40783.477331785725
47576800,41500.38597611428
41214000,16542.942052243387
47745201,41935.17723548353
45380800,112814.92564816808
42128402,30602.5580022825
48709801,63769.18730836772
42810000,72784.40247190934
45181603,42843.36320211772
43984403,39558.952344262485
43349200,69644.49871518642
42802400,65883.16609695891
43690802,88207.64161496937
44827001,59178.67977449606
46414601,49079.45264074587
46454202,57615.49049632355
42618802,66588.96706948259
42448200,27327.463932922015
41265403,30518.411062931285
43540202,69576.93008745101
45906402,38861.784708322804
42225800,29901.08064108213
44347201,49541.23325548898
42453600,65749.02927445655
43367600,59817.782228600576
47770600,28829.267998191004
47591602,30458.282239198466
47932402,99833.60183740867
45787801,39103.58990208926
49447400,55114.63778825748
45417401,67556.65225269274
49966400,29136.942366413183
42485203,68792.44039708786
46803200,23938.304221890554
45938400,62355.57540152196
43640803,61140.4101476246
47119200,23030.292832111758
44714200,51517.674211210804
49719602,59314.74306585214
41173602,91884.47606534764
47614601,52005.84918481136
47488202,71767.3789341784
49524601,36053.49301184122
43725802,32581.181719587505
45120001,60798.40320322632
47733800,30144.85949651635
41409202,44066.448981607246
42694600,67213.88428631464
42502603,45866.83168255066
44296403,65286.55116484505
43883202,56596.418078222465
45604403,33791.234415300016
42829400,43857.58567463412
44455400,36830.384027578366
43470003,45928.6507823704
42807603,38571.190334816536
45209803,65939.53188048795
43783203,50280.177090076155
44093402,30949.3491343727
49407600,28555.8947274273
49851601,51648.60944793625
42227600,47210.52371729567
48186202,79882.45862620666
42171402,22134.98638181804
48484800,28505.64603887457
46170402,43114.68070078532
43375402,49445.86935143592
41146602,103370.31702155453
48643202,33350.840235942305
47887000,22407.731379554112
43175803,60416.30232070059
49366002,29457.255546487177
47447601,76846.39996574522
46193001,24907.699556864936
42333400,28399.94254644039
41347603,19404.75186836702
48799602,43500.63829898511
44369603,54601.27138490067
44793002,46756.40349840421
44324001,47885.09753764629
49710201,50421.55945698137
46263402,45330.944226347034
41446003,60028.05804237256
46807201,29977.60126235433
46335400,81465.60761219217
46712402,58311.85826022404
44772602,54352.21395615769
46693601,17932.41090324871
45567801,88153.66192384034
48839801,59310.20906089699
47511201,33955.3225774538
43451403,39189.095606217365
48095602,78910.09343905732
49665201,63630.242579007354
48152401,37133.2446787911
48198602,15982.195953068374
48239001,93203.68363148921
44773800,57097.557510585975
47269401,76121.19196878358
45446402,25733.23912215093
46741002,53201.67990156341
42543202,82550.86568726385
47557402,19774.525125660577
47992601,24033.146515155786
41382002,38977.94019463449
42958802,48980.53044315187
49598801,63960.47550718943
42400603,56697.67314532542
44425401,30115.07363362483
44899403,47653.697516056316
41812402,64069.42148339318
47773600,78481.22939335139
45150603,22268.518676580898
48107000,94624.5803261254
47060202,18844.311414368734
44323800,27341.314443188065
46361002,54554.702525503686
46522000,23094.71711747686
49197400,39662.45887964341
43960800,25772.060943789184
47075202,39372.057820359885
44595203,19837.98759333787
41462000,27683.5152654653
46974400,74171.92972189316
48280600,81934.82990155846
44745800,54659.06202336133
49164202,27596.44460804924
43771600,96837.476550777
48478401,51872.70069962948
47959802,63919.57951649942
47568002,28031.810905744205
43329202,28681.753865653343
46383400,46311.3091118976
46529001,53696.2519385576
43485000,89419.10524844145
49576001,48205.68803797021
48420602,41995.946812026
41336202,37914.83745346892
42420800,110787.10842682823
45204803,34864.791544836145
44641200,47502.78771558359
49011601,26366.673278481976
49262202,47856.17388329274
45023403,33793.65272307513
49734001,25961.33604324152
42334602,73032.74076435833
46804401,46282.76102941801
43924603,55125.33757707272
48458802,69505.46748920676
43046403,88188.90576985509
49457400,49620.9063716668
41882002,65052.484904902834
48454201,78018.89933665287
49882200,33859.977550934585
49644201,50232.989136495395
45734402,52398.13025350755
46547601,27885.989103962747
47647200,50184.77687949945
41129600,71328.46905272779
42497602,25212.567263058234
44386202,54429.58086100568
49823601,35075.251134419625
48956200,43403.18496529082
41031203,14769.452308883978
45500203,69599.55960266966
42002203,39948.989602802394
47174002,75226.84991912254
42145003,29253.807873160717
44202402,98462.18060461158
41555200,85989.76139510458
41961803,49596.256965720924
47783001,36125.14547262949
44230801,33743.43173314494
48809200,55220.09292889495
41467200,95702.0657554795
48023002,57096.81657220578
44764400,22430.325854802213
49517802,48618.99184924321
45902600,34628.08548148761
43798000,48208.181756741484
42897803,33813.33514517374
44164001,42375.991373495825
48980800,35123.95521982078
41287000,30716.610556739222
46767201,59804.12656869925
42542403,84527.73711057939
43956203,39009.52044248475
49967000,77056.72538305528
48807600,35461.08858381863
44581601,79235.61740522282
42053202,69454.57053653461
45112402,34667.79894470585
47145002,61507.14946330396
43884602,63795.89472400077
48211800,56492.4090511542
42102202,65803.59336741747
48226600,43690.468923117885
46570602,27853.612365197383
49321801,18360.646874620434
42059003,24449.34948831333
46072601,62010.31043488884
42351602,78762.66764443122
43448003,34611.85772011735
44504203,30202.8681703013
41003800,63301.37028904773
49430200,28136.47740647931
41052000,86438.39218278191
42414403,44197.82056141193
49447600,45340.41520800557
49689800,60639.502532683524
44013602,72304.27972502368
41010800,32856.421304821044
49635202,62523.51156758593
43878401,34614.283869174375
49753200,46835.318835538514
48456602,38154.33682701321
44158201,44931.10498365759
45427002,82080.79018634315
47641402,58233.99899995941
48753400,64027.16101535712
41876003,38237.505664896315
42919603,84509.83377182175
41480000,21928.11656861964
48595800,55714.06978698133
42808403,40657.26472711717
45482603,63768.930218736394
43869003,101465.42928443628
49046400,84861.80284623278
41855803,19457.823724045687
48197400,59484.60928587507
44534400,49903.01183226457
48734200,24429.774419416077
49107401,25037.036428237698
48159001,29336.04426849039
41994403,29671.174715703208
42736203,30701.7972325678
44046003,29720.122399449094
46288801,26045.96591108234
48291800,80758.52586056529
46591801,53291.988967697725
43154200,52165.354067818145
48401801,44170.59150172894
45701600,95905.20075694995
44040803,43173.91126760115
42016400,64272.0757755902
49399601,71143.14972450453
43432600,55075.86480823981
45620003,27276.059130516587
49882402,52213.995505222476
42665202,19806.64447430912
48259002,34355.0999488351
45656800,45010.070720513744
42514202,40982.403768025164
42146403,20099.729967092935
49117800,58453.22109531818
48563002,30693.446171742537
43049203,48443.07730226959
46201000,20669.880348479615
42887600,28417.881745286482
45199202,82945.49280112039
45864802,55775.70485230567
48474400,43600.11752461963
48624400,70538.56261605331
46583002,89552.99643555257
47813802,13421.539029276639
46226201,26405.787755026737
46295402,40043.30451063352
45449600,75419.80421075138
44150200,50961.85348919737
41628803,66177.18302789703
43925003,75394.92221018298
43853200,25681.84177822445
49714600,51519.47749558116
47118802,111819.5926674169
44008002,39389.34222343842
48503802,55736.89847565604
45781602,53718.456911012276
41374603,28373.745599519207
41420603,86131.02443401222
43260000,35895.88583783059
49983002,44992.46532391464
45448603,44002.26289479559
43015202,54020.99889605864
49000600,14208.755734924882
49292002,47150.09654979799
44572203,69508.84152556176
45321200,42163.87102454798
44608000,51003.129607716925
42503003,31034.148500617302
46467602,43235.52679697653
41688000,55081.0098556153
47907801,49498.652056849576
43983202,83899.81416243764
47587602,79464.59106175472
42945600,103229.6065094789
44182402,49856.27611733675
42297202,31696.030717675996
42931400,68692.38548020713
41297402,9529.261026737237
44378003,23204.942598446083
43422402,73842.63442427384
48350602,25708.451279252993
49816200,41752.39428589145
48729002,61233.36982958265
40885203,111728.10230633592
44359203,60293.35273120698
44012002,46911.904655827326
49669202,40400.01905808202
48387202,42811.4007646271
45491200,68952.47615968977
44644200,43263.26145348855
41864402,32411.016918393536
46948800,45832.65977629232
48191402,55483.74235258823
48691802,53555.5607481934
45243802,28461.68169389812
45728800,31878.93260790602
49510602,33970.905860728526
46057400,31010.064064961058
45744402,62947.50370317772
44982603,55384.43839111632
47832601,24785.942955425962
47591400,56509.95979027914
49824801,71041.0510856721
49401201,43842.66687896222
48214800,35946.28399257353
42667002,24024.399676707013
41698002,63163.28411454952
47075800,53241.63246479309
49513202,49630.560690214785
44765200,47377.61666896728
43799802,62954.012052695994
41743802,62303.961729277995
42303800,38517.445459258975
48405001,31732.849845200013
49212400,34335.73284788935
42993802,57883.318955996656
41996403,47808.15092452786
42201803,30102.903108340535
44551202,78456.67234207073
46358802,44600.39972489358
43389403,61669.17242981836
48939002,93740.76767215597
45804802,53590.13967452617
46551202,55607.88126763113
41797800,21336.614971092844
46762600,58227.44340158839
44233803,49876.59670373388
49122000,21242.5269252972
47767800,47219.95677229155
44379002,60621.98564108818
43481602,70613.11788113535
45031802,73997.97186006534
47586602,30357.887864965116
48189400,37749.254912522774
45139602,42323.42827009973
45685600,50302.226550311854
42709400,50561.89536360799
49860600,55651.74780328303
47272200,21561.914235638185
48971000,21744.60333468527
41687803,60609.1412827103
48961201,31345.108161663826
45185003,63606.182570258185
41548000,20200.23445358833
43141802,44164.104184674885
46502402,48954.0964636438
45718401,23466.540929959243
48945802,52164.28604850656
42492203,43260.539881993376
44403601,58930.902658950334
46523601,60393.88713808323
44581401,46935.639450801726
44529400,42296.661235536376
44659802,86257.6727525341
44595400,31824.9025041051
48513601,47497.532289371484
45744801,19074.18325578871
41752000,71562.8060228017
46718200,32692.267366493215
41314602,30360.074677490345
46504400,38062.52461267493
49655201,44772.11681249898
41130800,64837.51020331686
43872403,63120.53543406953
48254800,76161.74083681134
45142802,27734.968227068683
48557201,39943.139918431305
45134800,45062.37795949207
44823801,31121.437955699177
42266603,95242.1808932973
41412200,31823.06371742767
45782001,73722.64224879787
46791800,70352.24195686191
45600800,20814.136417266855
48033402,53079.480743180146
46136200,33264.954116381385
43525802,60036.66168310751
47836800,22461.206448367506
41931800,63714.45495294264
45424801,50889.246256731305
47503800,104664.14169423062
43813802,79813.72945528252
45351801,19980.46129847069
43861602,53134.18593556249
45684401,53175.587064283434
46035401,56155.1742264947
43367402,51151.425835604765
41592403,71524.47070432962
46110402,67043.5644765191
42804603,41421.66805956662
48546402,61170.242928776555
43955000,39365.449303755435
41749603,46903.62048763364
46080601,52593.98177852038
41577803,19708.32991164983
49148601,86194.99823263299
43246202,39152.91819994277
42258400,35447.11182944184
45208801,50223.42890838673
44913400,67233.92299615836
47532602,66363.80006180704
46749002,50608.798016163324
46237001,45890.26608932136
44570003,56870.50339511981
47203001,74033.73984131859
43877203,30458.23186891822
41337603,16912.816543711844
43266000,45041.82141452197
48000802,44567.512929556986
48139202,25654.4646720506
44264600,46642.44807731881
45164201,49472.9495821382
42389600,24239.47186091215
45863800,66185.9291124235
44885402,22961.430540959547
44125800,52484.107982531175
41349402,25605.41711542868
42641802,67350.0405993693
49563402,41536.672211888304
46800402,65752.447696179
49074002,74922.41552051717
43149002,28598.102452775136
42985603,43716.03320868461
44022003,41888.80226892167
43108202,23709.776937795243
47440602,46764.821277678435
45829200,24001.10509423363
43810400,62661.534041673585
43850603,64845.86173549436
48325201,42405.47970612784
41737000,54960.241489006396
43657800,59982.5302185678
44693402,38316.240104101475
46251801,33340.645431802244
41667200,51340.29769020221
44866402,63251.3217637514
41254602,22369.3701098042
44644800,20776.796784965292
49306401,29441.52091048148
44859202,41305.24879865223
43076000,48243.069466733534
48041002,54144.54436293086
41740400,85651.7864467247
44359603,46925.53362613304
41252003,69133.45790693532
44128603,62064.047176105676
43013603,38616.773289106626
41529203,48421.68064945435
46899001,43383.43274138251
45227402,32564.962718667965
45942601,51439.97795635504
42121203,24351.473518823565
42737603,20468.28736469992
45097801,65738.35556700366
47637602,36845.54818205225
48444801,88442.4448412031
48368800,85964.27768615013
41977400,70084.8915699004
44243002,55358.11403923234
45954600,43589.596078882125
43212402,50889.5432882172
46111200,61537.27066477361
42637400,52338.44997811479
49122402,70021.22026375646
45383403,37344.96724902235
49510800,44177.93904308598
45960800,45108.19714970893
45531800,49781.3998007681
42741800,35365.02820998609
46360000,39261.90449980594
46088001,70654.35607506498
43626200,47285.51126217802
41804603,49842.119548982984
42850802,39597.731505938
44201400,33507.755674429805
46830602,49224.47168160361
42742602,24421.052172130163
43687000,34933.0933811309
41845203,17566.525847058954
45470000,97333.06660313344
44976400,53884.89850143228
42768800,61620.93890588006
44625202,34033.705701856896
49062401,81845.62745527121
41789003,36111.56778593653
46933402,95234.41973294115
46841200,52654.31075227475
44919400,105964.88260010953
44673800,48924.203875437306
42016603,31915.718311766563
41770202,66265.69428900792
45355800,62458.260233011606
42942802,23121.552540671095
49495402,52947.60323051322
45658401,40126.58971448317
48719601,41876.63399384973
44749001,49352.46405564939
44712400,54692.88673408628
44162003,46532.132438396424
41344803,29262.710272719276
41389202,34036.4651727255
47668200,33289.02916836022
49243601,61929.202905068574
44204802,39985.84494707007
40839202,46940.203297666405
45764801,56795.76754340817
46088200,59807.27320277011
47966801,62186.409539094544
47172600,106588.82903515862
49105401,48477.13787377409
45933200,48870.659097516065
44763600,45209.04418631595
45116003,82617.74521946655
49647402,41645.98181106249
42052803,97091.31149139669
48138001,83774.36751164332
45549403,27140.91414631091
46421602,67738.88500194794
42453200,53923.069663662565
48040402,92195.58496246778
41319400,35323.29101082393
44606802,42464.48072177709
41168403,41133.46466049885
41214802,30254.130828052126
49470200,60396.82203920302
44031203,36478.207483512466
44733203,20622.652604189032
43689602,32155.407225913368
48870802,34901.03084728172
41568000,18292.761170785117
46782201,39364.216283842
45521802,28921.374974498016
49064802,49814.49718919239
41472200,27720.029539508578
46559801,46637.80153181459
46525202,55402.08294111198
43493603,42654.89505554054
42446003,29773.890027050365
48389602,41743.42738685686
45506002,69653.7068693922
43576602,120333.83984129007
47309201,28883.268337907408
49174201,70255.99640917967
48523202,66499.40207337633
46837801,51112.87794483108
47219002,38868.74192872086
49122801,55172.542245183286
44857001,60194.01414846926
44650201,18809.421225971986
41267600,34638.079432162354
42146202,44311.47073133889
47333002,60082.583066054154
48514201,21344.272798459075
42514802,76039.98808293328
41422402,34501.91744204025
43236003,66395.53624017973
42182403,20524.671185424362
45649800,36868.01604540828
47228802,14400.442420515443
41379400,16655.71834074745
41948203,19864.4658136289
49908401,29292.276557431607
49054802,77088.00501639755
46435600,61920.63702461871
42414600,25778.59773315004
46554601,30511.138292130832
44664402,95253.97223703907
49833001,104425.15082262707
46796402,40860.42735193454
47096802,68576.56645853586
47888400,64498.77045812353
41909603,45056.38405022766
49182000,44116.0048016739
42765200,44893.913763362616
44183600,45216.76364479376
41476203,36020.18686373063
41747603,53348.71710111859
44268202,83628.34402478226
43883802,41761.06894744324
44252802,50669.2456391146
47519602,62305.50304423346
43444200,42971.289994596635
41026000,50878.008838405476
41580402,59674.47151155019
43145403,79999.19482426044
46788001,25400.08747799602
45747003,53234.503488746384
47222801,45609.75734125251
49363200,57049.690737485114
48397402,41690.6924048208
42299600,77752.00839065295
48576402,46886.13268941867
40964603,69190.57252479724
44277402,25942.668807552298
44591201,43570.6369412771
41434002,44555.14274023504
43282402,55225.82659504635
44350401,48127.78533000959
43709402,64695.00788064147
45355601,42008.09137047412
43329602,39495.18403173926
42040200,97955.17554278974
41410802,58148.409124669284
46737800,31061.556367469537
45741400,49095.30609670023
47357600,55933.25280054868
44689800,57896.880624589314
49457001,48854.49729540322
43911600,67098.56273786211
44680603,53357.38238255965
48479002,68244.93862276767
46612002,47668.705588575394
46582602,67891.36434147786
41503200,44423.315989472234
48086402,107539.25998136187
48966000,29787.234397392516
45541602,53242.40601912741
48618602,38105.09573358246
47315401,50760.01148030428
45191401,44505.724109452916
45344402,53834.08880418848
42814603,86949.82217175013
43223400,130598.58453354624
41819800,61223.93493781372
46586800,66728.26298671853
43942202,26491.82782519554
41836400,45031.75832965479
41394803,48154.50146027283
41803602,93512.41928380316
43660600,51999.87092378945
47917200,66487.33490796655
44864400,70956.43396305537
46463400,51162.82236674443
46638201,34949.31253632058
41038203,79933.44269443135
41024003,19049.614649950432
41342003,57934.34345253219
46420200,82351.07541700754
45779000,49248.67082622589
41656602,39207.544555635075
47688800,35521.523676860226
45326200,63393.085668713175
43662403,80187.46467588218
47545802,37590.6628268605
44702000,18995.854873039614
42421802,61347.38542968818
48217800,30472.66000924073
49286602,33824.45728522884
43726403,67383.83698673711
43937003,52037.781629910074
41577003,40392.48585006054
44418402,41793.87472706057
44818401,49654.34726310816
47058200,41100.94974216851
49574000,22234.49187630468
47437402,24733.181219259444
43776803,40258.08231570577
43864801,45143.45633454496
48894602,78640.0361493472
46986802,50927.998038925085
47941402,31002.816014509604
45712802,29083.872781600825
41930003,34986.607930375445
47827402,34441.24892714235
41358202,38181.032707933555
41211000,26713.606120127784
44742001,36059.01740938884
46933202,25637.58513888799
48777001,46979.960271401134
43760003,46943.431071329054
47777001,36110.24416941763
45847603,42164.16116001294
43978603,38298.32722243401
42138402,21325.369491959675
48056000,42709.39925566913
49747002,65592.71956111913
47639601,22674.888000786326
44549401,58485.22405438608
44085402,44294.02377802411
42417402,47660.82956149002
42287802,27466.382558201018
48623402,19411.38465961546
48541201,39634.72771934261
45367202,39136.918299864585
45099200,74585.24293957553
48291200,53341.93599470871
43477003,28604.919569830927
45060200,90821.59530024328
46858600,60749.229273769204
41427403,59319.801609004026
41301603,29123.154868627396
40852400,51278.015607497306
46302002,41756.24473291218
46617401,22519.94105191969
44652802,66693.41993086085
44205203,46729.813714772645
45452403,46996.249682691225
42764403,24466.355911520543
49420401,35897.97657556847
44862002,34772.89207910003
45552000,100273.463795388
49763000,48459.27288427268
48489802,67681.05329286738
48996401,53251.16511487437
44850600,63914.88438460284
45419601,73413.20416589196
46877201,51143.82407597297
45642603,50754.49435329728
49838001,87479.21160248976
41981400,79613.15482769004
42980203,54699.45209398802
42132200,77167.74428618276
44634401,81356.90701949438
44702403,52774.225305308864
49326401,51162.78524092298
44274802,39069.2371135702
42059200,38510.18170420049
48951402,53573.22355370555
43885202,78690.1640986732
45893802,54098.58894585829
43632402,48716.075656008936
41509003,55903.14039568689
43889603,61097.791979951486
41298402,14549.495941863519
49193002,49757.69836440799
43319000,54131.245423584354
43653803,42058.01600605879
48259601,64941.96158601775
42902200,66876.10160144084
44282602,24207.916853264935
49704802,84166.24081410441
46098202,27975.67674862993
46149402,76070.48959359963
48929600,71622.8142356873
46943800,62808.416615365495
47538802,46921.31059943154
44748601,26842.954202559704
41708802,34173.107266874424
46068802,44109.142248951364
43619003,27265.888726806945
42309803,37047.924724913864
43218803,81037.96212217641
49579600,67753.88578264762
48908402,30855.532138684146
42921400,69222.84146878227
42750200,57348.20430798791
42698602,54766.05014421726
41501203,43568.459447846144
47992202,98560.77540959939
41126002,39242.460058047815
47468602,31080.62043735852
44718201,22521.728718219754
41405002,60718.59585372411
41184000,62316.697480436625
41682603,51660.83025190751
46592601,26643.317581877214
45683203,41933.5357705733
46072200,43389.969402362694
45595200,55643.93622886348
44362203,46323.49680853498
43747600,72348.83060773343
42986003,27972.440575181216
48905802,52157.54425266643
43320403,29786.53652767055
46719202,36109.83376914839
48002001,80544.7931138687
49052600,106160.1208472248
42095400,47383.11626088532
41569602,26157.554148866046
46255802,50989.6604093308
45670202,64552.337607094385
44217402,45289.2510018969
43507603,54481.11168556947
48915401,43059.827243856926
40974203,83725.7631453066
46596400,29387.395403422874
47778600,68334.81115005037
41737602,101934.05120917584
44301202,34464.31075617015
42846803,29057.90615041388
43634803,71650.16663714517
45602002,31280.747444447545
47104802,43720.48197090108
48857401,58212.388886292545
44267001,63662.28551765548
47693601,31621.45801909281
49236201,23320.145955133674
45589801,106775.20693596016
48316002,40097.718092942116
42699200,93744.3855738569
44488003,28720.00599110683
43678003,77030.88251846137
42642802,43305.00255721063
47832002,54428.39488646787
44856001,59565.481533461316
41976200,41317.089429014464
45008400,49305.24459043455
41252000,35545.87674690046
45356402,56663.51066757537
43868600,36551.24837735932
46170001,91023.50664415798
43332803,51135.479664039995
44468202,37047.04913777123
47832602,24785.942955425962
48324001,63592.28203483426
41200202,62646.68245845259
45992800,24906.585188656034
49704800,81176.50623586266
48145402,76397.05959608241
48219402,51406.32040589629
45466203,35433.22919021176
48869801,82751.62073171776
43257603,58887.091316155806
45287001,12277.743925466573
43798002,44112.09399510644
41704202,61986.27813314177
43907401,45357.329553467476
49144400,33366.8210495017
47632002,74698.29603134158
47812200,18014.025671025163
45603203,72872.01324083527
47725400,53740.97639547289
41075802,54916.544399734026
46784801,41683.928969924404
46202800,49999.37802569387
45172202,59537.356410319764
41788200,32600.05955878534
44904401,39200.900482049605
47495800,30318.294297658438
45815002,88299.82448513042
41161802,30416.95371126754
41208803,20524.566378171738
41329603,30629.085119031435
47054202,63064.687252829775
43826601,81563.1775459253
41758000,82923.64535501851
44014003,62975.14485637625
42853400,97380.37530671108
48932602,29453.99891328696
46928002,38773.0859901166
46427800,79977.53935950653
46150201,98312.5716297983
49170000,35204.07254174811
46831202,65820.46188786507
45901802,49637.77281694996
42752202,20541.136240462984
44663000,52887.9021445953
49395202,45221.78097935326
41364403,30963.271315155536
42419800,50674.17000961532
45960402,55232.1777342678
44500803,85832.57310865642
42344803,43142.06464432904
47403802,37410.16648264288
44605800,28119.480971116922
43075000,65156.034681949786
42113202,49857.839554358005
46031802,41365.745670583514
44250401,55143.155700405434
45928001,100997.30285192718
44247001,27988.154136161407
48533201,58664.27419266051
42251403,31418.527278598813
45967002,62277.23129755731
43141203,51947.06024705028
49941600,43356.7628026685
42232002,27186.61498448313
47795600,50344.474093792276
44803603,55528.36387673104
49155201,58661.89131300796
48171600,59229.85068227282
45917402,24067.004010557153
43800600,38494.99512194565
49006401,44351.270120868765
41329802,37648.59899348057
43708803,84867.06657602065
44118401,24797.62707245451
47154601,27742.15110716605
45692400,35977.34847316682
48289002,65606.45851313639
41413203,23334.695008214505
43792003,77790.08160008685
46157801,60977.82175956389
46551802,45330.5568495793
45112602,64353.00587697109
49035401,29939.036805196585
46320601,44508.12518163437
47992802,58505.28776840999
45809400,33555.3533560465
49820001,31467.279588976904
48993602,42935.58659874309
47390601,100807.82657530549
43929601,84455.4009168294
46036400,58396.04523942748
48235002,22117.632883984857
48227600,98740.2774157202
48771801,20378.520642228752
45976800,72307.17224270025
43229402,51882.57636449352
49630800,41920.93594326128
47054402,34565.01459749502
45812403,44515.56779371017
43751602,32584.80348797803
40961603,50776.25306943798
49359802,59074.08023989317
48435801,32212.960906172644
46852000,28846.00155980052
46563602,31532.0158182381
41090400,53296.093146597195
48879002,54649.75028781133
44888401,30672.80361185009
42143402,47951.858584836016
48163401,38541.154435366305
42900400,36005.08073353389
47834002,29647.280754946914
49324200,38496.479872473144
49791602,106888.33438251191
42335002,29185.321075394102
46318001,80972.1050659042
41089203,61292.188356181156
42106403,58149.48902238821
47246000,50459.48281692673
45802000,92351.20517816827
46412200,39013.19363251407
41452802,72960.56052774562
46710402,34860.20939014625
41538603,69187.5607105976
48997600,53650.26316450916
46761200,27451.82359331313
44121202,93206.97994949475
43848803,52706.906717616344
48134401,45801.5384145847
47786801,29020.21073010697
49489001,75525.63790128093
43803200,76559.03890506524
47922800,73522.77487522506
42858603,26725.956738137946
45065403,48816.2916086052
45704802,88393.73455599633
41582602,55136.29802084594
48375200,41114.57870564313
42024602,46755.29614182406
48813802,105533.9489496224
49873800,31676.60593279812
49638400,35894.87244879672
42436800,29202.062293815274
49354000,19954.471402097617
42789202,29038.671892388673
49022202,16023.391573981193
41506603,22261.388354265735
43609602,31900.93299930275
42391002,53727.386255979334
43496600,76296.20199252365
49239401,27224.407951314315
46531602,47779.716541889065
47753002,55816.77903098952
44497002,56143.487150839705
47080601,29767.65047999061
45094002,36459.305032032506
49897802,68923.99902816366
47335600,52153.99944317978
41330603,36712.463513094095
47823402,18286.997057423112
44139200,23207.077688344136
48482602,39822.31078358682
43318603,61187.78550497174
46419800,39653.44782237604
48691002,29071.539221826984
42371400,28660.416169423108
41734602,69270.19902671725
47130402,34697.5578922893
45104603,56930.63026551942
47437001,57191.31713051935
43710400,75417.15404894437
43181602,32141.50866751963
44805803,74550.59317055091
44570802,49911.30350274791
49096600,35449.065519613876
44903401,30757.387360907735
46297400,52145.34879104546
44439800,52915.010952652694
44613203,31097.400973419928
43620002,53052.49857735113
41208203,9430.07489101903
47519601,47001.78738518418
42310203,53269.89063958824
43109800,54883.73775710343
42769803,91991.28261038716
42301402,34788.22446599587
42175800,60145.63170911643
42502802,70164.90197823274
45705002,40800.93565938999
45597401,55249.97080381829
45178601,56117.09841955438
48690602,41124.806068765276
46112401,69915.06216420901
49001202,56369.557789943
47402601,33510.54398994135
49079400,38584.33270042969
43678002,64812.33434470811
42159202,61871.30365709648
42435803,87310.34865586444
45266402,27968.081263990753
49625402,45633.64993702207
48861000,60653.17793474419
48862801,37113.998630719914
45138202,55073.973778574524
46756002,66198.23365424668
42994200,91940.17388345562
44061000,31539.663922804284
47180600,23959.133317366504
46122401,70157.82640478588
46018002,32734.020750697877
49185600,65411.45131564162
42888002,44589.51084299631
48039802,65093.9548705631
45158601,33864.30934347538
48389201,22764.917127164503
46886600,62155.14007856221
46506601,27657.61234710367
47697201,71270.51667052212
41234203,28970.18561208702
45596402,76075.6926218237
47744001,86913.21200845143
48160800,63700.192984936555
48456001,30930.033045046497
48557802,65399.790764545585
47826800,33562.306596318645
44071202,45404.8591249978
44521203,60900.0303448622
48462001,23140.268382466296
41607002,74124.84733658977
45391002,38845.78747321939
48634201,44948.37721388233
42478400,26418.673723440093
44035600,63736.91928757995
49028200,40429.19953915969
49257200,63727.680077026685
41381403,57835.74042839579
48908200,42595.01885011805
44431201,53827.54467270877
41682602,59455.17419313982
44225200,19448.43865818571
45100200,21298.88494654988
43563003,35805.18026536705
46708201,101944.05049094805
40994600,40783.495550098654
42518002,73529.3977880689
45871002,68387.0924572921
47370001,48068.9846893286
43220403,34242.05057167662
44771802,37003.58361475966
44232801,51065.74448310473
41960603,55682.84209568589
41200200,47723.147254445415
43960202,46447.35794362567
42440402,67829.73222617086
44426002,46633.116291980106
42134200,82201.4551098437
45888200,58822.151991592866
44218801,51710.796386674556
44770002,38393.17520713427
41242003,34561.8078083083
48756600,71073.24099230938
46857600,53151.47391964879
45278801,65429.29558581645
45491603,24653.947052793745
45104401,41848.88349701795
49275402,55423.93231898377
47211602,31474.699259502588
49159401,39758.928331762414
47758801,47678.168692767635
41912600,40591.53348775051
41845402,30906.77755250511
46365802,65475.55300879838
49869600,65945.42249333388
46404600,63394.630754299724
42367802,50800.054199784296
44088201,75805.50510662158
41297803,8173.820927028115
46028602,59782.97950170453
45442400,108932.80640653218
49230801,42387.015956747535
45395403,30083.579496393693
47788800,63152.16718280504
43702600,31118.959592697014
41092402,68553.46902547144
47322202,112397.83121115445
49934002,88512.58498733472
43256203,26618.76562534691
48215600,43795.53078209275
44696602,69091.93640353296
44554403,58348.42451061128
44880402,42347.61770629953
44827402,30815.722799443196
44912003,31733.78086358321
44659601,60515.05105705794
43829200,47123.03456612889
41439200,47124.86390419108
46323001,31757.95775672813
45310002,64528.06332619435
47855200,54559.66137978958
49603600,71625.40023318255
48807602,21600.07714390124
41609200,52683.55943971807
48298402,26010.13829347383
42934603,51020.22194053303
49671600,45896.98995678911
46220000,89931.28209164203
45127403,47069.19177679419
41054200,74240.67339752874
43836403,31498.57254016056
44850403,41535.26011432881
44517603,74463.05993498547
46705801,62210.032038813115
42278002,25293.61917332728
48002602,105905.78156642338
44302403,44964.707087696996
41444200,42737.09460961053
44122802,50812.95313407121
47553200,83732.9384273162
45489603,50664.81106252884
48694601,37801.88853271346
42418002,55843.03136123124
46026202,77717.84803711154
41037003,28228.90293256907
47959800,60493.54065511528
45722803,43736.461324051845
47566002,68346.94131262504
44474001,30219.936916981424
48196602,58553.78804309617
47741600,87631.36046788414
41314802,30369.328022902155
49397201,60598.50232628771
44135002,36087.38346299941
41631402,33497.83618341289
44718600,80938.32925909516
47230802,49049.06961404535
45327002,74242.30619644678
48419202,16095.710181286093
48799002,75210.2385200502
47053400,57194.71786355492
48792800,57758.52653773623
45747400,66822.47911938868
48168401,55718.79805793685
47419002,44029.75788565206
47406200,42399.58575100964
46788000,47390.40062740819
47647402,29165.709787004605
45225403,57053.286680170415
45417200,79585.16552059895
47349202,46154.02967555843
42091602,107692.53561100338
45083403,50198.375455931375
43982201,41439.49229766134
48249000,38753.49595755765
43879003,62826.12729736803
45737402,57875.860437399744
47313200,30770.90047616478
48540002,55810.38351879445
44807603,84907.91555656759
45852800,60477.91828171976
48508401,51227.836137199934
47710001,36812.49798206176
46385602,44551.08923414217
48569201,47350.48833601145
48891601,20917.413732706365
40801202,57494.07550237718
46263400,25070.459925579475
47886802,105014.9792771537
42682203,43173.900271604616
47327000,78409.23863423782
47560001,57308.48561573513
47131202,55706.521038003484
45020801,21169.874482950378
43997803,42738.77989675397
43648003,27607.52623727172
47563802,27969.857485628803
47531002,75188.19156970318
49857401,52278.49137543159
41307802,19333.173321864735
48156200,43211.21544976199
43783200,55218.31029112148
42789403,52036.29282393979
49410400,72005.30696114962
45739201,27926.790514248285
44026201,53000.21537464304
44345801,26560.656574539615
46433402,56027.47126527007
45686200,31940.705999381433
41282003,27119.525674605953
49744400,53684.632853612835
43162000,28722.353264994243
48289400,54538.9088023993
48140202,84338.49575081152
43339400,42049.03730353936
43411000,112540.92093012619
46703600,23426.05706096285
46071202,50507.79629173377
46062401,48022.02134817495
49212002,66774.22942942516
45304202,48853.28283060944
49844202,40754.2624326908
41544200,61105.07274156494
45803602,49245.783152217984
45124601,25655.263167497425
47388802,33596.90046687624
47122600,55944.419233130175
45413800,33213.368877272784
42476200,79420.56472528505
45481401,44894.70091517715
40956203,33099.42577918282
45301601,95931.51601669905
43671200,34364.12927802409
44584000,34000.51049258816
43962201,62105.45765539688
47699600,49641.45211882863
46985200,34241.06210209732
43747602,24417.014506854277
47238602,45508.14637574978
44075800,107708.83158595511
41462803,37787.467858140895
42241403,64508.24670988999
44110202,35674.50578512596
40911000,20925.45903293178
42634002,83984.45759682603
47176201,79649.42092175168
45846201,65114.066470263
48457800,34748.12422858573
46941202,77147.36581082857
46154800,56686.858121429235
48538000,46747.25969361664
44956402,79353.66694354243
45340203,55066.70455823811
44633000,45472.22759505856
42478803,29560.198508431364
48781001,50003.089434671274
42454202,42875.126536413285
42435402,51657.84608652946
43751402,67075.92960948164
41126400,42910.229382133795
43900002,95486.43065713976
40834200,30282.75895719086
41523600,81155.3458488557
49864600,38625.25967315841
48966001,27883.189894832583
41493202,68724.98679903742
49379602,32336.23701157407
43815202,69766.76472015382
46742000,95484.10830528139
43430803,38430.61084836779
48323802,35178.41997039932
42293603,45813.76640734925
49778800,52323.87207219151
49359200,46982.00511578732
43424003,45635.59640892652
41373002,27697.087756947716
40813600,74007.95660433512
48201401,26343.30807197128
41630403,47882.26843519557
44746403,76183.66061839637
44695803,64747.449727523126
41332400,38638.595017140295
45221602,40029.0576724671
43606800,51825.053721779695
44181801,64516.14765932912
45105603,28227.037031197477
44839401,44300.256602413465
46167800,34941.95806512302
42846603,31723.124716048507
46914201,29282.756241840652
41854000,42930.36218306359
49816401,45235.61654030053
46697800,70214.39748899093
45523401,38165.282584865105
44642000,24161.364318668566
49403800,19072.2096482621
45711203,24702.12583611651
45394602,82642.24648636983
49902001,76112.85952138207
44055202,56269.60210111337
49840202,83523.38051749991
42948400,24895.877747675208
49292801,37003.26273573676
41820003,25138.353784128907
46536000,19049.43086497736
46615200,72662.63139387673
45111603,47387.28168688096
45382800,22050.272193572433
43858002,39172.43647658944
41590603,48552.009659360825
48954400,27303.235163341116
41263400,31798.716914574303
49096601,52191.43650801164
42744202,26184.60724865916
49025201,73559.74571622594
46264801,40140.66747752076
48768802,71820.22055531421
48676800,35457.520954803476
46282602,69305.80069857991
44708203,53338.92346195174
46178400,55978.228808235406
40817802,51394.20790073471
44308001,32691.134528892544
45072400,32046.967766364796
45648200,41322.64082329037
43279800,35518.821500853446
47036402,58599.92264916622
42952803,27265.39160790539
44974601,49157.0830125817
48749600,42747.164176319835
41144202,75747.73059214052
43278200,70353.58495722136
44320002,64708.19233640403
44022803,52552.372557995826
47084402,46447.07806445106
43158602,46864.51853722444
44923003,30634.274174823797
48373002,82243.50723292094
48100200,26848.994705391633
41545002,53941.76995600932
45075601,35787.37918126554
46442802,48247.23232881047
48492002,42251.67011862487
48339402,59006.30727802382
46280402,29999.262988885537
49119402,21650.529658710984
41733203,54562.80106518137
44852000,59653.49175990946
44005002,37961.786170859494
43252003,48680.46257457709
45849800,45120.84968877183
41504403,53079.40147281905
44132000,97793.59895459554
44912802,27485.644335848963
41275402,39362.75849287198
41564000,51995.945343946136
42798000,35306.87023872779
47384401,66229.56329172236
47118001,61644.81574678619
45404600,38729.96213326041
47692600,32883.26879110167
45227603,74401.4221854687
48438602,48326.282865644855
41875203,32381.554326114616
46184000,37813.31205704227
48406400,22347.870210799687
45345803,33229.05238256407
45761802,75505.66123612427
48936201,45580.331463627364
46257200,24396.786158515642
49008400,82711.82743918325
48466402,83583.20687929784
47798601,52096.40484842904
45845202,85827.42580136165
41511803,25593.942700763633
41317603,43633.437344765975
